contig	position	-3_event_level_mean	-3_event_stdv	-3_event_length	-3_standardized_level	-3_event_level_median	-3_event_stdv_median	-3_event_length_median	-3_diff_stdv	-2_event_level_mean	-2_event_stdv	-2_event_length	-2_standardized_level	-2_event_level_median	-2_event_stdv_median	-2_event_length_median	-2_diff_stdv	-1_event_level_mean	-1_event_stdv	-1_event_length	-1_standardized_level	-1_event_level_median	-1_event_stdv_median	-1_event_length_median	-1_diff_stdv	0_event_level_mean	0_event_stdv	0_event_length	0_standardized_level	0_event_level_median	0_event_stdv_median	0_event_length_median	0_diff_stdv	+1_event_level_mean	+1_event_stdv	+1_event_length	+1_standardized_level	+1_event_level_median	+1_event_stdv_median	+1_event_length_median	+1_diff_stdv	+2_event_level_mean	+2_event_stdv	+2_event_length	+2_standardized_level	+2_event_level_median	+2_event_stdv_median	+2_event_length_median	+2_diff_stdv	+3_event_level_mean	+3_event_stdv	+3_event_length	+3_standardized_level	+3_event_level_median	+3_event_stdv_median	+3_event_length_median	+3_diff_stdv	label
ENST00000416718.2	17	78.204	1.5350000000000001	0.005509999999999999	-0.31599999999999995	78.86	1.246	0.00531	-0.27934272300469476	73.43	2.509	0.00365	-0.94	73.43	2.509	0.00365	-0.35167958656330756	79.58500000000001	1.81825	0.00709625	-0.04999999999999999	80.19	1.75	0.00448	-0.4190894568690096	98.06	8.975	0.006805	-1.04	98.06	8.975	0.006805	1.727963525835866	65.92	2.158	0.00631	-0.82	65.92	2.158	0.00631	-0.08170212765957453	82.3175	1.59125	0.0077174999999999995	-0.085	82.51	1.651	0.0083	-0.39496197718631176	93.0611111111111	2.173684210526315	0.005201111111111111	0.44055555555555553	93.45	2.308	0.00398	-0.17350410246147707	0
ENST00000416718.2	18	73.43	2.509	0.00365	-0.94	73.43	2.509	0.00365	-0.35167958656330756	79.58500000000001	1.81825	0.00709625	-0.04999999999999999	80.19	1.75	0.00448	-0.4190894568690096	98.06	8.975	0.006805	-1.04	98.06	8.975	0.006805	1.727963525835866	65.92	2.158	0.00631	-0.82	65.92	2.158	0.00631	-0.08170212765957453	82.3175	1.59125	0.0077174999999999995	-0.085	82.51	1.651	0.0083	-0.39496197718631176	93.0611111111111	2.173684210526315	0.005201111111111111	0.44055555555555553	93.45	2.308	0.00398	-0.17350410246147707	90.7325	3.2005	0.0067225	-0.2675	90.53	3.5015	0.0071400000000000005	-0.43850877192982457	0
ENST00000416718.2	19	79.58500000000001	1.81825	0.00709625	-0.04999999999999999	80.19	1.75	0.00448	-0.4190894568690096	98.06	8.975	0.006805	-1.04	98.06	8.975	0.006805	1.727963525835866	65.92	2.158	0.00631	-0.82	65.92	2.158	0.00631	-0.08170212765957453	82.3175	1.59125	0.0077174999999999995	-0.085	82.51	1.651	0.0083	-0.39496197718631176	93.0611111111111	2.173684210526315	0.005201111111111111	0.44055555555555553	93.45	2.308	0.00398	-0.17350410246147707	90.7325	3.2005	0.0067225	-0.2675	90.53	3.5015	0.0071400000000000005	-0.43850877192982457	82.63499999999999	1.4969999999999999	0.007965	1.06	82.63499999999999	1.4969999999999999	0.007965	-0.3491304347826087	0
ENST00000416718.2	20	98.06	8.975	0.006805	-1.04	98.06	8.975	0.006805	1.727963525835866	65.92	2.158	0.00631	-0.82	65.92	2.158	0.00631	-0.08170212765957453	82.3175	1.59125	0.0077174999999999995	-0.085	82.51	1.651	0.0083	-0.39496197718631176	93.0611111111111	2.173684210526315	0.005201111111111111	0.44055555555555553	93.45	2.308	0.00398	-0.17350410246147707	90.7325	3.2005	0.0067225	-0.2675	90.53	3.5015	0.0071400000000000005	-0.43850877192982457	82.63499999999999	1.4969999999999999	0.007965	1.06	82.63499999999999	1.4969999999999999	0.007965	-0.3491304347826087	89.59714285714286	2.588142857142857	0.006022857142857142	0.8300000000000001	89.06	2.257	0.00531	0.21509054325955737	0
ENST00000416718.2	21	65.92	2.158	0.00631	-0.82	65.92	2.158	0.00631	-0.08170212765957453	82.3175	1.59125	0.0077174999999999995	-0.085	82.51	1.651	0.0083	-0.39496197718631176	93.0611111111111	2.173684210526315	0.005201111111111111	0.44055555555555553	93.45	2.308	0.00398	-0.17350410246147707	90.7325	3.2005	0.0067225	-0.2675	90.53	3.5015	0.0071400000000000005	-0.43850877192982457	82.63499999999999	1.4969999999999999	0.007965	1.06	82.63499999999999	1.4969999999999999	0.007965	-0.3491304347826087	89.59714285714286	2.588142857142857	0.006022857142857142	0.8300000000000001	89.06	2.257	0.00531	0.21509054325955737	76.24666666666667	2.533	0.004203333333333333	1.24	85.82	3.012	0.00398	-0.5966560509554141	0
ENST00000416718.2	22	82.3175	1.59125	0.0077174999999999995	-0.085	82.51	1.651	0.0083	-0.39496197718631176	93.0611111111111	2.173684210526315	0.005201111111111111	0.44055555555555553	93.45	2.308	0.00398	-0.17350410246147707	90.7325	3.2005	0.0067225	-0.2675	90.53	3.5015	0.0071400000000000005	-0.43850877192982457	82.63499999999999	1.4969999999999999	0.007965	1.06	82.63499999999999	1.4969999999999999	0.007965	-0.3491304347826087	89.59714285714286	2.588142857142857	0.006022857142857142	0.8300000000000001	89.06	2.257	0.00531	0.21509054325955737	76.24666666666667	2.533	0.004203333333333333	1.24	85.82	3.012	0.00398	-0.5966560509554141	85.745	2.271	0.004314999999999999	-0.265	85.745	2.271	0.004314999999999999	-0.13650190114068442	0
ENST00000416718.2	23	93.0611111111111	2.173684210526315	0.005201111111111111	0.44055555555555553	93.45	2.308	0.00398	-0.17350410246147707	90.7325	3.2005	0.0067225	-0.2675	90.53	3.5015	0.0071400000000000005	-0.43850877192982457	82.63499999999999	1.4969999999999999	0.007965	1.06	82.63499999999999	1.4969999999999999	0.007965	-0.3491304347826087	89.59714285714286	2.588142857142857	0.006022857142857142	0.8300000000000001	89.06	2.257	0.00531	0.21509054325955737	76.24666666666667	2.533	0.004203333333333333	1.24	85.82	3.012	0.00398	-0.5966560509554141	85.745	2.271	0.004314999999999999	-0.265	85.745	2.271	0.004314999999999999	-0.13650190114068442	84.0975	2.41	0.006724999999999999	-1.025	85.65	1.963	0.007469999999999999	-0.6162420382165605	0
ENST00000416718.2	24	90.7325	3.2005	0.0067225	-0.2675	90.53	3.5015	0.0071400000000000005	-0.43850877192982457	82.63499999999999	1.4969999999999999	0.007965	1.06	82.63499999999999	1.4969999999999999	0.007965	-0.3491304347826087	89.59714285714286	2.588142857142857	0.006022857142857142	0.8300000000000001	89.06	2.257	0.00531	0.21509054325955737	76.24666666666667	2.533	0.004203333333333333	1.24	85.82	3.012	0.00398	-0.5966560509554141	85.745	2.271	0.004314999999999999	-0.265	85.745	2.271	0.004314999999999999	-0.13650190114068442	84.0975	2.41	0.006724999999999999	-1.025	85.65	1.963	0.007469999999999999	-0.6162420382165605	93.81000000000002	2.404	0.008409999999999999	0.003333333333333355	94.17	2.346	0.00614	-0.364021164021164	0
ENST00000416718.2	25	82.63499999999999	1.4969999999999999	0.007965	1.06	82.63499999999999	1.4969999999999999	0.007965	-0.3491304347826087	89.59714285714286	2.588142857142857	0.006022857142857142	0.8300000000000001	89.06	2.257	0.00531	0.21509054325955737	76.24666666666667	2.533	0.004203333333333333	1.24	85.82	3.012	0.00398	-0.5966560509554141	85.745	2.271	0.004314999999999999	-0.265	85.745	2.271	0.004314999999999999	-0.13650190114068442	84.0975	2.41	0.006724999999999999	-1.025	85.65	1.963	0.007469999999999999	-0.6162420382165605	93.81000000000002	2.404	0.008409999999999999	0.003333333333333355	94.17	2.346	0.00614	-0.364021164021164	126.91333333333334	3.1663333333333337	0.0056433333333333335	1.4900000000000002	126.86	2.882	0.00564	-0.21430934656741105	0
ENST00000416718.2	26	89.59714285714286	2.588142857142857	0.006022857142857142	0.8300000000000001	89.06	2.257	0.00531	0.21509054325955737	76.24666666666667	2.533	0.004203333333333333	1.24	85.82	3.012	0.00398	-0.5966560509554141	85.745	2.271	0.004314999999999999	-0.265	85.745	2.271	0.004314999999999999	-0.13650190114068442	84.0975	2.41	0.006724999999999999	-1.025	85.65	1.963	0.007469999999999999	-0.6162420382165605	93.81000000000002	2.404	0.008409999999999999	0.003333333333333355	94.17	2.346	0.00614	-0.364021164021164	126.91333333333334	3.1663333333333337	0.0056433333333333335	1.4900000000000002	126.86	2.882	0.00564	-0.21430934656741105	122.1525	8.753	0.00307	-0.11250000000000002	124.015	9.9885	0.00249	0.02254672897196257	0
ENST00000416718.2	27	76.24666666666667	2.533	0.004203333333333333	1.24	85.82	3.012	0.00398	-0.5966560509554141	85.745	2.271	0.004314999999999999	-0.265	85.745	2.271	0.004314999999999999	-0.13650190114068442	84.0975	2.41	0.006724999999999999	-1.025	85.65	1.963	0.007469999999999999	-0.6162420382165605	93.81000000000002	2.404	0.008409999999999999	0.003333333333333355	94.17	2.346	0.00614	-0.364021164021164	126.91333333333334	3.1663333333333337	0.0056433333333333335	1.4900000000000002	126.86	2.882	0.00564	-0.21430934656741105	122.1525	8.753	0.00307	-0.11250000000000002	124.015	9.9885	0.00249	0.02254672897196257	91.25333333333333	1.2706666666666666	0.005863333333333332	0.6	91.11	1.462	0.00697	-0.5820175438596491	0
ENST00000416718.2	28	85.745	2.271	0.004314999999999999	-0.265	85.745	2.271	0.004314999999999999	-0.13650190114068442	84.0975	2.41	0.006724999999999999	-1.025	85.65	1.963	0.007469999999999999	-0.6162420382165605	93.81000000000002	2.404	0.008409999999999999	0.003333333333333355	94.17	2.346	0.00614	-0.364021164021164	126.91333333333334	3.1663333333333337	0.0056433333333333335	1.4900000000000002	126.86	2.882	0.00564	-0.21430934656741105	122.1525	8.753	0.00307	-0.11250000000000002	124.015	9.9885	0.00249	0.02254672897196257	91.25333333333333	1.2706666666666666	0.005863333333333332	0.6	91.11	1.462	0.00697	-0.5820175438596491	104.58500000000001	2.3745000000000003	0.005974999999999999	-0.0050000000000000044	104.58500000000001	2.3745000000000003	0.005974999999999999	-0.11399253731343278	0
ENST00000416718.2	29	84.0975	2.41	0.006724999999999999	-1.025	85.65	1.963	0.007469999999999999	-0.6162420382165605	93.81000000000002	2.404	0.008409999999999999	0.003333333333333355	94.17	2.346	0.00614	-0.364021164021164	126.91333333333334	3.1663333333333337	0.0056433333333333335	1.4900000000000002	126.86	2.882	0.00564	-0.21430934656741105	122.1525	8.753	0.00307	-0.11250000000000002	124.015	9.9885	0.00249	0.02254672897196257	91.25333333333333	1.2706666666666666	0.005863333333333332	0.6	91.11	1.462	0.00697	-0.5820175438596491	104.58500000000001	2.3745000000000003	0.005974999999999999	-0.0050000000000000044	104.58500000000001	2.3745000000000003	0.005974999999999999	-0.11399253731343278	107.12	3.010666666666667	0.017153333333333333	-0.20000000000000004	106.56	2.811	0.0176	0.12338308457711442	0
ENST00000416718.2	30	93.81000000000002	2.404	0.008409999999999999	0.003333333333333355	94.17	2.346	0.00614	-0.364021164021164	126.91333333333334	3.1663333333333337	0.0056433333333333335	1.4900000000000002	126.86	2.882	0.00564	-0.21430934656741105	122.1525	8.753	0.00307	-0.11250000000000002	124.015	9.9885	0.00249	0.02254672897196257	91.25333333333333	1.2706666666666666	0.005863333333333332	0.6	91.11	1.462	0.00697	-0.5820175438596491	104.58500000000001	2.3745000000000003	0.005974999999999999	-0.0050000000000000044	104.58500000000001	2.3745000000000003	0.005974999999999999	-0.11399253731343278	107.12	3.010666666666667	0.017153333333333333	-0.20000000000000004	106.56	2.811	0.0176	0.12338308457711442	100.39500000000001	4.39725	0.0127	0.11000000000000003	99.415	4.5634999999999994	0.012119999999999999	0.2745652173913042	0
ENST00000416718.2	31	126.91333333333334	3.1663333333333337	0.0056433333333333335	1.4900000000000002	126.86	2.882	0.00564	-0.21430934656741105	122.1525	8.753	0.00307	-0.11250000000000002	124.015	9.9885	0.00249	0.02254672897196257	91.25333333333333	1.2706666666666666	0.005863333333333332	0.6	91.11	1.462	0.00697	-0.5820175438596491	104.58500000000001	2.3745000000000003	0.005974999999999999	-0.0050000000000000044	104.58500000000001	2.3745000000000003	0.005974999999999999	-0.11399253731343278	107.12	3.010666666666667	0.017153333333333333	-0.20000000000000004	106.56	2.811	0.0176	0.12338308457711442	100.39500000000001	4.39725	0.0127	0.11000000000000003	99.415	4.5634999999999994	0.012119999999999999	0.2745652173913042	83.58666666666666	2.982333333333333	0.007966666666666667	-0.23	84.49	3.102	0.0073	0.061328588374851604	0
ENST00000416718.2	50	72.2	2.918	0.00531	2.62	72.2	2.918	0.00531	0.40966183574879245	62.52	2.015	0.00863	-0.73	62.52	2.015	0.00863	-0.02657004830917861	72.935	1.3459166666666667	0.0051175	0.9825	73.195	1.2945	0.005145	-0.4272695035460993	85.50666666666666	1.3596666666666668	0.005866666666666667	0.7966666666666665	84.62	1.455	0.00432	-0.48301647655259816	91.65181818181819	2.2635454545454547	0.0055527272727272725	0.06363636363636366	91.08	1.834	0.00498	-0.2554126794258373	96.13000000000001	4.6513	0.008697	0.595	95.345	4.266	0.007469999999999999	0.34820289855072456	86.442	4.142999999999999	0.004782	-0.013999999999999924	85.69	4.311	0.00432	0.3028301886792449	0
ENST00000416718.2	53	85.50666666666666	1.3596666666666668	0.005866666666666667	0.7966666666666665	84.62	1.455	0.00432	-0.48301647655259816	91.65181818181819	2.2635454545454547	0.0055527272727272725	0.06363636363636366	91.08	1.834	0.00498	-0.2554126794258373	96.13000000000001	4.6513	0.008697	0.595	95.345	4.266	0.007469999999999999	0.34820289855072456	86.442	4.142999999999999	0.004782	-0.013999999999999924	85.69	4.311	0.00432	0.3028301886792449	80.00285714285714	6.2534285714285724	0.008535714285714285	-0.5757142857142857	84.61	7.179	0.00598	0.22857142857142881	85.06800000000001	5.4842	0.0087	-0.348	91.59	5.361	0.00398	-0.30048469387755095	107.875	4.4125000000000005	0.0045650000000000005	-1.0199999999999998	108.75	4.593500000000001	0.00415	0.08950617283950635	1
ENST00000416718.2	54	91.65181818181819	2.2635454545454547	0.0055527272727272725	0.06363636363636366	91.08	1.834	0.00498	-0.2554126794258373	96.13000000000001	4.6513	0.008697	0.595	95.345	4.266	0.007469999999999999	0.34820289855072456	86.442	4.142999999999999	0.004782	-0.013999999999999924	85.69	4.311	0.00432	0.3028301886792449	80.00285714285714	6.2534285714285724	0.008535714285714285	-0.5757142857142857	84.61	7.179	0.00598	0.22857142857142881	85.06800000000001	5.4842	0.0087	-0.348	91.59	5.361	0.00398	-0.30048469387755095	107.875	4.4125000000000005	0.0045650000000000005	-1.0199999999999998	108.75	4.593500000000001	0.00415	0.08950617283950635	117.023	6.2566999999999995	0.008697	0.59	117.29499999999999	5.835	0.00365	0.5448641975308641	1
ENST00000416718.2	55	96.13000000000001	4.6513	0.008697	0.595	95.345	4.266	0.007469999999999999	0.34820289855072456	86.442	4.142999999999999	0.004782	-0.013999999999999924	85.69	4.311	0.00432	0.3028301886792449	80.00285714285714	6.2534285714285724	0.008535714285714285	-0.5757142857142857	84.61	7.179	0.00598	0.22857142857142881	85.06800000000001	5.4842	0.0087	-0.348	91.59	5.361	0.00398	-0.30048469387755095	107.875	4.4125000000000005	0.0045650000000000005	-1.0199999999999998	108.75	4.593500000000001	0.00415	0.08950617283950635	117.023	6.2566999999999995	0.008697	0.59	117.29499999999999	5.835	0.00365	0.5448641975308641	110.42333333333333	5.642	0.00985	0.8466666666666667	107.97	5.87	0.00564	0.06252354048964233	1
ENST00000416718.2	56	86.442	4.142999999999999	0.004782	-0.013999999999999924	85.69	4.311	0.00432	0.3028301886792449	80.00285714285714	6.2534285714285724	0.008535714285714285	-0.5757142857142857	84.61	7.179	0.00598	0.22857142857142881	85.06800000000001	5.4842	0.0087	-0.348	91.59	5.361	0.00398	-0.30048469387755095	107.875	4.4125000000000005	0.0045650000000000005	-1.0199999999999998	108.75	4.593500000000001	0.00415	0.08950617283950635	117.023	6.2566999999999995	0.008697	0.59	117.29499999999999	5.835	0.00365	0.5448641975308641	110.42333333333333	5.642	0.00985	0.8466666666666667	107.97	5.87	0.00564	0.06252354048964233	103.42	8.7455	0.01029	-0.35000000000000003	103.42	8.7455	0.01029	1.658206686930091	1
ENST00000416718.2	57	80.00285714285714	6.2534285714285724	0.008535714285714285	-0.5757142857142857	84.61	7.179	0.00598	0.22857142857142881	85.06800000000001	5.4842	0.0087	-0.348	91.59	5.361	0.00398	-0.30048469387755095	107.875	4.4125000000000005	0.0045650000000000005	-1.0199999999999998	108.75	4.593500000000001	0.00415	0.08950617283950635	117.023	6.2566999999999995	0.008697	0.59	117.29499999999999	5.835	0.00365	0.5448641975308641	110.42333333333333	5.642	0.00985	0.8466666666666667	107.97	5.87	0.00564	0.06252354048964233	103.42	8.7455	0.01029	-0.35000000000000003	103.42	8.7455	0.01029	1.658206686930091	67.3475	1.5015	0.006639999999999999	0.37	67.33500000000001	1.5419999999999998	0.00465	-0.2746376811594202	0
ENST00000416718.2	58	85.06800000000001	5.4842	0.0087	-0.348	91.59	5.361	0.00398	-0.30048469387755095	107.875	4.4125000000000005	0.0045650000000000005	-1.0199999999999998	108.75	4.593500000000001	0.00415	0.08950617283950635	117.023	6.2566999999999995	0.008697	0.59	117.29499999999999	5.835	0.00365	0.5448641975308641	110.42333333333333	5.642	0.00985	0.8466666666666667	107.97	5.87	0.00564	0.06252354048964233	103.42	8.7455	0.01029	-0.35000000000000003	103.42	8.7455	0.01029	1.658206686930091	67.3475	1.5015	0.006639999999999999	0.37	67.33500000000001	1.5419999999999998	0.00465	-0.2746376811594202	69.02	1.54	0.01494	0.09	69.02	1.54	0.01494	-0.3446808510638298	0
ENST00000416718.2	59	107.875	4.4125000000000005	0.0045650000000000005	-1.0199999999999998	108.75	4.593500000000001	0.00415	0.08950617283950635	117.023	6.2566999999999995	0.008697	0.59	117.29499999999999	5.835	0.00365	0.5448641975308641	110.42333333333333	5.642	0.00985	0.8466666666666667	107.97	5.87	0.00564	0.06252354048964233	103.42	8.7455	0.01029	-0.35000000000000003	103.42	8.7455	0.01029	1.658206686930091	67.3475	1.5015	0.006639999999999999	0.37	67.33500000000001	1.5419999999999998	0.00465	-0.2746376811594202	69.02	1.54	0.01494	0.09	69.02	1.54	0.01494	-0.3446808510638298	74.48800000000001	1.0708	0.007968000000000001	-0.196	72.61	1.045	0.0073	-0.624280701754386	0
ENST00000416718.2	60	117.023	6.2566999999999995	0.008697	0.59	117.29499999999999	5.835	0.00365	0.5448641975308641	110.42333333333333	5.642	0.00985	0.8466666666666667	107.97	5.87	0.00564	0.06252354048964233	103.42	8.7455	0.01029	-0.35000000000000003	103.42	8.7455	0.01029	1.658206686930091	67.3475	1.5015	0.006639999999999999	0.37	67.33500000000001	1.5419999999999998	0.00465	-0.2746376811594202	69.02	1.54	0.01494	0.09	69.02	1.54	0.01494	-0.3446808510638298	74.48800000000001	1.0708	0.007968000000000001	-0.196	72.61	1.045	0.0073	-0.624280701754386	77.88791666666667	1.136304347826087	0.005109130434782609	0.165	77.765	1.1735	0.00498	-0.45106070153329125	0
ENST00000416718.2	67	69.56750000000001	1.23225	0.0078	-1.645	69.96000000000001	1.2435	0.007135	-0.5676315789473684	76.974	1.4228	0.00385	-0.17399999999999993	77.55	1.52	0.00332	-0.38139130434782603	91.268125	2.1281250000000003	0.007138125	0.113125	91.22	2.1025	0.00598	-0.5819007858546168	106.05375	2.248875	0.00726125	0.48374999999999996	106.075	2.1455	0.004315	-0.25533940397350996	109.77333333333333	3.5233333333333334	0.013276666666666666	-0.33666666666666667	109.55	3.845	0.01228	0.07092198581560286	77.52	7.516	0.00498	3.71	77.52	7.516	0.00498	2.6309178743961352	70.29499999999999	2.697	0.012115	0.47	70.29499999999999	2.697	0.012115	0.1476595744680851	1
ENST00000416718.2	68	76.974	1.4228	0.00385	-0.17399999999999993	77.55	1.52	0.00332	-0.38139130434782603	91.268125	2.1281250000000003	0.007138125	0.113125	91.22	2.1025	0.00598	-0.5819007858546168	106.05375	2.248875	0.00726125	0.48374999999999996	106.075	2.1455	0.004315	-0.25533940397350996	109.77333333333333	3.5233333333333334	0.013276666666666666	-0.33666666666666667	109.55	3.845	0.01228	0.07092198581560286	77.52	7.516	0.00498	3.71	77.52	7.516	0.00498	2.6309178743961352	70.29499999999999	2.697	0.012115	0.47	70.29499999999999	2.697	0.012115	0.1476595744680851	71.72333333333333	1.7926666666666666	0.01195	-0.18000000000000002	71.79	1.327	0.01461	-0.37099415204678365	1
ENST00000416718.2	71	109.77333333333333	3.5233333333333334	0.013276666666666666	-0.33666666666666667	109.55	3.845	0.01228	0.07092198581560286	77.52	7.516	0.00498	3.71	77.52	7.516	0.00498	2.6309178743961352	70.29499999999999	2.697	0.012115	0.47	70.29499999999999	2.697	0.012115	0.1476595744680851	71.72333333333333	1.7926666666666666	0.01195	-0.18000000000000002	71.79	1.327	0.01461	-0.37099415204678365	71.82333333333332	1.0856666666666668	0.004203333333333333	0.12333333333333331	70.39	0.802	0.00332	-0.5279710144927535	71.99	1.3413333333333333	0.010293333333333333	0.5166666666666666	74.79	1.348	0.00963	-0.4292198581560284	84.32249999999999	1.298625	0.00551875	0.47875	84.925	1.3860000000000001	0.004815	-0.5062262357414449	0
ENST00000416718.2	76	71.99	1.3413333333333333	0.010293333333333333	0.5166666666666666	74.79	1.348	0.00963	-0.4292198581560284	84.32249999999999	1.298625	0.00551875	0.47875	84.925	1.3860000000000001	0.004815	-0.5062262357414449	93.75	1.3980000000000001	0.00747	-0.75	93.75	1.3980000000000001	0.00747	-0.5401315789473684	109.46333333333332	2.776666666666667	0.009626666666666667	-0.23	103.61	2.768	0.00996	-0.10718113612004278	80.57	2.448	0.00564	-0.89	80.57	2.448	0.00564	-0.3674418604651163	97.1	3.899	0.00531	0.46	97.1	3.899	0.00531	-0.13162583518930962	105.365625	3.8840000000000003	0.007013125	0.9299999999999999	110.435	3.2245	0.00465	-0.18914405010438406	1
ENST00000416718.2	77	84.32249999999999	1.298625	0.00551875	0.47875	84.925	1.3860000000000001	0.004815	-0.5062262357414449	93.75	1.3980000000000001	0.00747	-0.75	93.75	1.3980000000000001	0.00747	-0.5401315789473684	109.46333333333332	2.776666666666667	0.009626666666666667	-0.23	103.61	2.768	0.00996	-0.10718113612004278	80.57	2.448	0.00564	-0.89	80.57	2.448	0.00564	-0.3674418604651163	97.1	3.899	0.00531	0.46	97.1	3.899	0.00531	-0.13162583518930962	105.365625	3.8840000000000003	0.007013125	0.9299999999999999	110.435	3.2245	0.00465	-0.18914405010438406	77.67333333333333	3.408	0.0029866666666666665	-0.5766666666666667	76.73	3.242	0.00299	0.2128113879003558	1
ENST00000416718.2	78	93.75	1.3980000000000001	0.00747	-0.75	93.75	1.3980000000000001	0.00747	-0.5401315789473684	109.46333333333332	2.776666666666667	0.009626666666666667	-0.23	103.61	2.768	0.00996	-0.10718113612004278	80.57	2.448	0.00564	-0.89	80.57	2.448	0.00564	-0.3674418604651163	97.1	3.899	0.00531	0.46	97.1	3.899	0.00531	-0.13162583518930962	105.365625	3.8840000000000003	0.007013125	0.9299999999999999	110.435	3.2245	0.00465	-0.18914405010438406	77.67333333333333	3.408	0.0029866666666666665	-0.5766666666666667	76.73	3.242	0.00299	0.2128113879003558	70.475	1.9815	0.010455	0.2750000000000001	70.475	1.9815	0.010455	-0.1568085106382979	1
ENST00000416718.2	79	109.46333333333332	2.776666666666667	0.009626666666666667	-0.23	103.61	2.768	0.00996	-0.10718113612004278	80.57	2.448	0.00564	-0.89	80.57	2.448	0.00564	-0.3674418604651163	97.1	3.899	0.00531	0.46	97.1	3.899	0.00531	-0.13162583518930962	105.365625	3.8840000000000003	0.007013125	0.9299999999999999	110.435	3.2245	0.00465	-0.18914405010438406	77.67333333333333	3.408	0.0029866666666666665	-0.5766666666666667	76.73	3.242	0.00299	0.2128113879003558	70.475	1.9815	0.010455	0.2750000000000001	70.475	1.9815	0.010455	-0.1568085106382979	70.08250000000001	1.213	0.00307	-0.5875	70.66499999999999	1.31	0.00249	-0.5743859649122807	1
ENST00000416718.2	80	80.57	2.448	0.00564	-0.89	80.57	2.448	0.00564	-0.3674418604651163	97.1	3.899	0.00531	0.46	97.1	3.899	0.00531	-0.13162583518930962	105.365625	3.8840000000000003	0.007013125	0.9299999999999999	110.435	3.2245	0.00465	-0.18914405010438406	77.67333333333333	3.408	0.0029866666666666665	-0.5766666666666667	76.73	3.242	0.00299	0.2128113879003558	70.475	1.9815	0.010455	0.2750000000000001	70.475	1.9815	0.010455	-0.1568085106382979	70.08250000000001	1.213	0.00307	-0.5875	70.66499999999999	1.31	0.00249	-0.5743859649122807	71.3725	1.422	0.0037324999999999997	0.32750000000000007	71.74000000000001	1.262	0.0026550000000000002	-0.3817391304347826	1
ENST00000416718.2	81	97.1	3.899	0.00531	0.46	97.1	3.899	0.00531	-0.13162583518930962	105.365625	3.8840000000000003	0.007013125	0.9299999999999999	110.435	3.2245	0.00465	-0.18914405010438406	77.67333333333333	3.408	0.0029866666666666665	-0.5766666666666667	76.73	3.242	0.00299	0.2128113879003558	70.475	1.9815	0.010455	0.2750000000000001	70.475	1.9815	0.010455	-0.1568085106382979	70.08250000000001	1.213	0.00307	-0.5875	70.66499999999999	1.31	0.00249	-0.5743859649122807	71.3725	1.422	0.0037324999999999997	0.32750000000000007	71.74000000000001	1.262	0.0026550000000000002	-0.3817391304347826	80.13	1.9157499999999998	0.0046475	0.9450000000000001	80.32499999999999	1.972	0.00332	-0.3108812949640288	1
ENST00000416718.2	83	77.67333333333333	3.408	0.0029866666666666665	-0.5766666666666667	76.73	3.242	0.00299	0.2128113879003558	70.475	1.9815	0.010455	0.2750000000000001	70.475	1.9815	0.010455	-0.1568085106382979	70.08250000000001	1.213	0.00307	-0.5875	70.66499999999999	1.31	0.00249	-0.5743859649122807	71.3725	1.422	0.0037324999999999997	0.32750000000000007	71.74000000000001	1.262	0.0026550000000000002	-0.3817391304347826	80.13	1.9157499999999998	0.0046475	0.9450000000000001	80.32499999999999	1.972	0.00332	-0.3108812949640288	95.05000000000001	2.9055	0.006363333333333333	-0.015000000000000013	94.89500000000001	2.731	0.00498	-0.416566265060241	100.74000000000001	2.8320000000000003	0.009406666666666666	-0.4466666666666666	98.01	2.657	0.00863	-0.46666666666666656	1
ENST00000416718.2	84	70.475	1.9815	0.010455	0.2750000000000001	70.475	1.9815	0.010455	-0.1568085106382979	70.08250000000001	1.213	0.00307	-0.5875	70.66499999999999	1.31	0.00249	-0.5743859649122807	71.3725	1.422	0.0037324999999999997	0.32750000000000007	71.74000000000001	1.262	0.0026550000000000002	-0.3817391304347826	80.13	1.9157499999999998	0.0046475	0.9450000000000001	80.32499999999999	1.972	0.00332	-0.3108812949640288	95.05000000000001	2.9055	0.006363333333333333	-0.015000000000000013	94.89500000000001	2.731	0.00498	-0.416566265060241	100.74000000000001	2.8320000000000003	0.009406666666666666	-0.4466666666666666	98.01	2.657	0.00863	-0.46666666666666656	103.49333333333334	7.277833333333334	0.0071383333333333325	-0.36000000000000004	105.69999999999999	7.745	0.006975	1.2121073961499493	1
ENST00000416718.2	105	79.10666666666667	1.4738333333333333	0.007523333333333333	0.3666666666666667	79.91	1.5075	0.00614	-0.2880032206119162	75.19347826086958	1.092272727272727	0.00476909090909091	-0.6569565217391304	74.53	0.967	0.00365	-0.5250988142292491	79.855	1.05375	0.00473	0.15125	79.945	0.8755	0.00415	-0.4394946808510638	81.11500000000001	0.901	0.00398	-1.045	81.11500000000001	0.901	0.00398	-0.6699633699633699	81.66499999999999	1.3255	0.005315	0.365	81.66499999999999	1.3255	0.005315	-0.45227272727272727	74.60857142857144	1.214735294117647	0.005472727272727273	0.13571428571428573	74.65	1.195	0.00498	-0.4131713554987212	63.47857142857142	2.1354285714285712	0.011099999999999999	0.38	69.72	1.349	0.01162	-0.07155279503105591	0
ENST00000416718.2	106	75.19347826086958	1.092272727272727	0.00476909090909091	-0.6569565217391304	74.53	0.967	0.00365	-0.5250988142292491	79.855	1.05375	0.00473	0.15125	79.945	0.8755	0.00415	-0.4394946808510638	81.11500000000001	0.901	0.00398	-1.045	81.11500000000001	0.901	0.00398	-0.6699633699633699	81.66499999999999	1.3255	0.005315	0.365	81.66499999999999	1.3255	0.005315	-0.45227272727272727	74.60857142857144	1.214735294117647	0.005472727272727273	0.13571428571428573	74.65	1.195	0.00498	-0.4131713554987212	63.47857142857142	2.1354285714285712	0.011099999999999999	0.38	69.72	1.349	0.01162	-0.07155279503105591	72.43090909090908	1.0928636363636361	0.008390454545454545	-0.1631818181818182	72.69	1.0715	0.007305	-0.48205514864282645	0
ENST00000416718.2	107	79.855	1.05375	0.00473	0.15125	79.945	0.8755	0.00415	-0.4394946808510638	81.11500000000001	0.901	0.00398	-1.045	81.11500000000001	0.901	0.00398	-0.6699633699633699	81.66499999999999	1.3255	0.005315	0.365	81.66499999999999	1.3255	0.005315	-0.45227272727272727	74.60857142857144	1.214735294117647	0.005472727272727273	0.13571428571428573	74.65	1.195	0.00498	-0.4131713554987212	63.47857142857142	2.1354285714285712	0.011099999999999999	0.38	69.72	1.349	0.01162	-0.07155279503105591	72.43090909090908	1.0928636363636361	0.008390454545454545	-0.1631818181818182	72.69	1.0715	0.007305	-0.48205514864282645	78.51599999999999	1.4739999999999998	0.005976	0.26000000000000006	78.19	1.465	0.00432	-0.21595744680851073	0
ENST00000416718.2	108	81.11500000000001	0.901	0.00398	-1.045	81.11500000000001	0.901	0.00398	-0.6699633699633699	81.66499999999999	1.3255	0.005315	0.365	81.66499999999999	1.3255	0.005315	-0.45227272727272727	74.60857142857144	1.214735294117647	0.005472727272727273	0.13571428571428573	74.65	1.195	0.00498	-0.4131713554987212	63.47857142857142	2.1354285714285712	0.011099999999999999	0.38	69.72	1.349	0.01162	-0.07155279503105591	72.43090909090908	1.0928636363636361	0.008390454545454545	-0.1631818181818182	72.69	1.0715	0.007305	-0.48205514864282645	78.51599999999999	1.4739999999999998	0.005976	0.26000000000000006	78.19	1.465	0.00432	-0.21595744680851073	88.91545454545455	1.7949166666666667	0.007193333333333334	0.905	87.055	1.7725	0.005645	-0.3425213675213675	0
ENST00000416718.2	109	81.66499999999999	1.3255	0.005315	0.365	81.66499999999999	1.3255	0.005315	-0.45227272727272727	74.60857142857144	1.214735294117647	0.005472727272727273	0.13571428571428573	74.65	1.195	0.00498	-0.4131713554987212	63.47857142857142	2.1354285714285712	0.011099999999999999	0.38	69.72	1.349	0.01162	-0.07155279503105591	72.43090909090908	1.0928636363636361	0.008390454545454545	-0.1631818181818182	72.69	1.0715	0.007305	-0.48205514864282645	78.51599999999999	1.4739999999999998	0.005976	0.26000000000000006	78.19	1.465	0.00432	-0.21595744680851073	88.91545454545455	1.7949166666666667	0.007193333333333334	0.905	87.055	1.7725	0.005645	-0.3425213675213675	85.41	1.8085	0.005475	1.23	85.41	1.8085	0.005475	-0.3654385964912281	0
ENST00000416718.2	110	74.60857142857144	1.214735294117647	0.005472727272727273	0.13571428571428573	74.65	1.195	0.00498	-0.4131713554987212	63.47857142857142	2.1354285714285712	0.011099999999999999	0.38	69.72	1.349	0.01162	-0.07155279503105591	72.43090909090908	1.0928636363636361	0.008390454545454545	-0.1631818181818182	72.69	1.0715	0.007305	-0.48205514864282645	78.51599999999999	1.4739999999999998	0.005976	0.26000000000000006	78.19	1.465	0.00432	-0.21595744680851073	88.91545454545455	1.7949166666666667	0.007193333333333334	0.905	87.055	1.7725	0.005645	-0.3425213675213675	85.41	1.8085	0.005475	1.23	85.41	1.8085	0.005475	-0.3654385964912281	63.849999999999994	1.93225	0.0078024999999999995	-1.75625	64.23	1.4595	0.00498	-0.159891304347826	0
ENST00000416718.2	111	63.47857142857142	2.1354285714285712	0.011099999999999999	0.38	69.72	1.349	0.01162	-0.07155279503105591	72.43090909090908	1.0928636363636361	0.008390454545454545	-0.1631818181818182	72.69	1.0715	0.007305	-0.48205514864282645	78.51599999999999	1.4739999999999998	0.005976	0.26000000000000006	78.19	1.465	0.00432	-0.21595744680851073	88.91545454545455	1.7949166666666667	0.007193333333333334	0.905	87.055	1.7725	0.005645	-0.3425213675213675	85.41	1.8085	0.005475	1.23	85.41	1.8085	0.005475	-0.3654385964912281	63.849999999999994	1.93225	0.0078024999999999995	-1.75625	64.23	1.4595	0.00498	-0.159891304347826	72.79928571428572	1.7869285714285712	0.009177142857142856	-0.0007142857142857269	73.035	1.931	0.005974999999999999	-0.15311442112389986	0
ENST00000416718.2	112	72.43090909090908	1.0928636363636361	0.008390454545454545	-0.1631818181818182	72.69	1.0715	0.007305	-0.48205514864282645	78.51599999999999	1.4739999999999998	0.005976	0.26000000000000006	78.19	1.465	0.00432	-0.21595744680851073	88.91545454545455	1.7949166666666667	0.007193333333333334	0.905	87.055	1.7725	0.005645	-0.3425213675213675	85.41	1.8085	0.005475	1.23	85.41	1.8085	0.005475	-0.3654385964912281	63.849999999999994	1.93225	0.0078024999999999995	-1.75625	64.23	1.4595	0.00498	-0.159891304347826	72.79928571428572	1.7869285714285712	0.009177142857142856	-0.0007142857142857269	73.035	1.931	0.005974999999999999	-0.15311442112389986	77.862	2.2062	0.008964	0.86	76.99	2.327	0.00797	0.1735106382978724	0
ENST00000416718.2	113	78.51599999999999	1.4739999999999998	0.005976	0.26000000000000006	78.19	1.465	0.00432	-0.21595744680851073	88.91545454545455	1.7949166666666667	0.007193333333333334	0.905	87.055	1.7725	0.005645	-0.3425213675213675	85.41	1.8085	0.005475	1.23	85.41	1.8085	0.005475	-0.3654385964912281	63.849999999999994	1.93225	0.0078024999999999995	-1.75625	64.23	1.4595	0.00498	-0.159891304347826	72.79928571428572	1.7869285714285712	0.009177142857142856	-0.0007142857142857269	73.035	1.931	0.005974999999999999	-0.15311442112389986	77.862	2.2062	0.008964	0.86	76.99	2.327	0.00797	0.1735106382978724	85.28999999999999	1.7165	0.007554999999999999	0.815	86.505	1.752	0.00631	-0.46022012578616356	0
ENST00000416718.2	114	88.91545454545455	1.7949166666666667	0.007193333333333334	0.905	87.055	1.7725	0.005645	-0.3425213675213675	85.41	1.8085	0.005475	1.23	85.41	1.8085	0.005475	-0.3654385964912281	63.849999999999994	1.93225	0.0078024999999999995	-1.75625	64.23	1.4595	0.00498	-0.159891304347826	72.79928571428572	1.7869285714285712	0.009177142857142856	-0.0007142857142857269	73.035	1.931	0.005974999999999999	-0.15311442112389986	77.862	2.2062	0.008964	0.86	76.99	2.327	0.00797	0.1735106382978724	85.28999999999999	1.7165	0.007554999999999999	0.815	86.505	1.752	0.00631	-0.46022012578616356	79.66125	2.4898749999999996	0.00879875	-0.30250000000000005	78.72	2.351	0.00747	-0.1755380794701988	0
ENST00000416718.2	115	85.41	1.8085	0.005475	1.23	85.41	1.8085	0.005475	-0.3654385964912281	63.849999999999994	1.93225	0.0078024999999999995	-1.75625	64.23	1.4595	0.00498	-0.159891304347826	72.79928571428572	1.7869285714285712	0.009177142857142856	-0.0007142857142857269	73.035	1.931	0.005974999999999999	-0.15311442112389986	77.862	2.2062	0.008964	0.86	76.99	2.327	0.00797	0.1735106382978724	85.28999999999999	1.7165	0.007554999999999999	0.815	86.505	1.752	0.00631	-0.46022012578616356	79.66125	2.4898749999999996	0.00879875	-0.30250000000000005	78.72	2.351	0.00747	-0.1755380794701988	95.42	1.736	0.006306666666666666	1.24	93.75	1.776	0.00697	-0.49681159420289855	0
ENST00000416718.2	116	63.849999999999994	1.93225	0.0078024999999999995	-1.75625	64.23	1.4595	0.00498	-0.159891304347826	72.79928571428572	1.7869285714285712	0.009177142857142856	-0.0007142857142857269	73.035	1.931	0.005974999999999999	-0.15311442112389986	77.862	2.2062	0.008964	0.86	76.99	2.327	0.00797	0.1735106382978724	85.28999999999999	1.7165	0.007554999999999999	0.815	86.505	1.752	0.00631	-0.46022012578616356	79.66125	2.4898749999999996	0.00879875	-0.30250000000000005	78.72	2.351	0.00747	-0.1755380794701988	95.42	1.736	0.006306666666666666	1.24	93.75	1.776	0.00697	-0.49681159420289855	84.344	1.4476	0.005246	-0.068	83.88	1.377	0.00432	-0.48483985765124554	0
ENST00000416718.2	117	72.79928571428572	1.7869285714285712	0.009177142857142856	-0.0007142857142857269	73.035	1.931	0.005974999999999999	-0.15311442112389986	77.862	2.2062	0.008964	0.86	76.99	2.327	0.00797	0.1735106382978724	85.28999999999999	1.7165	0.007554999999999999	0.815	86.505	1.752	0.00631	-0.46022012578616356	79.66125	2.4898749999999996	0.00879875	-0.30250000000000005	78.72	2.351	0.00747	-0.1755380794701988	95.42	1.736	0.006306666666666666	1.24	93.75	1.776	0.00697	-0.49681159420289855	84.344	1.4476	0.005246	-0.068	83.88	1.377	0.00432	-0.48483985765124554	67.15200000000002	1.9479999999999997	0.00624	-0.36800000000000005	65.73	1.954	0.00432	-0.05893719806763291	0
ENST00000416718.2	125	73.75	1.5493333333333332	0.005976666666666666	0.3433333333333333	73.96	1.629	0.00465	-0.456374269005848	72.73	1.0128	0.00571	0.426	72.55	0.813	0.00299	-0.5596521739130434	74.605	0.8915	0.0026550000000000002	1.135	74.605	0.8915	0.0026550000000000002	-0.6206382978723405	74.66	0.901	0.00664	0.1	74.66	0.901	0.00664	-0.6838596491228071	81.3975	1.0845000000000002	0.006225	0.5525	81.705	1.1	0.006144999999999999	-0.5284782608695651	87.8409090909091	2.0370909090909093	0.005411000000000001	-0.34	86.32	1.774	0.00266	-0.04361929150661531	86.64333333333333	1.9953333333333332	0.01162	-0.46	85.75	1.784	0.00764	-0.6822717622080681	0
ENST00000416718.2	126	72.73	1.0128	0.00571	0.426	72.55	0.813	0.00299	-0.5596521739130434	74.605	0.8915	0.0026550000000000002	1.135	74.605	0.8915	0.0026550000000000002	-0.6206382978723405	74.66	0.901	0.00664	0.1	74.66	0.901	0.00664	-0.6838596491228071	81.3975	1.0845000000000002	0.006225	0.5525	81.705	1.1	0.006144999999999999	-0.5284782608695651	87.8409090909091	2.0370909090909093	0.005411000000000001	-0.34	86.32	1.774	0.00266	-0.04361929150661531	86.64333333333333	1.9953333333333332	0.01162	-0.46	85.75	1.784	0.00764	-0.6822717622080681	85.00333333333333	1.6866666666666665	0.0048133333333333335	1.1233333333333333	85.52000000000001	1.5859999999999999	0.00465	-0.19682539682539693	0
ENST00000416718.2	127	74.605	0.8915	0.0026550000000000002	1.135	74.605	0.8915	0.0026550000000000002	-0.6206382978723405	74.66	0.901	0.00664	0.1	74.66	0.901	0.00664	-0.6838596491228071	81.3975	1.0845000000000002	0.006225	0.5525	81.705	1.1	0.006144999999999999	-0.5284782608695651	87.8409090909091	2.0370909090909093	0.005411000000000001	-0.34	86.32	1.774	0.00266	-0.04361929150661531	86.64333333333333	1.9953333333333332	0.01162	-0.46	85.75	1.784	0.00764	-0.6822717622080681	85.00333333333333	1.6866666666666665	0.0048133333333333335	1.1233333333333333	85.52000000000001	1.5859999999999999	0.00465	-0.19682539682539693	90.72166666666668	1.6158333333333337	0.004315	0.77	91.54499999999999	1.5625	0.003985	-0.408119658119658	0
ENST00000416718.2	128	74.66	0.901	0.00664	0.1	74.66	0.901	0.00664	-0.6838596491228071	81.3975	1.0845000000000002	0.006225	0.5525	81.705	1.1	0.006144999999999999	-0.5284782608695651	87.8409090909091	2.0370909090909093	0.005411000000000001	-0.34	86.32	1.774	0.00266	-0.04361929150661531	86.64333333333333	1.9953333333333332	0.01162	-0.46	85.75	1.784	0.00764	-0.6822717622080681	85.00333333333333	1.6866666666666665	0.0048133333333333335	1.1233333333333333	85.52000000000001	1.5859999999999999	0.00465	-0.19682539682539693	90.72166666666668	1.6158333333333337	0.004315	0.77	91.54499999999999	1.5625	0.003985	-0.408119658119658	82.52749999999999	1.78175	0.006475	-1.075	81.63499999999999	1.871	0.00664	-0.32252851711026614	0
ENST00000416718.2	137	116.24625	8.792625	0.0058075	0.9175	118.13	9.408000000000001	0.004645	0.6558615819209039	102.0309090909091	7.001363636363636	0.007151818181818182	-0.7627272727272728	102.99	6.837	0.00498	1.1280740536059684	62.94285714285714	2.5735714285714293	0.009672857142857144	0.39	66.53	2.515	0.00896	0.09513677811550178	81.535	1.415	0.006805	0.67	81.535	1.415	0.006805	-0.461977186311787	84.78375	2.2009999999999996	0.00502125	0.44375000000000003	83.91	2.0225	0.005145	0.04809523809523787	89.7	3.277	0.00332	0.48	89.7	3.277	0.00332	0.20036630036630043	83.76857142857143	1.6088571428571428	0.0035542857142857143	-0.8842857142857142	83.56	1.293	0.00232	-0.38826724606192287	0
ENST00000416718.2	138	102.0309090909091	7.001363636363636	0.007151818181818182	-0.7627272727272728	102.99	6.837	0.00498	1.1280740536059684	62.94285714285714	2.5735714285714293	0.009672857142857144	0.39	66.53	2.515	0.00896	0.09513677811550178	81.535	1.415	0.006805	0.67	81.535	1.415	0.006805	-0.461977186311787	84.78375	2.2009999999999996	0.00502125	0.44375000000000003	83.91	2.0225	0.005145	0.04809523809523787	89.7	3.277	0.00332	0.48	89.7	3.277	0.00332	0.20036630036630043	83.76857142857143	1.6088571428571428	0.0035542857142857143	-0.8842857142857142	83.56	1.293	0.00232	-0.38826724606192287	92.47999999999999	1.9842000000000002	0.0028559999999999996	0.21599999999999997	93.41	1.473	0.00266	-0.3473026315789473	0
ENST00000416718.2	146	83.58181818181819	1.374	0.005736363636363637	0.18363636363636363	83.0	1.253	0.00432	-0.5110320284697508	75.87538461538462	0.9145000000000001	0.006306428571428572	0.49153846153846154	76.08500000000001	0.9425	0.00564	-0.5665876777251184	86.58	1.4454	0.007696363636363637	0.35000000000000003	86.83	1.381	0.00498	-0.5213907284768212	93.9125	1.1532499999999999	0.0034850000000000003	0.6099999999999999	94.005	1.1515	0.003155	-0.6657246376811595	88.6657142857143	2.396142857142857	0.003984285714285714	-0.28857142857142853	86.24	1.888	0.00332	-0.24649595687331546	75.12000000000002	2.045888888888889	0.006751111111111111	0.6122222222222223	74.88	1.563	0.00631	0.08823877068557924	72.0925	1.366	0.005145	0.21999999999999997	76.425	1.325	0.003155	-0.570440251572327	0
ENST00000416718.2	147	75.87538461538462	0.9145000000000001	0.006306428571428572	0.49153846153846154	76.08500000000001	0.9425	0.00564	-0.5665876777251184	86.58	1.4454	0.007696363636363637	0.35000000000000003	86.83	1.381	0.00498	-0.5213907284768212	93.9125	1.1532499999999999	0.0034850000000000003	0.6099999999999999	94.005	1.1515	0.003155	-0.6657246376811595	88.6657142857143	2.396142857142857	0.003984285714285714	-0.28857142857142853	86.24	1.888	0.00332	-0.24649595687331546	75.12000000000002	2.045888888888889	0.006751111111111111	0.6122222222222223	74.88	1.563	0.00631	0.08823877068557924	72.0925	1.366	0.005145	0.21999999999999997	76.425	1.325	0.003155	-0.570440251572327	76.22	2.2876666666666665	0.0046500000000000005	-0.6066666666666668	74.75	2.049	0.00332	0.21684397163120567	0
ENST00000416718.2	148	86.58	1.4454	0.007696363636363637	0.35000000000000003	86.83	1.381	0.00498	-0.5213907284768212	93.9125	1.1532499999999999	0.0034850000000000003	0.6099999999999999	94.005	1.1515	0.003155	-0.6657246376811595	88.6657142857143	2.396142857142857	0.003984285714285714	-0.28857142857142853	86.24	1.888	0.00332	-0.24649595687331546	75.12000000000002	2.045888888888889	0.006751111111111111	0.6122222222222223	74.88	1.563	0.00631	0.08823877068557924	72.0925	1.366	0.005145	0.21999999999999997	76.425	1.325	0.003155	-0.570440251572327	76.22	2.2876666666666665	0.0046500000000000005	-0.6066666666666668	74.75	2.049	0.00332	0.21684397163120567	87.95666666666666	2.1413333333333333	0.01018	0.27	88.92	1.809	0.01129	-0.21562881562881564	0
ENST00000416718.2	149	93.9125	1.1532499999999999	0.0034850000000000003	0.6099999999999999	94.005	1.1515	0.003155	-0.6657246376811595	88.6657142857143	2.396142857142857	0.003984285714285714	-0.28857142857142853	86.24	1.888	0.00332	-0.24649595687331546	75.12000000000002	2.045888888888889	0.006751111111111111	0.6122222222222223	74.88	1.563	0.00631	0.08823877068557924	72.0925	1.366	0.005145	0.21999999999999997	76.425	1.325	0.003155	-0.570440251572327	76.22	2.2876666666666665	0.0046500000000000005	-0.6066666666666668	74.75	2.049	0.00332	0.21684397163120567	87.95666666666666	2.1413333333333333	0.01018	0.27	88.92	1.809	0.01129	-0.21562881562881564	87.4935294117647	1.5881666666666667	0.009018888888888889	0.22235294117647061	87.235	1.2655	0.00664	-0.39613434727503166	0
ENST00000416718.2	150	88.6657142857143	2.396142857142857	0.003984285714285714	-0.28857142857142853	86.24	1.888	0.00332	-0.24649595687331546	75.12000000000002	2.045888888888889	0.006751111111111111	0.6122222222222223	74.88	1.563	0.00631	0.08823877068557924	72.0925	1.366	0.005145	0.21999999999999997	76.425	1.325	0.003155	-0.570440251572327	76.22	2.2876666666666665	0.0046500000000000005	-0.6066666666666668	74.75	2.049	0.00332	0.21684397163120567	87.95666666666666	2.1413333333333333	0.01018	0.27	88.92	1.809	0.01129	-0.21562881562881564	87.4935294117647	1.5881666666666667	0.009018888888888889	0.22235294117647061	87.235	1.2655	0.00664	-0.39613434727503166	95.64142857142856	2.7117142857142857	0.005358571428571428	0.76	94.67	2.191	0.00465	-0.10798872180451127	0
ENST00000416718.2	151	75.12000000000002	2.045888888888889	0.006751111111111111	0.6122222222222223	74.88	1.563	0.00631	0.08823877068557924	72.0925	1.366	0.005145	0.21999999999999997	76.425	1.325	0.003155	-0.570440251572327	76.22	2.2876666666666665	0.0046500000000000005	-0.6066666666666668	74.75	2.049	0.00332	0.21684397163120567	87.95666666666666	2.1413333333333333	0.01018	0.27	88.92	1.809	0.01129	-0.21562881562881564	87.4935294117647	1.5881666666666667	0.009018888888888889	0.22235294117647061	87.235	1.2655	0.00664	-0.39613434727503166	95.64142857142856	2.7117142857142857	0.005358571428571428	0.76	94.67	2.191	0.00465	-0.10798872180451127	95.21485714285714	1.505235294117647	0.007830588235294117	0.41657142857142865	95.22	1.401	0.00598	-0.5636999147485081	0
ENST00000416718.2	152	72.0925	1.366	0.005145	0.21999999999999997	76.425	1.325	0.003155	-0.570440251572327	76.22	2.2876666666666665	0.0046500000000000005	-0.6066666666666668	74.75	2.049	0.00332	0.21684397163120567	87.95666666666666	2.1413333333333333	0.01018	0.27	88.92	1.809	0.01129	-0.21562881562881564	87.4935294117647	1.5881666666666667	0.009018888888888889	0.22235294117647061	87.235	1.2655	0.00664	-0.39613434727503166	95.64142857142856	2.7117142857142857	0.005358571428571428	0.76	94.67	2.191	0.00465	-0.10798872180451127	95.21485714285714	1.505235294117647	0.007830588235294117	0.41657142857142865	95.22	1.401	0.00598	-0.5636999147485081	83.4575	1.9162500000000002	0.0057275	0.1325	84.18	1.8515000000000001	0.0054800000000000005	-0.3180604982206405	0
ENST00000416718.2	153	76.22	2.2876666666666665	0.0046500000000000005	-0.6066666666666668	74.75	2.049	0.00332	0.21684397163120567	87.95666666666666	2.1413333333333333	0.01018	0.27	88.92	1.809	0.01129	-0.21562881562881564	87.4935294117647	1.5881666666666667	0.009018888888888889	0.22235294117647061	87.235	1.2655	0.00664	-0.39613434727503166	95.64142857142856	2.7117142857142857	0.005358571428571428	0.76	94.67	2.191	0.00465	-0.10798872180451127	95.21485714285714	1.505235294117647	0.007830588235294117	0.41657142857142865	95.22	1.401	0.00598	-0.5636999147485081	83.4575	1.9162500000000002	0.0057275	0.1325	84.18	1.8515000000000001	0.0054800000000000005	-0.3180604982206405	78.1	1.5598	0.007502	1.152	78.2	1.5	0.00365	-0.26075829383886245	0
ENST00000416718.2	154	87.95666666666666	2.1413333333333333	0.01018	0.27	88.92	1.809	0.01129	-0.21562881562881564	87.4935294117647	1.5881666666666667	0.009018888888888889	0.22235294117647061	87.235	1.2655	0.00664	-0.39613434727503166	95.64142857142856	2.7117142857142857	0.005358571428571428	0.76	94.67	2.191	0.00465	-0.10798872180451127	95.21485714285714	1.505235294117647	0.007830588235294117	0.41657142857142865	95.22	1.401	0.00598	-0.5636999147485081	83.4575	1.9162500000000002	0.0057275	0.1325	84.18	1.8515000000000001	0.0054800000000000005	-0.3180604982206405	78.1	1.5598	0.007502	1.152	78.2	1.5	0.00365	-0.26075829383886245	86.86666666666667	1.2193333333333332	0.0074716666666666655	0.13166666666666668	86.52000000000001	1.1335000000000002	0.005645	-0.4275430359937403	0
ENST00000416718.2	155	87.4935294117647	1.5881666666666667	0.009018888888888889	0.22235294117647061	87.235	1.2655	0.00664	-0.39613434727503166	95.64142857142856	2.7117142857142857	0.005358571428571428	0.76	94.67	2.191	0.00465	-0.10798872180451127	95.21485714285714	1.505235294117647	0.007830588235294117	0.41657142857142865	95.22	1.401	0.00598	-0.5636999147485081	83.4575	1.9162500000000002	0.0057275	0.1325	84.18	1.8515000000000001	0.0054800000000000005	-0.3180604982206405	78.1	1.5598	0.007502	1.152	78.2	1.5	0.00365	-0.26075829383886245	86.86666666666667	1.2193333333333332	0.0074716666666666655	0.13166666666666668	86.52000000000001	1.1335000000000002	0.005645	-0.4275430359937403	95.3075	2.39	0.00473	0.6799999999999999	94.51	2.3529999999999998	0.003485	-0.6194267515923567	0
ENST00000416718.2	162	90.24799999999999	2.8666	0.006772	0.9940000000000001	91.98	2.368	0.00631	0.08996197718631184	98.93923076923078	2.6765384615384615	0.008069999999999997	0.4707692307692308	97.04	2.263	0.00564	-0.5737996080352769	75.665	4.433	0.0051475	0.36	75.55000000000001	3.537	0.005315	1.1109523809523807	74.23809523809523	1.27305	0.0084165	0.29	78.91	1.208	0.00697	-0.5469572953736654	74.67714285714285	1.5605714285714285	0.00875923076923077	0.03571428571428573	74.985	1.474	0.00647	-0.2603926878808395	93.45833333333333	3.7253333333333334	0.007303333333333333	1.04	93.67500000000001	3.8495	0.005475	0.23355408388520973	100.79375	5.8185	0.007842499999999999	-0.4775	100.875	6.729	0.00448	0.8709003215434085	0
ENST00000416718.2	163	98.93923076923078	2.6765384615384615	0.008069999999999997	0.4707692307692308	97.04	2.263	0.00564	-0.5737996080352769	75.665	4.433	0.0051475	0.36	75.55000000000001	3.537	0.005315	1.1109523809523807	74.23809523809523	1.27305	0.0084165	0.29	78.91	1.208	0.00697	-0.5469572953736654	74.67714285714285	1.5605714285714285	0.00875923076923077	0.03571428571428573	74.985	1.474	0.00647	-0.2603926878808395	93.45833333333333	3.7253333333333334	0.007303333333333333	1.04	93.67500000000001	3.8495	0.005475	0.23355408388520973	100.79375	5.8185	0.007842499999999999	-0.4775	100.875	6.729	0.00448	0.8709003215434085	86.46799999999999	4.202499999999999	0.01069	0.22399999999999998	86.585	3.367	0.00797	0.08591731266149837	0
ENST00000416718.2	164	75.665	4.433	0.0051475	0.36	75.55000000000001	3.537	0.005315	1.1109523809523807	74.23809523809523	1.27305	0.0084165	0.29	78.91	1.208	0.00697	-0.5469572953736654	74.67714285714285	1.5605714285714285	0.00875923076923077	0.03571428571428573	74.985	1.474	0.00647	-0.2603926878808395	93.45833333333333	3.7253333333333334	0.007303333333333333	1.04	93.67500000000001	3.8495	0.005475	0.23355408388520973	100.79375	5.8185	0.007842499999999999	-0.4775	100.875	6.729	0.00448	0.8709003215434085	86.46799999999999	4.202499999999999	0.01069	0.22399999999999998	86.585	3.367	0.00797	0.08591731266149837	102.42	2.964	0.00365	0.76	102.42	2.964	0.00365	-0.33986636971046774	0
ENST00000416718.2	165	74.23809523809523	1.27305	0.0084165	0.29	78.91	1.208	0.00697	-0.5469572953736654	74.67714285714285	1.5605714285714285	0.00875923076923077	0.03571428571428573	74.985	1.474	0.00647	-0.2603926878808395	93.45833333333333	3.7253333333333334	0.007303333333333333	1.04	93.67500000000001	3.8495	0.005475	0.23355408388520973	100.79375	5.8185	0.007842499999999999	-0.4775	100.875	6.729	0.00448	0.8709003215434085	86.46799999999999	4.202499999999999	0.01069	0.22399999999999998	86.585	3.367	0.00797	0.08591731266149837	102.42	2.964	0.00365	0.76	102.42	2.964	0.00365	-0.33986636971046774	113.54818181818179	9.801181818181819	0.006246363636363637	-1.4281818181818182	117.54	10.167	0.00398	0.9218003565062391	0
ENST00000416718.2	166	74.67714285714285	1.5605714285714285	0.00875923076923077	0.03571428571428573	74.985	1.474	0.00647	-0.2603926878808395	93.45833333333333	3.7253333333333334	0.007303333333333333	1.04	93.67500000000001	3.8495	0.005475	0.23355408388520973	100.79375	5.8185	0.007842499999999999	-0.4775	100.875	6.729	0.00448	0.8709003215434085	86.46799999999999	4.202499999999999	0.01069	0.22399999999999998	86.585	3.367	0.00797	0.08591731266149837	102.42	2.964	0.00365	0.76	102.42	2.964	0.00365	-0.33986636971046774	113.54818181818179	9.801181818181819	0.006246363636363637	-1.4281818181818182	117.54	10.167	0.00398	0.9218003565062391	71.82000000000001	3.789	0.009628571428571429	-1.48	74.74	2.887	0.00996	-0.020930232558139524	0
ENST00000416718.2	167	93.45833333333333	3.7253333333333334	0.007303333333333333	1.04	93.67500000000001	3.8495	0.005475	0.23355408388520973	100.79375	5.8185	0.007842499999999999	-0.4775	100.875	6.729	0.00448	0.8709003215434085	86.46799999999999	4.202499999999999	0.01069	0.22399999999999998	86.585	3.367	0.00797	0.08591731266149837	102.42	2.964	0.00365	0.76	102.42	2.964	0.00365	-0.33986636971046774	113.54818181818179	9.801181818181819	0.006246363636363637	-1.4281818181818182	117.54	10.167	0.00398	0.9218003565062391	71.82000000000001	3.789	0.009628571428571429	-1.48	74.74	2.887	0.00996	-0.020930232558139524	92.66000000000001	3.796666666666667	0.003653333333333333	-0.24666666666666662	92.55	3.028	0.00365	-0.04845446950710109	0
ENST00000416718.2	168	100.79375	5.8185	0.007842499999999999	-0.4775	100.875	6.729	0.00448	0.8709003215434085	86.46799999999999	4.202499999999999	0.01069	0.22399999999999998	86.585	3.367	0.00797	0.08591731266149837	102.42	2.964	0.00365	0.76	102.42	2.964	0.00365	-0.33986636971046774	113.54818181818179	9.801181818181819	0.006246363636363637	-1.4281818181818182	117.54	10.167	0.00398	0.9218003565062391	71.82000000000001	3.789	0.009628571428571429	-1.48	74.74	2.887	0.00996	-0.020930232558139524	92.66000000000001	3.796666666666667	0.003653333333333333	-0.24666666666666662	92.55	3.028	0.00365	-0.04845446950710109	110.79333333333334	6.3406666666666665	0.007525	0.465	111.225	5.8535	0.00448	0.19409918392969244	0
ENST00000416718.2	169	86.46799999999999	4.202499999999999	0.01069	0.22399999999999998	86.585	3.367	0.00797	0.08591731266149837	102.42	2.964	0.00365	0.76	102.42	2.964	0.00365	-0.33986636971046774	113.54818181818179	9.801181818181819	0.006246363636363637	-1.4281818181818182	117.54	10.167	0.00398	0.9218003565062391	71.82000000000001	3.789	0.009628571428571429	-1.48	74.74	2.887	0.00996	-0.020930232558139524	92.66000000000001	3.796666666666667	0.003653333333333333	-0.24666666666666662	92.55	3.028	0.00365	-0.04845446950710109	110.79333333333334	6.3406666666666665	0.007525	0.465	111.225	5.8535	0.00448	0.19409918392969244	96.83166666666666	11.866999999999999	0.004536666666666666	-0.34333333333333343	96.23	12.1645	0.004484999999999999	0.4144219308700832	0
ENST00000416718.2	170	102.42	2.964	0.00365	0.76	102.42	2.964	0.00365	-0.33986636971046774	113.54818181818179	9.801181818181819	0.006246363636363637	-1.4281818181818182	117.54	10.167	0.00398	0.9218003565062391	71.82000000000001	3.789	0.009628571428571429	-1.48	74.74	2.887	0.00996	-0.020930232558139524	92.66000000000001	3.796666666666667	0.003653333333333333	-0.24666666666666662	92.55	3.028	0.00365	-0.04845446950710109	110.79333333333334	6.3406666666666665	0.007525	0.465	111.225	5.8535	0.00448	0.19409918392969244	96.83166666666666	11.866999999999999	0.004536666666666666	-0.34333333333333343	96.23	12.1645	0.004484999999999999	0.4144219308700832	79.16	2.9155	0.008855	-0.4216666666666666	80.515	2.415	0.00764	0.12134615384615388	0
ENST00000416718.2	171	113.54818181818179	9.801181818181819	0.006246363636363637	-1.4281818181818182	117.54	10.167	0.00398	0.9218003565062391	71.82000000000001	3.789	0.009628571428571429	-1.48	74.74	2.887	0.00996	-0.020930232558139524	92.66000000000001	3.796666666666667	0.003653333333333333	-0.24666666666666662	92.55	3.028	0.00365	-0.04845446950710109	110.79333333333334	6.3406666666666665	0.007525	0.465	111.225	5.8535	0.00448	0.19409918392969244	96.83166666666666	11.866999999999999	0.004536666666666666	-0.34333333333333343	96.23	12.1645	0.004484999999999999	0.4144219308700832	79.16	2.9155	0.008855	-0.4216666666666666	80.515	2.415	0.00764	0.12134615384615388	93.85333333333334	5.583666666666667	0.0077466666666666665	0.24666666666666667	90.86	4.658	0.00598	-0.33448549860945576	0
ENST00000416718.2	172	71.82000000000001	3.789	0.009628571428571429	-1.48	74.74	2.887	0.00996	-0.020930232558139524	92.66000000000001	3.796666666666667	0.003653333333333333	-0.24666666666666662	92.55	3.028	0.00365	-0.04845446950710109	110.79333333333334	6.3406666666666665	0.007525	0.465	111.225	5.8535	0.00448	0.19409918392969244	96.83166666666666	11.866999999999999	0.004536666666666666	-0.34333333333333343	96.23	12.1645	0.004484999999999999	0.4144219308700832	79.16	2.9155	0.008855	-0.4216666666666666	80.515	2.415	0.00764	0.12134615384615388	93.85333333333334	5.583666666666667	0.0077466666666666665	0.24666666666666667	90.86	4.658	0.00598	-0.33448549860945576	98.01124999999999	4.54025	0.006059999999999999	0.43000000000000005	98.875	3.955	0.0054800000000000005	0.1379072681704261	0
ENST00000416718.2	197	79.50250000000001	1.56725	0.006722499999999999	-0.43999999999999995	79.25	1.142	0.00332	-0.5071540880503145	78.2875	2.433375	0.006555	0.985	82.32	1.447	0.00664	0.1424295774647887	92.18142857142858	3.5900714285714286	0.0063092857142857135	0.20857142857142857	90.735	2.7705	0.003985	-0.4283325750682439	73.67777777777776	1.166888888888889	0.005780588235294117	-0.3622222222222222	74.44	1.1125	0.00465	-0.44433862433862426	78.1825	1.1397777777777778	0.004537777777777779	0.08875	78.23	1.067	0.00465	-0.5943851324634243	73.0611111111111	1.4068888888888889	0.004352222222222223	-0.5122222222222222	73.18	1.295	0.00398	-0.3332280147446024	88.256	2.2478000000000002	0.004582	0.556	88.23	2.209	0.00531	-0.2556953642384105	0
ENST00000416718.2	198	78.2875	2.433375	0.006555	0.985	82.32	1.447	0.00664	0.1424295774647887	92.18142857142858	3.5900714285714286	0.0063092857142857135	0.20857142857142857	90.735	2.7705	0.003985	-0.4283325750682439	73.67777777777776	1.166888888888889	0.005780588235294117	-0.3622222222222222	74.44	1.1125	0.00465	-0.44433862433862426	78.1825	1.1397777777777778	0.004537777777777779	0.08875	78.23	1.067	0.00465	-0.5943851324634243	73.0611111111111	1.4068888888888889	0.004352222222222223	-0.5122222222222222	73.18	1.295	0.00398	-0.3332280147446024	88.256	2.2478000000000002	0.004582	0.556	88.23	2.209	0.00531	-0.2556953642384105	109.4325	4.9075	0.01295	0.5675	109.59	3.7825	0.0083	0.20874384236453208	0
ENST00000416718.2	199	92.18142857142858	3.5900714285714286	0.0063092857142857135	0.20857142857142857	90.735	2.7705	0.003985	-0.4283325750682439	73.67777777777776	1.166888888888889	0.005780588235294117	-0.3622222222222222	74.44	1.1125	0.00465	-0.44433862433862426	78.1825	1.1397777777777778	0.004537777777777779	0.08875	78.23	1.067	0.00465	-0.5943851324634243	73.0611111111111	1.4068888888888889	0.004352222222222223	-0.5122222222222222	73.18	1.295	0.00398	-0.3332280147446024	88.256	2.2478000000000002	0.004582	0.556	88.23	2.209	0.00531	-0.2556953642384105	109.4325	4.9075	0.01295	0.5675	109.59	3.7825	0.0083	0.20874384236453208	115.43	4.832249999999999	0.0033175	0.032500000000000015	115.755	3.905	0.0034850000000000003	-0.38364158163265316	0
ENST00000416718.2	200	73.67777777777776	1.166888888888889	0.005780588235294117	-0.3622222222222222	74.44	1.1125	0.00465	-0.44433862433862426	78.1825	1.1397777777777778	0.004537777777777779	0.08875	78.23	1.067	0.00465	-0.5943851324634243	73.0611111111111	1.4068888888888889	0.004352222222222223	-0.5122222222222222	73.18	1.295	0.00398	-0.3332280147446024	88.256	2.2478000000000002	0.004582	0.556	88.23	2.209	0.00531	-0.2556953642384105	109.4325	4.9075	0.01295	0.5675	109.59	3.7825	0.0083	0.20874384236453208	115.43	4.832249999999999	0.0033175	0.032500000000000015	115.755	3.905	0.0034850000000000003	-0.38364158163265316	111.23599999999999	5.470000000000001	0.004846	0.27799999999999997	110.62	6.717	0.00465	0.03013182674199643	0
ENST00000416718.2	201	78.1825	1.1397777777777778	0.004537777777777779	0.08875	78.23	1.067	0.00465	-0.5943851324634243	73.0611111111111	1.4068888888888889	0.004352222222222223	-0.5122222222222222	73.18	1.295	0.00398	-0.3332280147446024	88.256	2.2478000000000002	0.004582	0.556	88.23	2.209	0.00531	-0.2556953642384105	109.4325	4.9075	0.01295	0.5675	109.59	3.7825	0.0083	0.20874384236453208	115.43	4.832249999999999	0.0033175	0.032500000000000015	115.755	3.905	0.0034850000000000003	-0.38364158163265316	111.23599999999999	5.470000000000001	0.004846	0.27799999999999997	110.62	6.717	0.00465	0.03013182674199643	101.105	7.951799999999999	0.007833999999999999	0.20500000000000002	102.8	8.174499999999998	0.0078	1.416960486322188	0
ENST00000416718.2	213	78.245	1.3875	0.006805	-0.655	78.245	1.3875	0.006805	-0.5636792452830189	74.85333333333334	1.26	0.0064199999999999995	0.5533333333333333	74.47	1.228	0.0073	-0.32978723404255317	78.0925	1.5062499999999999	0.005642499999999999	-0.6924999999999999	78.27	1.5685	0.004645	-0.5263364779874214	73.024	0.7884	0.003254	0.364	72.86	0.831	0.00299	-0.5806382978723404	76.38	0.8836666666666666	0.004646666666666666	0.24333333333333332	74.73	0.72	0.00365	-0.6855278766310795	75.1	1.215	0.00556	0.3950000000000001	75.05000000000001	1.242	0.0053100000000000005	-0.424170616113744	74.355	0.89425	0.00556	0.7325	74.385	0.7929999999999999	0.00415	-0.5243351063829788	0
ENST00000416718.2	214	74.85333333333334	1.26	0.0064199999999999995	0.5533333333333333	74.47	1.228	0.0073	-0.32978723404255317	78.0925	1.5062499999999999	0.005642499999999999	-0.6924999999999999	78.27	1.5685	0.004645	-0.5263364779874214	73.024	0.7884	0.003254	0.364	72.86	0.831	0.00299	-0.5806382978723404	76.38	0.8836666666666666	0.004646666666666666	0.24333333333333332	74.73	0.72	0.00365	-0.6855278766310795	75.1	1.215	0.00556	0.3950000000000001	75.05000000000001	1.242	0.0053100000000000005	-0.424170616113744	74.355	0.89425	0.00556	0.7325	74.385	0.7929999999999999	0.00415	-0.5243351063829788	76.255	1.5425	0.005645000000000001	0.195	76.255	1.5425	0.005645000000000001	-0.451067615658363	0
ENST00000416718.2	215	78.0925	1.5062499999999999	0.005642499999999999	-0.6924999999999999	78.27	1.5685	0.004645	-0.5263364779874214	73.024	0.7884	0.003254	0.364	72.86	0.831	0.00299	-0.5806382978723404	76.38	0.8836666666666666	0.004646666666666666	0.24333333333333332	74.73	0.72	0.00365	-0.6855278766310795	75.1	1.215	0.00556	0.3950000000000001	75.05000000000001	1.242	0.0053100000000000005	-0.424170616113744	74.355	0.89425	0.00556	0.7325	74.385	0.7929999999999999	0.00415	-0.5243351063829788	76.255	1.5425	0.005645000000000001	0.195	76.255	1.5425	0.005645000000000001	-0.451067615658363	72.84	1.4985	0.017759999999999998	0.685	72.84	1.4985	0.017759999999999998	-0.3623404255319149	0
ENST00000416718.2	216	73.024	0.7884	0.003254	0.364	72.86	0.831	0.00299	-0.5806382978723404	76.38	0.8836666666666666	0.004646666666666666	0.24333333333333332	74.73	0.72	0.00365	-0.6855278766310795	75.1	1.215	0.00556	0.3950000000000001	75.05000000000001	1.242	0.0053100000000000005	-0.424170616113744	74.355	0.89425	0.00556	0.7325	74.385	0.7929999999999999	0.00415	-0.5243351063829788	76.255	1.5425	0.005645000000000001	0.195	76.255	1.5425	0.005645000000000001	-0.451067615658363	72.84	1.4985	0.017759999999999998	0.685	72.84	1.4985	0.017759999999999998	-0.3623404255319149	90.4	2.086	0.009465	0.905	90.4	2.086	0.009465	-0.26807017543859657	0
ENST00000416718.2	217	76.38	0.8836666666666666	0.004646666666666666	0.24333333333333332	74.73	0.72	0.00365	-0.6855278766310795	75.1	1.215	0.00556	0.3950000000000001	75.05000000000001	1.242	0.0053100000000000005	-0.424170616113744	74.355	0.89425	0.00556	0.7325	74.385	0.7929999999999999	0.00415	-0.5243351063829788	76.255	1.5425	0.005645000000000001	0.195	76.255	1.5425	0.005645000000000001	-0.451067615658363	72.84	1.4985	0.017759999999999998	0.685	72.84	1.4985	0.017759999999999998	-0.3623404255319149	90.4	2.086	0.009465	0.905	90.4	2.086	0.009465	-0.26807017543859657	99.235	3.0603000000000007	0.0072039999999999995	0.13999999999999996	99.78	3.0614999999999997	0.00631	-0.19039682539682518	0
ENST00000416718.2	218	75.1	1.215	0.00556	0.3950000000000001	75.05000000000001	1.242	0.0053100000000000005	-0.424170616113744	74.355	0.89425	0.00556	0.7325	74.385	0.7929999999999999	0.00415	-0.5243351063829788	76.255	1.5425	0.005645000000000001	0.195	76.255	1.5425	0.005645000000000001	-0.451067615658363	72.84	1.4985	0.017759999999999998	0.685	72.84	1.4985	0.017759999999999998	-0.3623404255319149	90.4	2.086	0.009465	0.905	90.4	2.086	0.009465	-0.26807017543859657	99.235	3.0603000000000007	0.0072039999999999995	0.13999999999999996	99.78	3.0614999999999997	0.00631	-0.19039682539682518	106.23	7.5705	0.006143333333333334	-0.71	108.675	9.1645	0.00465	0.24719934102141675	0
ENST00000416718.2	219	74.355	0.89425	0.00556	0.7325	74.385	0.7929999999999999	0.00415	-0.5243351063829788	76.255	1.5425	0.005645000000000001	0.195	76.255	1.5425	0.005645000000000001	-0.451067615658363	72.84	1.4985	0.017759999999999998	0.685	72.84	1.4985	0.017759999999999998	-0.3623404255319149	90.4	2.086	0.009465	0.905	90.4	2.086	0.009465	-0.26807017543859657	99.235	3.0603000000000007	0.0072039999999999995	0.13999999999999996	99.78	3.0614999999999997	0.00631	-0.19039682539682518	106.23	7.5705	0.006143333333333334	-0.71	108.675	9.1645	0.00465	0.24719934102141675	63.75235294117648	1.7318823529411767	0.005234117647058824	-1.51	62.91	1.6335	0.00515	-0.24700767263427095	0
ENST00000416718.2	220	76.255	1.5425	0.005645000000000001	0.195	76.255	1.5425	0.005645000000000001	-0.451067615658363	72.84	1.4985	0.017759999999999998	0.685	72.84	1.4985	0.017759999999999998	-0.3623404255319149	90.4	2.086	0.009465	0.905	90.4	2.086	0.009465	-0.26807017543859657	99.235	3.0603000000000007	0.0072039999999999995	0.13999999999999996	99.78	3.0614999999999997	0.00631	-0.19039682539682518	106.23	7.5705	0.006143333333333334	-0.71	108.675	9.1645	0.00465	0.24719934102141675	63.75235294117648	1.7318823529411767	0.005234117647058824	-1.51	62.91	1.6335	0.00515	-0.24700767263427095	75.57230769230769	1.344	0.005719230769230769	1.1749999999999998	75.98	1.259	0.005145	-0.36303317535545016	0
ENST00000416718.2	230	103.423	2.8683333333333336	0.010856000000000001	-0.08400000000000003	104.18	2.7744999999999997	0.010124999999999999	0.07027363184079606	113.56166666666665	5.344833333333334	0.0037633333333333334	0.91	113.09	3.4095	0.00382	0.31646141215106754	126.016	7.2518	0.006108000000000001	1.0419999999999998	126.79	9.598	0.00365	-0.07502551020408159	113.87	11.789666666666667	0.013503333333333332	0.6333333333333334	114.76	12.077	0.01361	1.220276208411802	108.31166666666667	6.647666666666666	0.008851666666666666	0.62	109.28	5.6265	0.00481	1.0205673758865246	70.186	1.8214000000000001	0.006174	-0.27999999999999997	71.29	1.79	0.00664	-0.22493617021276593	73.705	1.1735	0.005974999999999999	-0.44999999999999996	73.36500000000001	1.0545	0.00465	-0.5150826446280992	0
ENST00000416718.2	231	113.56166666666665	5.344833333333334	0.0037633333333333334	0.91	113.09	3.4095	0.00382	0.31646141215106754	126.016	7.2518	0.006108000000000001	1.0419999999999998	126.79	9.598	0.00365	-0.07502551020408159	113.87	11.789666666666667	0.013503333333333332	0.6333333333333334	114.76	12.077	0.01361	1.220276208411802	108.31166666666667	6.647666666666666	0.008851666666666666	0.62	109.28	5.6265	0.00481	1.0205673758865246	70.186	1.8214000000000001	0.006174	-0.27999999999999997	71.29	1.79	0.00664	-0.22493617021276593	73.705	1.1735	0.005974999999999999	-0.44999999999999996	73.36500000000001	1.0545	0.00465	-0.5150826446280992	78.206	1.6047999999999998	0.006871999999999999	0.045999999999999944	77.59	1.599	0.0069700000000000005	-0.22473429951690826	0
ENST00000416718.2	232	126.016	7.2518	0.006108000000000001	1.0419999999999998	126.79	9.598	0.00365	-0.07502551020408159	113.87	11.789666666666667	0.013503333333333332	0.6333333333333334	114.76	12.077	0.01361	1.220276208411802	108.31166666666667	6.647666666666666	0.008851666666666666	0.62	109.28	5.6265	0.00481	1.0205673758865246	70.186	1.8214000000000001	0.006174	-0.27999999999999997	71.29	1.79	0.00664	-0.22493617021276593	73.705	1.1735	0.005974999999999999	-0.44999999999999996	73.36500000000001	1.0545	0.00465	-0.5150826446280992	78.206	1.6047999999999998	0.006871999999999999	0.045999999999999944	77.59	1.599	0.0069700000000000005	-0.22473429951690826	87.05625000000002	2.3978695652173907	0.005889999999999999	0.58	86.45	2.3425000000000002	0.005145	0.04255198487712647	0
ENST00000416718.2	233	113.87	11.789666666666667	0.013503333333333332	0.6333333333333334	114.76	12.077	0.01361	1.220276208411802	108.31166666666667	6.647666666666666	0.008851666666666666	0.62	109.28	5.6265	0.00481	1.0205673758865246	70.186	1.8214000000000001	0.006174	-0.27999999999999997	71.29	1.79	0.00664	-0.22493617021276593	73.705	1.1735	0.005974999999999999	-0.44999999999999996	73.36500000000001	1.0545	0.00465	-0.5150826446280992	78.206	1.6047999999999998	0.006871999999999999	0.045999999999999944	77.59	1.599	0.0069700000000000005	-0.22473429951690826	87.05625000000002	2.3978695652173907	0.005889999999999999	0.58	86.45	2.3425000000000002	0.005145	0.04255198487712647	99.517	3.5803	0.005146	0.11200000000000002	100.8	3.411	0.00448	-0.10268170426065172	0
ENST00000416718.2	234	108.31166666666667	6.647666666666666	0.008851666666666666	0.62	109.28	5.6265	0.00481	1.0205673758865246	70.186	1.8214000000000001	0.006174	-0.27999999999999997	71.29	1.79	0.00664	-0.22493617021276593	73.705	1.1735	0.005974999999999999	-0.44999999999999996	73.36500000000001	1.0545	0.00465	-0.5150826446280992	78.206	1.6047999999999998	0.006871999999999999	0.045999999999999944	77.59	1.599	0.0069700000000000005	-0.22473429951690826	87.05625000000002	2.3978695652173907	0.005889999999999999	0.58	86.45	2.3425000000000002	0.005145	0.04255198487712647	99.517	3.5803	0.005146	0.11200000000000002	100.8	3.411	0.00448	-0.10268170426065172	114.45833333333333	3.4311666666666665	0.013558333333333334	-0.38999999999999996	116.225	4.023	0.014275	-0.3272222222222222	0
ENST00000416718.2	235	70.186	1.8214000000000001	0.006174	-0.27999999999999997	71.29	1.79	0.00664	-0.22493617021276593	73.705	1.1735	0.005974999999999999	-0.44999999999999996	73.36500000000001	1.0545	0.00465	-0.5150826446280992	78.206	1.6047999999999998	0.006871999999999999	0.045999999999999944	77.59	1.599	0.0069700000000000005	-0.22473429951690826	87.05625000000002	2.3978695652173907	0.005889999999999999	0.58	86.45	2.3425000000000002	0.005145	0.04255198487712647	99.517	3.5803	0.005146	0.11200000000000002	100.8	3.411	0.00448	-0.10268170426065172	114.45833333333333	3.4311666666666665	0.013558333333333334	-0.38999999999999996	116.225	4.023	0.014275	-0.3272222222222222	91.22363636363637	4.540272727272728	0.0066390909090909105	-0.4627272727272727	91.34	4.225	0.00531	-0.27702663578459746	0
ENST00000416718.2	236	73.705	1.1735	0.005974999999999999	-0.44999999999999996	73.36500000000001	1.0545	0.00465	-0.5150826446280992	78.206	1.6047999999999998	0.006871999999999999	0.045999999999999944	77.59	1.599	0.0069700000000000005	-0.22473429951690826	87.05625000000002	2.3978695652173907	0.005889999999999999	0.58	86.45	2.3425000000000002	0.005145	0.04255198487712647	99.517	3.5803	0.005146	0.11200000000000002	100.8	3.411	0.00448	-0.10268170426065172	114.45833333333333	3.4311666666666665	0.013558333333333334	-0.38999999999999996	116.225	4.023	0.014275	-0.3272222222222222	91.22363636363637	4.540272727272728	0.0066390909090909105	-0.4627272727272727	91.34	4.225	0.00531	-0.27702663578459746	75.43625	1.9662500000000003	0.0043974999999999995	-0.88375	74.71000000000001	1.8559999999999999	0.004315	-0.0636904761904761	0
ENST00000416718.2	237	78.206	1.6047999999999998	0.006871999999999999	0.045999999999999944	77.59	1.599	0.0069700000000000005	-0.22473429951690826	87.05625000000002	2.3978695652173907	0.005889999999999999	0.58	86.45	2.3425000000000002	0.005145	0.04255198487712647	99.517	3.5803	0.005146	0.11200000000000002	100.8	3.411	0.00448	-0.10268170426065172	114.45833333333333	3.4311666666666665	0.013558333333333334	-0.38999999999999996	116.225	4.023	0.014275	-0.3272222222222222	91.22363636363637	4.540272727272728	0.0066390909090909105	-0.4627272727272727	91.34	4.225	0.00531	-0.27702663578459746	75.43625	1.9662500000000003	0.0043974999999999995	-0.88375	74.71000000000001	1.8559999999999999	0.004315	-0.0636904761904761	83.328	4.318375	0.0068043750000000005	0.53	82.345	3.371	0.006144999999999999	0.3579795597484275	0
ENST00000416718.2	238	87.05625000000002	2.3978695652173907	0.005889999999999999	0.58	86.45	2.3425000000000002	0.005145	0.04255198487712647	99.517	3.5803	0.005146	0.11200000000000002	100.8	3.411	0.00448	-0.10268170426065172	114.45833333333333	3.4311666666666665	0.013558333333333334	-0.38999999999999996	116.225	4.023	0.014275	-0.3272222222222222	91.22363636363637	4.540272727272728	0.0066390909090909105	-0.4627272727272727	91.34	4.225	0.00531	-0.27702663578459746	75.43625	1.9662500000000003	0.0043974999999999995	-0.88375	74.71000000000001	1.8559999999999999	0.004315	-0.0636904761904761	83.328	4.318375	0.0068043750000000005	0.53	82.345	3.371	0.006144999999999999	0.3579795597484275	93.36	6.067499999999999	0.00274	1.525	94.235	6.0825	0.0028250000000000003	0.2183734939759033	0
ENST00000416718.2	241	91.22363636363637	4.540272727272728	0.0066390909090909105	-0.4627272727272727	91.34	4.225	0.00531	-0.27702663578459746	75.43625	1.9662500000000003	0.0043974999999999995	-0.88375	74.71000000000001	1.8559999999999999	0.004315	-0.0636904761904761	83.328	4.318375	0.0068043750000000005	0.53	82.345	3.371	0.006144999999999999	0.3579795597484275	93.36	6.067499999999999	0.00274	1.525	94.235	6.0825	0.0028250000000000003	0.2183734939759033	116.86	3.0813333333333333	0.004873333333333334	0.24666666666666662	116.13	2.774	0.00432	-0.23917695473251027	125.4275	5.375916666666666	0.00492	0.3408333333333333	126.295	5.1875	0.00498	0.6958727655099893	114.77	7.467333333333333	0.0028766666666666663	-1.8	117.12	9.317	0.00266	0.46418300653594785	0
ENST00000416718.2	242	75.43625	1.9662500000000003	0.0043974999999999995	-0.88375	74.71000000000001	1.8559999999999999	0.004315	-0.0636904761904761	83.328	4.318375	0.0068043750000000005	0.53	82.345	3.371	0.006144999999999999	0.3579795597484275	93.36	6.067499999999999	0.00274	1.525	94.235	6.0825	0.0028250000000000003	0.2183734939759033	116.86	3.0813333333333333	0.004873333333333334	0.24666666666666662	116.13	2.774	0.00432	-0.23917695473251027	125.4275	5.375916666666666	0.00492	0.3408333333333333	126.295	5.1875	0.00498	0.6958727655099893	114.77	7.467333333333333	0.0028766666666666663	-1.8	117.12	9.317	0.00266	0.46418300653594785	82.23	3.139333333333333	0.007526666666666668	-0.75	81.56	3.377	0.0083	-0.5001061571125266	0
ENST00000416718.2	243	83.328	4.318375	0.0068043750000000005	0.53	82.345	3.371	0.006144999999999999	0.3579795597484275	93.36	6.067499999999999	0.00274	1.525	94.235	6.0825	0.0028250000000000003	0.2183734939759033	116.86	3.0813333333333333	0.004873333333333334	0.24666666666666662	116.13	2.774	0.00432	-0.23917695473251027	125.4275	5.375916666666666	0.00492	0.3408333333333333	126.295	5.1875	0.00498	0.6958727655099893	114.77	7.467333333333333	0.0028766666666666663	-1.8	117.12	9.317	0.00266	0.46418300653594785	82.23	3.139333333333333	0.007526666666666668	-0.75	81.56	3.377	0.0083	-0.5001061571125266	86.75083333333333	2.2630000000000003	0.007026666666666666	-0.65	85.88499999999999	2.161	0.00581	-0.2555921052631578	0
ENST00000416718.2	244	93.36	6.067499999999999	0.00274	1.525	94.235	6.0825	0.0028250000000000003	0.2183734939759033	116.86	3.0813333333333333	0.004873333333333334	0.24666666666666662	116.13	2.774	0.00432	-0.23917695473251027	125.4275	5.375916666666666	0.00492	0.3408333333333333	126.295	5.1875	0.00498	0.6958727655099893	114.77	7.467333333333333	0.0028766666666666663	-1.8	117.12	9.317	0.00266	0.46418300653594785	82.23	3.139333333333333	0.007526666666666668	-0.75	81.56	3.377	0.0083	-0.5001061571125266	86.75083333333333	2.2630000000000003	0.007026666666666666	-0.65	85.88499999999999	2.161	0.00581	-0.2555921052631578	109.17909090909092	1.7884545454545455	0.004706363636363636	0.3433333333333333	109.755	1.7245	0.00398	-0.4249342297573808	0
ENST00000416718.2	245	116.86	3.0813333333333333	0.004873333333333334	0.24666666666666662	116.13	2.774	0.00432	-0.23917695473251027	125.4275	5.375916666666666	0.00492	0.3408333333333333	126.295	5.1875	0.00498	0.6958727655099893	114.77	7.467333333333333	0.0028766666666666663	-1.8	117.12	9.317	0.00266	0.46418300653594785	82.23	3.139333333333333	0.007526666666666668	-0.75	81.56	3.377	0.0083	-0.5001061571125266	86.75083333333333	2.2630000000000003	0.007026666666666666	-0.65	85.88499999999999	2.161	0.00581	-0.2555921052631578	109.17909090909092	1.7884545454545455	0.004706363636363636	0.3433333333333333	109.755	1.7245	0.00398	-0.4249342297573808	108.505	3.717	0.003485	0.64	108.505	3.717	0.003485	-0.34789473684210526	0
ENST00000416718.2	247	114.77	7.467333333333333	0.0028766666666666663	-1.8	117.12	9.317	0.00266	0.46418300653594785	82.23	3.139333333333333	0.007526666666666668	-0.75	81.56	3.377	0.0083	-0.5001061571125266	86.75083333333333	2.2630000000000003	0.007026666666666666	-0.65	85.88499999999999	2.161	0.00581	-0.2555921052631578	109.17909090909092	1.7884545454545455	0.004706363636363636	0.3433333333333333	109.755	1.7245	0.00398	-0.4249342297573808	108.505	3.717	0.003485	0.64	108.505	3.717	0.003485	-0.34789473684210526	73.01833333333333	1.1546666666666667	0.003681818181818182	-0.1758333333333333	72.685	1.1295	0.0028250000000000003	-0.49797101449275355	72.92250000000001	1.5190000000000001	0.00465	0.9075	73.795	1.4985	0.00465	-0.3536170212765957	0
ENST00000416718.2	250	109.17909090909092	1.7884545454545455	0.004706363636363636	0.3433333333333333	109.755	1.7245	0.00398	-0.4249342297573808	108.505	3.717	0.003485	0.64	108.505	3.717	0.003485	-0.34789473684210526	73.01833333333333	1.1546666666666667	0.003681818181818182	-0.1758333333333333	72.685	1.1295	0.0028250000000000003	-0.49797101449275355	72.92250000000001	1.5190000000000001	0.00465	0.9075	73.795	1.4985	0.00465	-0.3536170212765957	84.25999999999999	1.785	0.007885	0.485	84.41	1.9899999999999998	0.0083	-0.32129277566539927	92.24428571428572	2.2100714285714287	0.005599333333333333	-0.06	93.99	1.994	0.00531	-0.1596686583378598	87.06	2.5100000000000002	0.0045179999999999994	-1.058	85.09	2.852	0.00432	-0.5461121157323688	0
ENST00000416718.2	251	108.505	3.717	0.003485	0.64	108.505	3.717	0.003485	-0.34789473684210526	73.01833333333333	1.1546666666666667	0.003681818181818182	-0.1758333333333333	72.685	1.1295	0.0028250000000000003	-0.49797101449275355	72.92250000000001	1.5190000000000001	0.00465	0.9075	73.795	1.4985	0.00465	-0.3536170212765957	84.25999999999999	1.785	0.007885	0.485	84.41	1.9899999999999998	0.0083	-0.32129277566539927	92.24428571428572	2.2100714285714287	0.005599333333333333	-0.06	93.99	1.994	0.00531	-0.1596686583378598	87.06	2.5100000000000002	0.0045179999999999994	-1.058	85.09	2.852	0.00432	-0.5461121157323688	77.756	1.2958	0.005976	0.07200000000000002	78.39	1.139	0.00664	-0.342233502538071	0
ENST00000416718.2	252	73.01833333333333	1.1546666666666667	0.003681818181818182	-0.1758333333333333	72.685	1.1295	0.0028250000000000003	-0.49797101449275355	72.92250000000001	1.5190000000000001	0.00465	0.9075	73.795	1.4985	0.00465	-0.3536170212765957	84.25999999999999	1.785	0.007885	0.485	84.41	1.9899999999999998	0.0083	-0.32129277566539927	92.24428571428572	2.2100714285714287	0.005599333333333333	-0.06	93.99	1.994	0.00531	-0.1596686583378598	87.06	2.5100000000000002	0.0045179999999999994	-1.058	85.09	2.852	0.00432	-0.5461121157323688	77.756	1.2958	0.005976	0.07200000000000002	78.39	1.139	0.00664	-0.342233502538071	87.06666666666666	1.866666666666667	0.00974	0.7799999999999999	87.0	1.743	0.00697	-0.24119241192411914	0
ENST00000416718.2	253	72.92250000000001	1.5190000000000001	0.00465	0.9075	73.795	1.4985	0.00465	-0.3536170212765957	84.25999999999999	1.785	0.007885	0.485	84.41	1.9899999999999998	0.0083	-0.32129277566539927	92.24428571428572	2.2100714285714287	0.005599333333333333	-0.06	93.99	1.994	0.00531	-0.1596686583378598	87.06	2.5100000000000002	0.0045179999999999994	-1.058	85.09	2.852	0.00432	-0.5461121157323688	77.756	1.2958	0.005976	0.07200000000000002	78.39	1.139	0.00664	-0.342233502538071	87.06666666666666	1.866666666666667	0.00974	0.7799999999999999	87.0	1.743	0.00697	-0.24119241192411914	90.21000000000001	2.332	0.002986	-1.254	89.98	2.468	0.00299	-0.11330798479087455	1
ENST00000416718.2	255	92.24428571428572	2.2100714285714287	0.005599333333333333	-0.06	93.99	1.994	0.00531	-0.1596686583378598	87.06	2.5100000000000002	0.0045179999999999994	-1.058	85.09	2.852	0.00432	-0.5461121157323688	77.756	1.2958	0.005976	0.07200000000000002	78.39	1.139	0.00664	-0.342233502538071	87.06666666666666	1.866666666666667	0.00974	0.7799999999999999	87.0	1.743	0.00697	-0.24119241192411914	90.21000000000001	2.332	0.002986	-1.254	89.98	2.468	0.00299	-0.11330798479087455	74.4	3.15475	0.00581	-0.18	80.31	3.5389999999999997	0.00548	-0.4295207956600362	85.84111111111112	1.8694444444444445	0.006271111111111112	0.2677777777777778	86.46	1.824	0.00498	-0.24006323396567297	1
ENST00000416718.2	268	112.67666666666666	3.189	0.005368333333333333	0.5366666666666667	113.625	3.2345	0.00515	-0.4567291311754685	127.03800000000001	3.6962	0.004716	0.47800000000000004	130.33	2.746	0.00332	-0.33521582733812944	115.08	3.067	0.00863	2.01	115.08	3.067	0.00863	-0.24458128078817723	119.64545454545454	4.046545454545454	0.004350000000000001	0.032727272727272765	118.87	3.584	0.00465	0.004105571847507079	132.83499999999998	4.1865	0.00664	0.8200000000000001	132.83499999999998	4.1865	0.00664	-0.44105473965287056	82.12666666666667	1.492	0.007636666666666667	1.2866666666666668	81.33	1.857	0.00697	-0.24263959390862944	81.88285714285713	0.9918571428571429	0.009011428571428571	0.4785714285714285	81.99	0.946	0.00299	-0.49651921682378536	1
ENST00000416718.2	269	127.03800000000001	3.6962	0.004716	0.47800000000000004	130.33	2.746	0.00332	-0.33521582733812944	115.08	3.067	0.00863	2.01	115.08	3.067	0.00863	-0.24458128078817723	119.64545454545454	4.046545454545454	0.004350000000000001	0.032727272727272765	118.87	3.584	0.00465	0.004105571847507079	132.83499999999998	4.1865	0.00664	0.8200000000000001	132.83499999999998	4.1865	0.00664	-0.44105473965287056	82.12666666666667	1.492	0.007636666666666667	1.2866666666666668	81.33	1.857	0.00697	-0.24263959390862944	81.88285714285713	0.9918571428571429	0.009011428571428571	0.4785714285714285	81.99	0.946	0.00299	-0.49651921682378536	81.40833333333333	1.0843333333333331	0.0064733333333333335	0.19666666666666666	81.845	1.1545	0.00664	-0.44957698815566843	1
ENST00000416718.2	278	80.33571428571429	1.2185714285714284	0.006971428571428572	0.2671428571428572	80.8	1.289	0.00498	-0.4113181504485853	79.95666666666666	2.134	0.007083333333333333	-0.38	78.31	2.124	0.00764	0.030917874396135296	76.6	0.884	0.00764	-0.12	76.6	0.884	0.00764	-0.6347107438016529	76.00999999999999	1.31875	0.0096275	-0.73	76.06	1.2155	0.00913	-0.36292270531400955	80.89	1.222	0.0176	0.03	80.89	1.222	0.0176	-0.468695652173913	88.52903225806452	1.346774193548387	0.005193870967741935	0.38258064516129037	88.965	1.3865	0.004815	-0.4820099255583127	95.22749999999999	1.904375	0.00800875	-0.37124999999999997	95.23500000000001	1.845	0.00747	-0.5066386010362695	0
ENST00000416718.2	279	79.95666666666666	2.134	0.007083333333333333	-0.38	78.31	2.124	0.00764	0.030917874396135296	76.6	0.884	0.00764	-0.12	76.6	0.884	0.00764	-0.6347107438016529	76.00999999999999	1.31875	0.0096275	-0.73	76.06	1.2155	0.00913	-0.36292270531400955	80.89	1.222	0.0176	0.03	80.89	1.222	0.0176	-0.468695652173913	88.52903225806452	1.346774193548387	0.005193870967741935	0.38258064516129037	88.965	1.3865	0.004815	-0.4820099255583127	95.22749999999999	1.904375	0.00800875	-0.37124999999999997	95.23500000000001	1.845	0.00747	-0.5066386010362695	87.05428571428571	3.431142857142857	0.00716	-0.10285714285714276	88.78	3.806	0.00697	-0.32590513612124616	0
ENST00000416718.2	286	99.72999999999999	12.736	0.008964999999999999	0.10000000000000003	99.72999999999999	12.736	0.008964999999999999	0.6244897959183675	120.19666666666667	4.668	0.005756666666666667	-0.053333333333333316	121.11	4.624	0.00598	0.4725552050473187	131.23999999999998	4.794	0.0105425	0.20249999999999996	131.08999999999997	4.241	0.010295	-0.06000000000000001	95.47874999999999	2.721	0.00709625	0.345	95.1	2.1945	0.006805	-0.5079566003616637	79.15666666666667	1.5376666666666667	0.008963333333333334	-0.79	78.78	1.498	0.00764	-0.21945854483925545	80.81333333333333	1.3803333333333334	0.004646666666666666	0.010000000000000009	80.54	1.407	0.00531	-0.2993231810490693	78.515	1.16275	0.00639	0.2325	78.33000000000001	1.1745	0.005974999999999999	-0.4097715736040609	1
ENST00000416718.2	287	120.19666666666667	4.668	0.005756666666666667	-0.053333333333333316	121.11	4.624	0.00598	0.4725552050473187	131.23999999999998	4.794	0.0105425	0.20249999999999996	131.08999999999997	4.241	0.010295	-0.06000000000000001	95.47874999999999	2.721	0.00709625	0.345	95.1	2.1945	0.006805	-0.5079566003616637	79.15666666666667	1.5376666666666667	0.008963333333333334	-0.79	78.78	1.498	0.00764	-0.21945854483925545	80.81333333333333	1.3803333333333334	0.004646666666666666	0.010000000000000009	80.54	1.407	0.00531	-0.2993231810490693	78.515	1.16275	0.00639	0.2325	78.33000000000001	1.1745	0.005974999999999999	-0.4097715736040609	80.18	1.312	0.00631	0.195	80.18	1.312	0.00631	-0.366183574879227	0
ENST00000416718.2	288	131.23999999999998	4.794	0.0105425	0.20249999999999996	131.08999999999997	4.241	0.010295	-0.06000000000000001	95.47874999999999	2.721	0.00709625	0.345	95.1	2.1945	0.006805	-0.5079566003616637	79.15666666666667	1.5376666666666667	0.008963333333333334	-0.79	78.78	1.498	0.00764	-0.21945854483925545	80.81333333333333	1.3803333333333334	0.004646666666666666	0.010000000000000009	80.54	1.407	0.00531	-0.2993231810490693	78.515	1.16275	0.00639	0.2325	78.33000000000001	1.1745	0.005974999999999999	-0.4097715736040609	80.18	1.312	0.00631	0.195	80.18	1.312	0.00631	-0.366183574879227	80.44	1.69425	0.006554999999999999	0.3025	80.145	1.221	0.005809999999999999	-0.1815217391304347	0
ENST00000416718.2	289	95.47874999999999	2.721	0.00709625	0.345	95.1	2.1945	0.006805	-0.5079566003616637	79.15666666666667	1.5376666666666667	0.008963333333333334	-0.79	78.78	1.498	0.00764	-0.21945854483925545	80.81333333333333	1.3803333333333334	0.004646666666666666	0.010000000000000009	80.54	1.407	0.00531	-0.2993231810490693	78.515	1.16275	0.00639	0.2325	78.33000000000001	1.1745	0.005974999999999999	-0.4097715736040609	80.18	1.312	0.00631	0.195	80.18	1.312	0.00631	-0.366183574879227	80.44	1.69425	0.006554999999999999	0.3025	80.145	1.221	0.005809999999999999	-0.1815217391304347	89.4	2.585	0.006805	-0.495	89.4	2.585	0.006805	-0.09298245614035092	0
ENST00000416718.2	290	79.15666666666667	1.5376666666666667	0.008963333333333334	-0.79	78.78	1.498	0.00764	-0.21945854483925545	80.81333333333333	1.3803333333333334	0.004646666666666666	0.010000000000000009	80.54	1.407	0.00531	-0.2993231810490693	78.515	1.16275	0.00639	0.2325	78.33000000000001	1.1745	0.005974999999999999	-0.4097715736040609	80.18	1.312	0.00631	0.195	80.18	1.312	0.00631	-0.366183574879227	80.44	1.69425	0.006554999999999999	0.3025	80.145	1.221	0.005809999999999999	-0.1815217391304347	89.4	2.585	0.006805	-0.495	89.4	2.585	0.006805	-0.09298245614035092	110.53	6.9555	0.0083	0.745	110.53	6.9555	0.0083	0.5491091314031179	0
ENST00000416718.2	291	80.81333333333333	1.3803333333333334	0.004646666666666666	0.010000000000000009	80.54	1.407	0.00531	-0.2993231810490693	78.515	1.16275	0.00639	0.2325	78.33000000000001	1.1745	0.005974999999999999	-0.4097715736040609	80.18	1.312	0.00631	0.195	80.18	1.312	0.00631	-0.366183574879227	80.44	1.69425	0.006554999999999999	0.3025	80.145	1.221	0.005809999999999999	-0.1815217391304347	89.4	2.585	0.006805	-0.495	89.4	2.585	0.006805	-0.09298245614035092	110.53	6.9555	0.0083	0.745	110.53	6.9555	0.0083	0.5491091314031179	121.53833333333334	4.526166666666667	0.007966666666666667	0.48166666666666663	122.545	3.763	0.002985	-0.20454012888107798	0
ENST00000416718.2	292	78.515	1.16275	0.00639	0.2325	78.33000000000001	1.1745	0.005974999999999999	-0.4097715736040609	80.18	1.312	0.00631	0.195	80.18	1.312	0.00631	-0.366183574879227	80.44	1.69425	0.006554999999999999	0.3025	80.145	1.221	0.005809999999999999	-0.1815217391304347	89.4	2.585	0.006805	-0.495	89.4	2.585	0.006805	-0.09298245614035092	110.53	6.9555	0.0083	0.745	110.53	6.9555	0.0083	0.5491091314031179	121.53833333333334	4.526166666666667	0.007966666666666667	0.48166666666666663	122.545	3.763	0.002985	-0.20454012888107798	109.5975	7.31175	0.013115000000000002	1.5699999999999998	109.21000000000001	7.527	0.004815	1.421109271523179	0
ENST00000416718.2	293	80.18	1.312	0.00631	0.195	80.18	1.312	0.00631	-0.366183574879227	80.44	1.69425	0.006554999999999999	0.3025	80.145	1.221	0.005809999999999999	-0.1815217391304347	89.4	2.585	0.006805	-0.495	89.4	2.585	0.006805	-0.09298245614035092	110.53	6.9555	0.0083	0.745	110.53	6.9555	0.0083	0.5491091314031179	121.53833333333334	4.526166666666667	0.007966666666666667	0.48166666666666663	122.545	3.763	0.002985	-0.20454012888107798	109.5975	7.31175	0.013115000000000002	1.5699999999999998	109.21000000000001	7.527	0.004815	1.421109271523179	115.17500000000001	3.5735	0.00448	0.86	115.17500000000001	3.5735	0.00448	0.08617021276595747	0
ENST00000416718.2	301	75.91000000000001	1.3274000000000001	0.00458	-0.15	75.41	1.151	0.00432	-0.4514876033057851	79.70666666666666	1.2416666666666667	0.00664	-0.02333333333333328	81.12	1.261	0.00432	-0.36971235194585444	79.73666666666666	1.4723333333333333	0.004206666666666667	0.15666666666666665	79.9	1.429	0.00432	-0.25262267343485617	82.225	2.1265	0.00266	-0.18500000000000005	82.225	2.1265	0.00266	-0.13556910569105687	76.95250000000001	1.51825	0.010624999999999999	0.06250000000000003	77.905	1.4045	0.008964999999999999	-0.2770238095238095	75.29	0.9365	0.00282	-0.7000000000000001	75.29	0.9365	0.00282	-0.6667259786476868	73.01857142857143	1.9147142857142858	0.004648571428571428	-0.09	73.05	1.686	0.00398	-0.0925524712254569	0
ENST00000416718.2	302	79.70666666666666	1.2416666666666667	0.00664	-0.02333333333333328	81.12	1.261	0.00432	-0.36971235194585444	79.73666666666666	1.4723333333333333	0.004206666666666667	0.15666666666666665	79.9	1.429	0.00432	-0.25262267343485617	82.225	2.1265	0.00266	-0.18500000000000005	82.225	2.1265	0.00266	-0.13556910569105687	76.95250000000001	1.51825	0.010624999999999999	0.06250000000000003	77.905	1.4045	0.008964999999999999	-0.2770238095238095	75.29	0.9365	0.00282	-0.7000000000000001	75.29	0.9365	0.00282	-0.6667259786476868	73.01857142857143	1.9147142857142858	0.004648571428571428	-0.09	73.05	1.686	0.00398	-0.0925524712254569	80.055	2.2844999999999995	0.0046475	0.8275	80.36500000000001	1.9609999999999999	0.00415	0.21515957446808492	0
ENST00000416718.2	303	79.73666666666666	1.4723333333333333	0.004206666666666667	0.15666666666666665	79.9	1.429	0.00432	-0.25262267343485617	82.225	2.1265	0.00266	-0.18500000000000005	82.225	2.1265	0.00266	-0.13556910569105687	76.95250000000001	1.51825	0.010624999999999999	0.06250000000000003	77.905	1.4045	0.008964999999999999	-0.2770238095238095	75.29	0.9365	0.00282	-0.7000000000000001	75.29	0.9365	0.00282	-0.6667259786476868	73.01857142857143	1.9147142857142858	0.004648571428571428	-0.09	73.05	1.686	0.00398	-0.0925524712254569	80.055	2.2844999999999995	0.0046475	0.8275	80.36500000000001	1.9609999999999999	0.00415	0.21515957446808492	85.15	1.5805	0.01361	-0.045	85.15	1.5805	0.01361	-0.42106227106227107	0
ENST00000416718.2	304	82.225	2.1265	0.00266	-0.18500000000000005	82.225	2.1265	0.00266	-0.13556910569105687	76.95250000000001	1.51825	0.010624999999999999	0.06250000000000003	77.905	1.4045	0.008964999999999999	-0.2770238095238095	75.29	0.9365	0.00282	-0.7000000000000001	75.29	0.9365	0.00282	-0.6667259786476868	73.01857142857143	1.9147142857142858	0.004648571428571428	-0.09	73.05	1.686	0.00398	-0.0925524712254569	80.055	2.2844999999999995	0.0046475	0.8275	80.36500000000001	1.9609999999999999	0.00415	0.21515957446808492	85.15	1.5805	0.01361	-0.045	85.15	1.5805	0.01361	-0.42106227106227107	75.09	2.103	0.00664	-1.51	75.09	2.103	0.00664	-0.2621052631578947	0
ENST00000416718.2	305	76.95250000000001	1.51825	0.010624999999999999	0.06250000000000003	77.905	1.4045	0.008964999999999999	-0.2770238095238095	75.29	0.9365	0.00282	-0.7000000000000001	75.29	0.9365	0.00282	-0.6667259786476868	73.01857142857143	1.9147142857142858	0.004648571428571428	-0.09	73.05	1.686	0.00398	-0.0925524712254569	80.055	2.2844999999999995	0.0046475	0.8275	80.36500000000001	1.9609999999999999	0.00415	0.21515957446808492	85.15	1.5805	0.01361	-0.045	85.15	1.5805	0.01361	-0.42106227106227107	75.09	2.103	0.00664	-1.51	75.09	2.103	0.00664	-0.2621052631578947	67.15	0.9125000000000001	0.003985	-0.835	67.15	0.9125000000000001	0.003985	-0.6032608695652173	0
ENST00000416718.2	306	75.29	0.9365	0.00282	-0.7000000000000001	75.29	0.9365	0.00282	-0.6667259786476868	73.01857142857143	1.9147142857142858	0.004648571428571428	-0.09	73.05	1.686	0.00398	-0.0925524712254569	80.055	2.2844999999999995	0.0046475	0.8275	80.36500000000001	1.9609999999999999	0.00415	0.21515957446808492	85.15	1.5805	0.01361	-0.045	85.15	1.5805	0.01361	-0.42106227106227107	75.09	2.103	0.00664	-1.51	75.09	2.103	0.00664	-0.2621052631578947	67.15	0.9125000000000001	0.003985	-0.835	67.15	0.9125000000000001	0.003985	-0.6032608695652173	75.465	1.6285	0.00382	1.05	75.465	1.6285	0.00382	-0.22819905213270134	0
ENST00000416718.2	307	73.01857142857143	1.9147142857142858	0.004648571428571428	-0.09	73.05	1.686	0.00398	-0.0925524712254569	80.055	2.2844999999999995	0.0046475	0.8275	80.36500000000001	1.9609999999999999	0.00415	0.21515957446808492	85.15	1.5805	0.01361	-0.045	85.15	1.5805	0.01361	-0.42106227106227107	75.09	2.103	0.00664	-1.51	75.09	2.103	0.00664	-0.2621052631578947	67.15	0.9125000000000001	0.003985	-0.835	67.15	0.9125000000000001	0.003985	-0.6032608695652173	75.465	1.6285	0.00382	1.05	75.465	1.6285	0.00382	-0.22819905213270134	92.61500000000001	2.391	0.00432	-0.04	92.61500000000001	2.391	0.00432	-0.5302554027504911	0
ENST00000416718.2	308	80.055	2.2844999999999995	0.0046475	0.8275	80.36500000000001	1.9609999999999999	0.00415	0.21515957446808492	85.15	1.5805	0.01361	-0.045	85.15	1.5805	0.01361	-0.42106227106227107	75.09	2.103	0.00664	-1.51	75.09	2.103	0.00664	-0.2621052631578947	67.15	0.9125000000000001	0.003985	-0.835	67.15	0.9125000000000001	0.003985	-0.6032608695652173	75.465	1.6285	0.00382	1.05	75.465	1.6285	0.00382	-0.22819905213270134	92.61500000000001	2.391	0.00432	-0.04	92.61500000000001	2.391	0.00432	-0.5302554027504911	107.12	7.641	0.01029	0.77	107.12	7.641	0.01029	1.530132450331126	0
ENST00000416718.2	320	120.30666666666666	6.2796666666666665	0.00631	0.46666666666666656	116.39	4.132	0.00631	0.7689201877934273	75.62166666666667	2.0125	0.0064199999999999995	-0.835	74.66	1.2765	0.006475	-0.293859649122807	71.91	3.115	0.01029	1.35	71.91	3.115	0.01029	0.3543478260869567	62.5	1.454	0.00996	-0.86	62.5	1.454	0.00996	-0.2975845410628019	68.77	2.0	0.00531	-0.69	68.77	2.0	0.00531	-0.05213270142180089	78.93	1.5125000000000002	0.00432	2.535	78.93	1.5125000000000002	0.00432	-0.19547872340425518	79.02499999999999	1.52525	0.0043175	0.9975	78.93	1.5955	0.003155	-0.4572064056939502	0
ENST00000416718.2	321	75.62166666666667	2.0125	0.0064199999999999995	-0.835	74.66	1.2765	0.006475	-0.293859649122807	71.91	3.115	0.01029	1.35	71.91	3.115	0.01029	0.3543478260869567	62.5	1.454	0.00996	-0.86	62.5	1.454	0.00996	-0.2975845410628019	68.77	2.0	0.00531	-0.69	68.77	2.0	0.00531	-0.05213270142180089	78.93	1.5125000000000002	0.00432	2.535	78.93	1.5125000000000002	0.00432	-0.19547872340425518	79.02499999999999	1.52525	0.0043175	0.9975	78.93	1.5955	0.003155	-0.4572064056939502	66.08500000000001	2.3635	0.012450000000000001	-0.20999999999999996	66.08500000000001	2.3635	0.012450000000000001	0.14178743961352674	0
ENST00000416718.2	322	71.91	3.115	0.01029	1.35	71.91	3.115	0.01029	0.3543478260869567	62.5	1.454	0.00996	-0.86	62.5	1.454	0.00996	-0.2975845410628019	68.77	2.0	0.00531	-0.69	68.77	2.0	0.00531	-0.05213270142180089	78.93	1.5125000000000002	0.00432	2.535	78.93	1.5125000000000002	0.00432	-0.19547872340425518	79.02499999999999	1.52525	0.0043175	0.9975	78.93	1.5955	0.003155	-0.4572064056939502	66.08500000000001	2.3635	0.012450000000000001	-0.20999999999999996	66.08500000000001	2.3635	0.012450000000000001	0.14178743961352674	67.48333333333333	0.822	0.0024333333333333334	1.7666666666666668	68.02	0.603	0.00232	-0.6028985507246376	0
ENST00000416718.2	323	62.5	1.454	0.00996	-0.86	62.5	1.454	0.00996	-0.2975845410628019	68.77	2.0	0.00531	-0.69	68.77	2.0	0.00531	-0.05213270142180089	78.93	1.5125000000000002	0.00432	2.535	78.93	1.5125000000000002	0.00432	-0.19547872340425518	79.02499999999999	1.52525	0.0043175	0.9975	78.93	1.5955	0.003155	-0.4572064056939502	66.08500000000001	2.3635	0.012450000000000001	-0.20999999999999996	66.08500000000001	2.3635	0.012450000000000001	0.14178743961352674	67.48333333333333	0.822	0.0024333333333333334	1.7666666666666668	68.02	0.603	0.00232	-0.6028985507246376	62.64	1.6405	0.00498	0.06999999999999995	62.64	1.6405	0.00498	-0.2074879227053139	0
ENST00000416718.2	324	68.77	2.0	0.00531	-0.69	68.77	2.0	0.00531	-0.05213270142180089	78.93	1.5125000000000002	0.00432	2.535	78.93	1.5125000000000002	0.00432	-0.19547872340425518	79.02499999999999	1.52525	0.0043175	0.9975	78.93	1.5955	0.003155	-0.4572064056939502	66.08500000000001	2.3635	0.012450000000000001	-0.20999999999999996	66.08500000000001	2.3635	0.012450000000000001	0.14178743961352674	67.48333333333333	0.822	0.0024333333333333334	1.7666666666666668	68.02	0.603	0.00232	-0.6028985507246376	62.64	1.6405	0.00498	0.06999999999999995	62.64	1.6405	0.00498	-0.2074879227053139	66.18142857142857	1.5925714285714285	0.006972857142857142	1.1528571428571428	66.88	1.551	0.00531	-0.23064182194616972	0
ENST00000416718.2	335	86.43	1.887	0.01062	0.1	86.43	1.887	0.01062	-0.28250950570342204	98.69	2.9234999999999998	0.00598	0.445	98.69	2.9234999999999998	0.00598	-0.22658730158730161	103.765	4.1975	0.006805	1.315	103.765	4.1975	0.006805	-0.4646045918367347	111.94333333333333	6.468333333333334	0.007083333333333334	-0.3033333333333333	112.24	5.672	0.0073	0.5971193415637862	110.86666666666667	3.4873333333333334	0.00454	0.03000000000000001	109.67	2.607	0.00432	-0.13893004115226332	115.245	8.5595	0.0083	0.044999999999999984	115.245	8.5595	0.0083	1.1134567901234569	116.35	5.037	0.00963	-0.455	116.35	5.037	0.00963	0.5889589905362776	0
ENST00000416718.2	336	98.69	2.9234999999999998	0.00598	0.445	98.69	2.9234999999999998	0.00598	-0.22658730158730161	103.765	4.1975	0.006805	1.315	103.765	4.1975	0.006805	-0.4646045918367347	111.94333333333333	6.468333333333334	0.007083333333333334	-0.3033333333333333	112.24	5.672	0.0073	0.5971193415637862	110.86666666666667	3.4873333333333334	0.00454	0.03000000000000001	109.67	2.607	0.00432	-0.13893004115226332	115.245	8.5595	0.0083	0.044999999999999984	115.245	8.5595	0.0083	1.1134567901234569	116.35	5.037	0.00963	-0.455	116.35	5.037	0.00963	0.5889589905362776	120.67	5.918	0.00432	0.33	120.67	5.918	0.00432	0.23549060542797498	0
ENST00000416718.2	337	103.765	4.1975	0.006805	1.315	103.765	4.1975	0.006805	-0.4646045918367347	111.94333333333333	6.468333333333334	0.007083333333333334	-0.3033333333333333	112.24	5.672	0.0073	0.5971193415637862	110.86666666666667	3.4873333333333334	0.00454	0.03000000000000001	109.67	2.607	0.00432	-0.13893004115226332	115.245	8.5595	0.0083	0.044999999999999984	115.245	8.5595	0.0083	1.1134567901234569	116.35	5.037	0.00963	-0.455	116.35	5.037	0.00963	0.5889589905362776	120.67	5.918	0.00432	0.33	120.67	5.918	0.00432	0.23549060542797498	73.71	2.886	0.01129	-2.49	73.71	2.886	0.01129	-0.09245283018867925	0
ENST00000416718.2	338	111.94333333333333	6.468333333333334	0.007083333333333334	-0.3033333333333333	112.24	5.672	0.0073	0.5971193415637862	110.86666666666667	3.4873333333333334	0.00454	0.03000000000000001	109.67	2.607	0.00432	-0.13893004115226332	115.245	8.5595	0.0083	0.044999999999999984	115.245	8.5595	0.0083	1.1134567901234569	116.35	5.037	0.00963	-0.455	116.35	5.037	0.00963	0.5889589905362776	120.67	5.918	0.00432	0.33	120.67	5.918	0.00432	0.23549060542797498	73.71	2.886	0.01129	-2.49	73.71	2.886	0.01129	-0.09245283018867925	80.066	2.7448	0.008496	0.898	78.84	2.219	0.00896	0.46000000000000013	0
ENST00000416718.2	339	110.86666666666667	3.4873333333333334	0.00454	0.03000000000000001	109.67	2.607	0.00432	-0.13893004115226332	115.245	8.5595	0.0083	0.044999999999999984	115.245	8.5595	0.0083	1.1134567901234569	116.35	5.037	0.00963	-0.455	116.35	5.037	0.00963	0.5889589905362776	120.67	5.918	0.00432	0.33	120.67	5.918	0.00432	0.23549060542797498	73.71	2.886	0.01129	-2.49	73.71	2.886	0.01129	-0.09245283018867925	80.066	2.7448	0.008496	0.898	78.84	2.219	0.00896	0.46000000000000013	82.276	1.4968	0.0045839999999999995	-0.924	83.29	1.382	0.00432	-0.45172161172161174	0
ENST00000416718.2	347	99.875	3.64675	0.0072225	-0.5075000000000001	102.92	2.915	0.00714	-0.08602756892230583	108.30000000000001	4.544999999999999	0.008966666666666666	0.6000000000000001	110.05	6.361	0.00299	-0.1440677966101696	109.1776923076923	2.1610833333333335	0.0043425	0.8892307692307692	108.76	1.963	0.00365	-0.34313576494427556	67.02	3.3089999999999997	0.011285	0.795	67.02	3.3089999999999997	0.011285	0.5985507246376811	52.87	1.443	0.00266	-3.53	52.87	1.443	0.00266	-0.3028985507246376	61.72	1.752	0.00432	-0.45	61.72	1.752	0.00432	-0.15362318840579703	72.855	3.4625	0.0037324999999999997	-0.20249999999999999	73.47999999999999	2.0795	0.00365	0.6409952606635072	0
ENST00000416718.2	356	82.50999999999999	1.94175	0.00664125	-0.8975000000000001	82.67	1.9	0.00598	-0.3893867924528302	79.08500000000001	2.4105	0.0053100000000000005	-0.75	79.08500000000001	2.4105	0.0053100000000000005	-0.5264243614931238	105.125	9.0005	0.0054800000000000005	-0.8	105.125	9.0005	0.0054800000000000005	0.14802295918367356	108.76	9.1665	0.022744999999999998	-0.155	108.76	9.1665	0.022744999999999998	0.7262711864406779	108.51599999999999	4.5329999999999995	0.007502	-0.11200000000000003	109.09	4.482	0.00498	0.17435233160621752	79.36769230769231	2.4372142857142856	0.005463846153846154	-0.305	79.625	1.9915	0.00465	0.1442320590207914	86.00666666666666	1.500333333333333	0.004869999999999999	-0.15	86.2	1.646	0.00598	-0.7367836257309942	0
ENST00000416718.2	357	79.08500000000001	2.4105	0.0053100000000000005	-0.75	79.08500000000001	2.4105	0.0053100000000000005	-0.5264243614931238	105.125	9.0005	0.0054800000000000005	-0.8	105.125	9.0005	0.0054800000000000005	0.14802295918367356	108.76	9.1665	0.022744999999999998	-0.155	108.76	9.1665	0.022744999999999998	0.7262711864406779	108.51599999999999	4.5329999999999995	0.007502	-0.11200000000000003	109.09	4.482	0.00498	0.17435233160621752	79.36769230769231	2.4372142857142856	0.005463846153846154	-0.305	79.625	1.9915	0.00465	0.1442320590207914	86.00666666666666	1.500333333333333	0.004869999999999999	-0.15	86.2	1.646	0.00598	-0.7367836257309942	77.8	1.086	0.00664	-0.23	77.8	1.086	0.00664	-0.5278260869565217	0
ENST00000416718.2	358	105.125	9.0005	0.0054800000000000005	-0.8	105.125	9.0005	0.0054800000000000005	0.14802295918367356	108.76	9.1665	0.022744999999999998	-0.155	108.76	9.1665	0.022744999999999998	0.7262711864406779	108.51599999999999	4.5329999999999995	0.007502	-0.11200000000000003	109.09	4.482	0.00498	0.17435233160621752	79.36769230769231	2.4372142857142856	0.005463846153846154	-0.305	79.625	1.9915	0.00465	0.1442320590207914	86.00666666666666	1.500333333333333	0.004869999999999999	-0.15	86.2	1.646	0.00598	-0.7367836257309942	77.8	1.086	0.00664	-0.23	77.8	1.086	0.00664	-0.5278260869565217	76.675	1.3565	0.01627	0.855	76.675	1.3565	0.01627	-0.2784574468085106	0
ENST00000416718.2	359	108.76	9.1665	0.022744999999999998	-0.155	108.76	9.1665	0.022744999999999998	0.7262711864406779	108.51599999999999	4.5329999999999995	0.007502	-0.11200000000000003	109.09	4.482	0.00498	0.17435233160621752	79.36769230769231	2.4372142857142856	0.005463846153846154	-0.305	79.625	1.9915	0.00465	0.1442320590207914	86.00666666666666	1.500333333333333	0.004869999999999999	-0.15	86.2	1.646	0.00598	-0.7367836257309942	77.8	1.086	0.00664	-0.23	77.8	1.086	0.00664	-0.5278260869565217	76.675	1.3565	0.01627	0.855	76.675	1.3565	0.01627	-0.2784574468085106	75.26	1.2125	0.00647	0.044999999999999984	75.26	1.2125	0.00647	-0.5685053380782918	0
ENST00000416718.2	360	108.51599999999999	4.5329999999999995	0.007502	-0.11200000000000003	109.09	4.482	0.00498	0.17435233160621752	79.36769230769231	2.4372142857142856	0.005463846153846154	-0.305	79.625	1.9915	0.00465	0.1442320590207914	86.00666666666666	1.500333333333333	0.004869999999999999	-0.15	86.2	1.646	0.00598	-0.7367836257309942	77.8	1.086	0.00664	-0.23	77.8	1.086	0.00664	-0.5278260869565217	76.675	1.3565	0.01627	0.855	76.675	1.3565	0.01627	-0.2784574468085106	75.26	1.2125	0.00647	0.044999999999999984	75.26	1.2125	0.00647	-0.5685053380782918	64.34	1.5675	0.006475	-0.815	64.34	1.5675	0.006475	-0.2427536231884058	0
ENST00000416718.2	361	79.36769230769231	2.4372142857142856	0.005463846153846154	-0.305	79.625	1.9915	0.00465	0.1442320590207914	86.00666666666666	1.500333333333333	0.004869999999999999	-0.15	86.2	1.646	0.00598	-0.7367836257309942	77.8	1.086	0.00664	-0.23	77.8	1.086	0.00664	-0.5278260869565217	76.675	1.3565	0.01627	0.855	76.675	1.3565	0.01627	-0.2784574468085106	75.26	1.2125	0.00647	0.044999999999999984	75.26	1.2125	0.00647	-0.5685053380782918	64.34	1.5675	0.006475	-0.815	64.34	1.5675	0.006475	-0.2427536231884058	66.97	1.894	0.00232	1.07	66.97	1.894	0.00232	-0.08502415458937196	0
ENST00000416718.2	362	86.00666666666666	1.500333333333333	0.004869999999999999	-0.15	86.2	1.646	0.00598	-0.7367836257309942	77.8	1.086	0.00664	-0.23	77.8	1.086	0.00664	-0.5278260869565217	76.675	1.3565	0.01627	0.855	76.675	1.3565	0.01627	-0.2784574468085106	75.26	1.2125	0.00647	0.044999999999999984	75.26	1.2125	0.00647	-0.5685053380782918	64.34	1.5675	0.006475	-0.815	64.34	1.5675	0.006475	-0.2427536231884058	66.97	1.894	0.00232	1.07	66.97	1.894	0.00232	-0.08502415458937196	80.35	2.1645	0.004815	0.9299999999999999	80.35	2.1645	0.004815	-0.22140287769784173	0
ENST00000416718.2	363	77.8	1.086	0.00664	-0.23	77.8	1.086	0.00664	-0.5278260869565217	76.675	1.3565	0.01627	0.855	76.675	1.3565	0.01627	-0.2784574468085106	75.26	1.2125	0.00647	0.044999999999999984	75.26	1.2125	0.00647	-0.5685053380782918	64.34	1.5675	0.006475	-0.815	64.34	1.5675	0.006475	-0.2427536231884058	66.97	1.894	0.00232	1.07	66.97	1.894	0.00232	-0.08502415458937196	80.35	2.1645	0.004815	0.9299999999999999	80.35	2.1645	0.004815	-0.22140287769784173	92.60666666666667	2.2096666666666667	0.008413333333333333	0.86	90.19	2.484	0.0083	-0.15012820512820516	0
ENST00000416718.2	364	76.675	1.3565	0.01627	0.855	76.675	1.3565	0.01627	-0.2784574468085106	75.26	1.2125	0.00647	0.044999999999999984	75.26	1.2125	0.00647	-0.5685053380782918	64.34	1.5675	0.006475	-0.815	64.34	1.5675	0.006475	-0.2427536231884058	66.97	1.894	0.00232	1.07	66.97	1.894	0.00232	-0.08502415458937196	80.35	2.1645	0.004815	0.9299999999999999	80.35	2.1645	0.004815	-0.22140287769784173	92.60666666666667	2.2096666666666667	0.008413333333333333	0.86	90.19	2.484	0.0083	-0.15012820512820516	97.56	3.7796	0.0055780000000000005	-0.9359999999999999	94.87	3.773	0.00432	0.06467605633802818	0
ENST00000416718.2	365	75.26	1.2125	0.00647	0.044999999999999984	75.26	1.2125	0.00647	-0.5685053380782918	64.34	1.5675	0.006475	-0.815	64.34	1.5675	0.006475	-0.2427536231884058	66.97	1.894	0.00232	1.07	66.97	1.894	0.00232	-0.08502415458937196	80.35	2.1645	0.004815	0.9299999999999999	80.35	2.1645	0.004815	-0.22140287769784173	92.60666666666667	2.2096666666666667	0.008413333333333333	0.86	90.19	2.484	0.0083	-0.15012820512820516	97.56	3.7796	0.0055780000000000005	-0.9359999999999999	94.87	3.773	0.00432	0.06467605633802818	79.7125	1.16425	0.0067225	-1.295	80.35	1.157	0.00498	-0.557319391634981	0
ENST00000416718.2	366	64.34	1.5675	0.006475	-0.815	64.34	1.5675	0.006475	-0.2427536231884058	66.97	1.894	0.00232	1.07	66.97	1.894	0.00232	-0.08502415458937196	80.35	2.1645	0.004815	0.9299999999999999	80.35	2.1645	0.004815	-0.22140287769784173	92.60666666666667	2.2096666666666667	0.008413333333333333	0.86	90.19	2.484	0.0083	-0.15012820512820516	97.56	3.7796	0.0055780000000000005	-0.9359999999999999	94.87	3.773	0.00432	0.06467605633802818	79.7125	1.16425	0.0067225	-1.295	80.35	1.157	0.00498	-0.557319391634981	90.63	2.36	0.00675	-0.8233333333333334	88.39	1.781	0.00332	-0.22368421052631585	0
ENST00000416718.2	374	109.75	1.7970000000000002	0.005145	-0.595	109.75	1.7970000000000002	0.005145	-0.4221864951768488	94.62	4.993	0.005645000000000001	-1.15	94.62	4.993	0.005645000000000001	-0.12403508771929822	68.20714285714284	6.859142857142857	0.0034142857142857148	-0.6685714285714285	68.43	6.663	0.00332	1.9822360248447208	64.94	7.503	0.02424	0.0	64.94	7.503	0.02424	2.6246376811594203	62.697500000000005	2.485	0.0049	-0.6625	63.13	2.4145000000000003	0.003655	0.20048309178743964	66.455	1.5615	0.0054800000000000005	-1.0	66.455	1.5615	0.0054800000000000005	-0.335531914893617	84.1590909090909	2.1607	0.008330000000000002	0.05545454545454542	84.9	2.038	0.00797	-0.1784410646387833	0
ENST00000416718.2	375	94.62	4.993	0.005645000000000001	-1.15	94.62	4.993	0.005645000000000001	-0.12403508771929822	68.20714285714284	6.859142857142857	0.0034142857142857148	-0.6685714285714285	68.43	6.663	0.00332	1.9822360248447208	64.94	7.503	0.02424	0.0	64.94	7.503	0.02424	2.6246376811594203	62.697500000000005	2.485	0.0049	-0.6625	63.13	2.4145000000000003	0.003655	0.20048309178743964	66.455	1.5615	0.0054800000000000005	-1.0	66.455	1.5615	0.0054800000000000005	-0.335531914893617	84.1590909090909	2.1607	0.008330000000000002	0.05545454545454542	84.9	2.038	0.00797	-0.1784410646387833	107.38600000000001	3.8134	0.00664	0.05800000000000001	109.06	3.723	0.00598	0.008835978835978921	0
ENST00000416718.2	376	68.20714285714284	6.859142857142857	0.0034142857142857148	-0.6685714285714285	68.43	6.663	0.00332	1.9822360248447208	64.94	7.503	0.02424	0.0	64.94	7.503	0.02424	2.6246376811594203	62.697500000000005	2.485	0.0049	-0.6625	63.13	2.4145000000000003	0.003655	0.20048309178743964	66.455	1.5615	0.0054800000000000005	-1.0	66.455	1.5615	0.0054800000000000005	-0.335531914893617	84.1590909090909	2.1607	0.008330000000000002	0.05545454545454542	84.9	2.038	0.00797	-0.1784410646387833	107.38600000000001	3.8134	0.00664	0.05800000000000001	109.06	3.723	0.00598	0.008835978835978921	116.41	3.298	0.00365	-0.68	116.41	3.298	0.00365	-0.43816013628620104	0
ENST00000416718.2	389	65.35	1.989	0.00332	-1.76	65.35	1.989	0.00332	-0.05734597156398094	80.31	1.5270000000000001	0.0043175	0.9075	80.83500000000001	1.506	0.004484999999999999	-0.18776595744680838	84.13499999999999	1.5815000000000001	0.00747	-0.31000000000000005	84.13499999999999	1.5815000000000001	0.00747	-0.42069597069597064	79.6575	1.40875	0.011037499999999999	-0.2625	79.89	1.387	0.0078	-0.505701754385965	70.805	1.2730000000000001	0.013114999999999998	-0.175	70.805	1.2730000000000001	0.013114999999999998	-0.4465217391304347	78.76	1.576	0.02457	2.67	78.76	1.576	0.02457	-0.3293617021276596	85.55	1.7236666666666665	0.003983333333333333	0.8766666666666666	85.37	1.928	0.00332	-0.3446134347275032	0
ENST00000416718.2	390	80.31	1.5270000000000001	0.0043175	0.9075	80.83500000000001	1.506	0.004484999999999999	-0.18776595744680838	84.13499999999999	1.5815000000000001	0.00747	-0.31000000000000005	84.13499999999999	1.5815000000000001	0.00747	-0.42069597069597064	79.6575	1.40875	0.011037499999999999	-0.2625	79.89	1.387	0.0078	-0.505701754385965	70.805	1.2730000000000001	0.013114999999999998	-0.175	70.805	1.2730000000000001	0.013114999999999998	-0.4465217391304347	78.76	1.576	0.02457	2.67	78.76	1.576	0.02457	-0.3293617021276596	85.55	1.7236666666666665	0.003983333333333333	0.8766666666666666	85.37	1.928	0.00332	-0.3446134347275032	96.14	3.5043999999999995	0.007568	0.5279999999999999	97.47	3.102	0.00398	0.15276315789473666	0
ENST00000416718.2	391	84.13499999999999	1.5815000000000001	0.00747	-0.31000000000000005	84.13499999999999	1.5815000000000001	0.00747	-0.42069597069597064	79.6575	1.40875	0.011037499999999999	-0.2625	79.89	1.387	0.0078	-0.505701754385965	70.805	1.2730000000000001	0.013114999999999998	-0.175	70.805	1.2730000000000001	0.013114999999999998	-0.4465217391304347	78.76	1.576	0.02457	2.67	78.76	1.576	0.02457	-0.3293617021276596	85.55	1.7236666666666665	0.003983333333333333	0.8766666666666666	85.37	1.928	0.00332	-0.3446134347275032	96.14	3.5043999999999995	0.007568	0.5279999999999999	97.47	3.102	0.00398	0.15276315789473666	104.91499999999999	3.5755	0.005645	0.43000000000000005	104.91499999999999	3.5755	0.005645	0.334141791044776	0
ENST00000416718.2	392	79.6575	1.40875	0.011037499999999999	-0.2625	79.89	1.387	0.0078	-0.505701754385965	70.805	1.2730000000000001	0.013114999999999998	-0.175	70.805	1.2730000000000001	0.013114999999999998	-0.4465217391304347	78.76	1.576	0.02457	2.67	78.76	1.576	0.02457	-0.3293617021276596	85.55	1.7236666666666665	0.003983333333333333	0.8766666666666666	85.37	1.928	0.00332	-0.3446134347275032	96.14	3.5043999999999995	0.007568	0.5279999999999999	97.47	3.102	0.00398	0.15276315789473666	104.91499999999999	3.5755	0.005645	0.43000000000000005	104.91499999999999	3.5755	0.005645	0.334141791044776	100.38499999999999	1.844	0.008799999999999999	0.15000000000000002	100.38499999999999	1.844	0.008799999999999999	-0.4655072463768116	0
ENST00000416718.2	393	70.805	1.2730000000000001	0.013114999999999998	-0.175	70.805	1.2730000000000001	0.013114999999999998	-0.4465217391304347	78.76	1.576	0.02457	2.67	78.76	1.576	0.02457	-0.3293617021276596	85.55	1.7236666666666665	0.003983333333333333	0.8766666666666666	85.37	1.928	0.00332	-0.3446134347275032	96.14	3.5043999999999995	0.007568	0.5279999999999999	97.47	3.102	0.00398	0.15276315789473666	104.91499999999999	3.5755	0.005645	0.43000000000000005	104.91499999999999	3.5755	0.005645	0.334141791044776	100.38499999999999	1.844	0.008799999999999999	0.15000000000000002	100.38499999999999	1.844	0.008799999999999999	-0.4655072463768116	86.09333333333332	2.9103333333333334	0.0056433333333333335	-0.8733333333333334	86.19	3.109	0.00465	-0.0848008385744235	0
ENST00000416718.2	394	78.76	1.576	0.02457	2.67	78.76	1.576	0.02457	-0.3293617021276596	85.55	1.7236666666666665	0.003983333333333333	0.8766666666666666	85.37	1.928	0.00332	-0.3446134347275032	96.14	3.5043999999999995	0.007568	0.5279999999999999	97.47	3.102	0.00398	0.15276315789473666	104.91499999999999	3.5755	0.005645	0.43000000000000005	104.91499999999999	3.5755	0.005645	0.334141791044776	100.38499999999999	1.844	0.008799999999999999	0.15000000000000002	100.38499999999999	1.844	0.008799999999999999	-0.4655072463768116	86.09333333333332	2.9103333333333334	0.0056433333333333335	-0.8733333333333334	86.19	3.109	0.00465	-0.0848008385744235	72.94	3.237	0.00232	-0.27	72.94	3.237	0.00232	0.721808510638298	0
ENST00000416718.2	395	85.55	1.7236666666666665	0.003983333333333333	0.8766666666666666	85.37	1.928	0.00332	-0.3446134347275032	96.14	3.5043999999999995	0.007568	0.5279999999999999	97.47	3.102	0.00398	0.15276315789473666	104.91499999999999	3.5755	0.005645	0.43000000000000005	104.91499999999999	3.5755	0.005645	0.334141791044776	100.38499999999999	1.844	0.008799999999999999	0.15000000000000002	100.38499999999999	1.844	0.008799999999999999	-0.4655072463768116	86.09333333333332	2.9103333333333334	0.0056433333333333335	-0.8733333333333334	86.19	3.109	0.00465	-0.0848008385744235	72.94	3.237	0.00232	-0.27	72.94	3.237	0.00232	0.721808510638298	87.18	1.122	0.00432	1.29	87.18	1.122	0.00432	-0.6471698113207547	0
ENST00000416718.2	396	96.14	3.5043999999999995	0.007568	0.5279999999999999	97.47	3.102	0.00398	0.15276315789473666	104.91499999999999	3.5755	0.005645	0.43000000000000005	104.91499999999999	3.5755	0.005645	0.334141791044776	100.38499999999999	1.844	0.008799999999999999	0.15000000000000002	100.38499999999999	1.844	0.008799999999999999	-0.4655072463768116	86.09333333333332	2.9103333333333334	0.0056433333333333335	-0.8733333333333334	86.19	3.109	0.00465	-0.0848008385744235	72.94	3.237	0.00232	-0.27	72.94	3.237	0.00232	0.721808510638298	87.18	1.122	0.00432	1.29	87.18	1.122	0.00432	-0.6471698113207547	84.3	1.507	0.00863	1.8	84.3	1.507	0.00863	-0.29248826291079816	0
ENST00000416718.2	397	104.91499999999999	3.5755	0.005645	0.43000000000000005	104.91499999999999	3.5755	0.005645	0.334141791044776	100.38499999999999	1.844	0.008799999999999999	0.15000000000000002	100.38499999999999	1.844	0.008799999999999999	-0.4655072463768116	86.09333333333332	2.9103333333333334	0.0056433333333333335	-0.8733333333333334	86.19	3.109	0.00465	-0.0848008385744235	72.94	3.237	0.00232	-0.27	72.94	3.237	0.00232	0.721808510638298	87.18	1.122	0.00432	1.29	87.18	1.122	0.00432	-0.6471698113207547	84.3	1.507	0.00863	1.8	84.3	1.507	0.00863	-0.29248826291079816	92.62	4.934	0.00432	0.63	92.62	4.934	0.00432	-0.1343859649122807	0
ENST00000416718.2	398	100.38499999999999	1.844	0.008799999999999999	0.15000000000000002	100.38499999999999	1.844	0.008799999999999999	-0.4655072463768116	86.09333333333332	2.9103333333333334	0.0056433333333333335	-0.8733333333333334	86.19	3.109	0.00465	-0.0848008385744235	72.94	3.237	0.00232	-0.27	72.94	3.237	0.00232	0.721808510638298	87.18	1.122	0.00432	1.29	87.18	1.122	0.00432	-0.6471698113207547	84.3	1.507	0.00863	1.8	84.3	1.507	0.00863	-0.29248826291079816	92.62	4.934	0.00432	0.63	92.62	4.934	0.00432	-0.1343859649122807	77.48	4.167	0.00332	1.89	77.48	4.167	0.00332	0.8117391304347826	0
ENST00000416718.2	399	86.09333333333332	2.9103333333333334	0.0056433333333333335	-0.8733333333333334	86.19	3.109	0.00465	-0.0848008385744235	72.94	3.237	0.00232	-0.27	72.94	3.237	0.00232	0.721808510638298	87.18	1.122	0.00432	1.29	87.18	1.122	0.00432	-0.6471698113207547	84.3	1.507	0.00863	1.8	84.3	1.507	0.00863	-0.29248826291079816	92.62	4.934	0.00432	0.63	92.62	4.934	0.00432	-0.1343859649122807	77.48	4.167	0.00332	1.89	77.48	4.167	0.00332	0.8117391304347826	82.21	2.458	0.00365	1.42	82.21	2.458	0.00365	-0.11582733812949628	0
ENST00000416718.2	400	72.94	3.237	0.00232	-0.27	72.94	3.237	0.00232	0.721808510638298	87.18	1.122	0.00432	1.29	87.18	1.122	0.00432	-0.6471698113207547	84.3	1.507	0.00863	1.8	84.3	1.507	0.00863	-0.29248826291079816	92.62	4.934	0.00432	0.63	92.62	4.934	0.00432	-0.1343859649122807	77.48	4.167	0.00332	1.89	77.48	4.167	0.00332	0.8117391304347826	82.21	2.458	0.00365	1.42	82.21	2.458	0.00365	-0.11582733812949628	97.66	4.733	0.03054	1.17	97.66	4.733	0.03054	0.5518032786885245	0
ENST00000416718.2	401	87.18	1.122	0.00432	1.29	87.18	1.122	0.00432	-0.6471698113207547	84.3	1.507	0.00863	1.8	84.3	1.507	0.00863	-0.29248826291079816	92.62	4.934	0.00432	0.63	92.62	4.934	0.00432	-0.1343859649122807	77.48	4.167	0.00332	1.89	77.48	4.167	0.00332	0.8117391304347826	82.21	2.458	0.00365	1.42	82.21	2.458	0.00365	-0.11582733812949628	97.66	4.733	0.03054	1.17	97.66	4.733	0.03054	0.5518032786885245	134.53	3.47	0.0093	2.81	134.53	3.47	0.0093	-0.594626168224299	0
ENST00000416718.2	402	84.3	1.507	0.00863	1.8	84.3	1.507	0.00863	-0.29248826291079816	92.62	4.934	0.00432	0.63	92.62	4.934	0.00432	-0.1343859649122807	77.48	4.167	0.00332	1.89	77.48	4.167	0.00332	0.8117391304347826	82.21	2.458	0.00365	1.42	82.21	2.458	0.00365	-0.11582733812949628	97.66	4.733	0.03054	1.17	97.66	4.733	0.03054	0.5518032786885245	134.53	3.47	0.0093	2.81	134.53	3.47	0.0093	-0.594626168224299	93.495	1.642	0.00614	0.47000000000000003	93.495	1.642	0.00614	-0.37566539923954373	0
ENST00000416718.2	403	92.62	4.934	0.00432	0.63	92.62	4.934	0.00432	-0.1343859649122807	77.48	4.167	0.00332	1.89	77.48	4.167	0.00332	0.8117391304347826	82.21	2.458	0.00365	1.42	82.21	2.458	0.00365	-0.11582733812949628	97.66	4.733	0.03054	1.17	97.66	4.733	0.03054	0.5518032786885245	134.53	3.47	0.0093	2.81	134.53	3.47	0.0093	-0.594626168224299	93.495	1.642	0.00614	0.47000000000000003	93.495	1.642	0.00614	-0.37566539923954373	93.23	1.884	0.00631	-0.14	93.23	1.884	0.00631	-0.6593128390596745	0
ENST00000416718.2	404	77.48	4.167	0.00332	1.89	77.48	4.167	0.00332	0.8117391304347826	82.21	2.458	0.00365	1.42	82.21	2.458	0.00365	-0.11582733812949628	97.66	4.733	0.03054	1.17	97.66	4.733	0.03054	0.5518032786885245	134.53	3.47	0.0093	2.81	134.53	3.47	0.0093	-0.594626168224299	93.495	1.642	0.00614	0.47000000000000003	93.495	1.642	0.00614	-0.37566539923954373	93.23	1.884	0.00631	-0.14	93.23	1.884	0.00631	-0.6593128390596745	86.39500000000001	1.4405000000000001	0.0053100000000000005	0.37	86.39500000000001	1.4405000000000001	0.0053100000000000005	-0.41443089430894303	0
ENST00000416718.2	405	82.21	2.458	0.00365	1.42	82.21	2.458	0.00365	-0.11582733812949628	97.66	4.733	0.03054	1.17	97.66	4.733	0.03054	0.5518032786885245	134.53	3.47	0.0093	2.81	134.53	3.47	0.0093	-0.594626168224299	93.495	1.642	0.00614	0.47000000000000003	93.495	1.642	0.00614	-0.37566539923954373	93.23	1.884	0.00631	-0.14	93.23	1.884	0.00631	-0.6593128390596745	86.39500000000001	1.4405000000000001	0.0053100000000000005	0.37	86.39500000000001	1.4405000000000001	0.0053100000000000005	-0.41443089430894303	87.24	1.024	0.00232	1.0	87.24	1.024	0.00232	-0.5123809523809524	0
ENST00000416718.2	413	80.73	1.466	0.00266	-0.04	80.73	1.466	0.00266	-0.48561403508771933	80.352	1.6412000000000002	0.008898	0.18799999999999994	79.69	1.649	0.00598	-0.2864347826086955	90.64363636363636	2.458	0.0032199999999999998	0.9818181818181817	90.82	2.13	0.00266	-0.05461538461538458	92.53999999999999	1.369	0.00266	-1.305	92.53999999999999	1.369	0.00266	-0.6453367875647668	82.80666666666666	1.498	0.0050349999999999995	0.7616666666666666	82.755	1.567	0.004645	-0.29671361502347415	86.625	2.7755	0.00398	-0.06000000000000001	86.625	2.7755	0.00398	-0.5130701754385965	78.605	1.5535	0.00498	0.58	78.605	1.5535	0.00498	-0.32456521739130423	0
ENST00000416718.2	414	80.352	1.6412000000000002	0.008898	0.18799999999999994	79.69	1.649	0.00598	-0.2864347826086955	90.64363636363636	2.458	0.0032199999999999998	0.9818181818181817	90.82	2.13	0.00266	-0.05461538461538458	92.53999999999999	1.369	0.00266	-1.305	92.53999999999999	1.369	0.00266	-0.6453367875647668	82.80666666666666	1.498	0.0050349999999999995	0.7616666666666666	82.755	1.567	0.004645	-0.29671361502347415	86.625	2.7755	0.00398	-0.06000000000000001	86.625	2.7755	0.00398	-0.5130701754385965	78.605	1.5535	0.00498	0.58	78.605	1.5535	0.00498	-0.32456521739130423	83.805	3.835	0.005809999999999999	-0.74	83.805	3.835	0.005809999999999999	-0.24656188605108054	0
ENST00000416718.2	415	90.64363636363636	2.458	0.0032199999999999998	0.9818181818181817	90.82	2.13	0.00266	-0.05461538461538458	92.53999999999999	1.369	0.00266	-1.305	92.53999999999999	1.369	0.00266	-0.6453367875647668	82.80666666666666	1.498	0.0050349999999999995	0.7616666666666666	82.755	1.567	0.004645	-0.29671361502347415	86.625	2.7755	0.00398	-0.06000000000000001	86.625	2.7755	0.00398	-0.5130701754385965	78.605	1.5535	0.00498	0.58	78.605	1.5535	0.00498	-0.32456521739130423	83.805	3.835	0.005809999999999999	-0.74	83.805	3.835	0.005809999999999999	-0.24656188605108054	90.69	2.515	0.01129	0.14	90.69	2.515	0.01129	-0.6792091836734693	0
ENST00000416718.2	429	88.482	1.5324000000000002	0.0042499999999999994	-0.18	87.65	1.402	0.00266	-0.49258278145695356	105.74	1.245	0.00365	-0.11	105.74	1.245	0.00365	-0.5996784565916399	93.77000000000001	3.475	0.009295000000000001	-0.835	93.77000000000001	3.475	0.009295000000000001	-0.39035087719298245	81.87	1.5945	0.00581	0.99	81.87	1.5945	0.00581	-0.30673913043478257	75.508	1.0677999999999999	0.0043820000000000005	0.394	75.71	1.263	0.00332	-0.43202127659574474	72.78	0.955	0.00266	-0.68	72.78	0.955	0.00266	-0.6601423487544483	67.05	2.2756666666666665	0.006083333333333333	-1.13	67.65	2.337	0.00564	-0.03163120567375897	1
ENST00000416718.2	462	76.16	2.123	0.00398	-2.67	76.16	2.123	0.00398	-0.3323899371069182	78.24000000000001	2.6075	0.004815	-0.66	78.24000000000001	2.6075	0.004815	-0.13658940397350997	86.005	1.7225000000000001	0.00465	-0.7000000000000001	86.005	1.7225000000000001	0.00465	-0.5007246376811594	87.85	1.51	0.00531	0.94	87.85	1.51	0.00531	-0.4626334519572954	83.24	1.897	0.01394	0.11	83.24	1.897	0.01394	-0.3176258992805755	99.51	2.644	0.00232	0.34	99.51	2.644	0.00232	-0.33734335839599	115.13	1.807666666666667	0.003596666666666667	0.315	115.265	1.659	0.00349	-0.6748800959232613	0
ENST00000416718.2	463	78.24000000000001	2.6075	0.004815	-0.66	78.24000000000001	2.6075	0.004815	-0.13658940397350997	86.005	1.7225000000000001	0.00465	-0.7000000000000001	86.005	1.7225000000000001	0.00465	-0.5007246376811594	87.85	1.51	0.00531	0.94	87.85	1.51	0.00531	-0.4626334519572954	83.24	1.897	0.01394	0.11	83.24	1.897	0.01394	-0.3176258992805755	99.51	2.644	0.00232	0.34	99.51	2.644	0.00232	-0.33734335839599	115.13	1.807666666666667	0.003596666666666667	0.315	115.265	1.659	0.00349	-0.6748800959232613	106.04	1.824	0.00498	0.03	106.04	1.824	0.00498	-0.3194029850746269	0
ENST00000416718.2	464	86.005	1.7225000000000001	0.00465	-0.7000000000000001	86.005	1.7225000000000001	0.00465	-0.5007246376811594	87.85	1.51	0.00531	0.94	87.85	1.51	0.00531	-0.4626334519572954	83.24	1.897	0.01394	0.11	83.24	1.897	0.01394	-0.3176258992805755	99.51	2.644	0.00232	0.34	99.51	2.644	0.00232	-0.33734335839599	115.13	1.807666666666667	0.003596666666666667	0.315	115.265	1.659	0.00349	-0.6748800959232613	106.04	1.824	0.00498	0.03	106.04	1.824	0.00498	-0.3194029850746269	95.205	2.20175	0.0034025	-0.9575	96.21000000000001	2.1125	0.00332	-0.36181159420289855	0
