contig	position	reference_kmer	event_level_mean	event_stdv	event_length	standardized_level	event_level_median	event_stdv_median	event_length_median	diff_stdv
ENST00000327044.7|ENSG00000188976.11|OTTHUMG00000040720.2|OTTHUMT00000097869.2|NOC2L-201|NOC2L|2757|protein_coding|	1	CTTCG	79.23863636363636	1.2487727272727271	0.004647142857142857	0.47545454545454535	79.35	1.294	0.00498	-0.3967281510759772
ENST00000327044.7|ENSG00000188976.11|OTTHUMG00000040720.2|OTTHUMT00000097869.2|NOC2L-201|NOC2L|2757|protein_coding|	2	TTCGG	78.51266666666666	1.419733333333333	0.007394	-1.0213333333333334	78.53	1.421	0.00564	-0.3827246376811595
ENST00000327044.7|ENSG00000188976.11|OTTHUMG00000040720.2|OTTHUMT00000097869.2|NOC2L-201|NOC2L|2757|protein_coding|	3	TCGGG	91.91	3.7251874999999997	0.007406875	0.13375000000000004	92.595	3.7945	0.005645	-0.25197038152610457
ENST00000327044.7|ENSG00000188976.11|OTTHUMG00000040720.2|OTTHUMT00000097869.2|NOC2L-201|NOC2L|2757|protein_coding|	4	CGGGT	119.55199999999999	5.0894	0.009164	1.1099999999999999	122.25	4.617	0.01096	0.25664197530864213
ENST00000327044.7|ENSG00000188976.11|OTTHUMG00000040720.2|OTTHUMT00000097869.2|NOC2L-201|NOC2L|2757|protein_coding|	5	GGGTT	123.88409090909092	3.4221363636363633	0.005200000000000001	1.1750000000000003	123.575	3.2765	0.00398	0.015470731049365935
ENST00000327044.7|ENSG00000188976.11|OTTHUMG00000040720.2|OTTHUMT00000097869.2|NOC2L-201|NOC2L|2757|protein_coding|	6	GGTTG	117.09499999999998	5.7755	0.008023333333333334	0.815	117.655	5.6465	0.004484999999999999	-0.22890520694259014
ENST00000327044.7|ENSG00000188976.11|OTTHUMG00000040720.2|OTTHUMT00000097869.2|NOC2L-201|NOC2L|2757|protein_coding|	7	GTTGG	86.24222222222222	2.1241	0.005611	0.4477777777777777	86.235	1.872	0.004645	-0.19845283018867926
ENST00000327044.7|ENSG00000188976.11|OTTHUMG00000040720.2|OTTHUMT00000097869.2|NOC2L-201|NOC2L|2757|protein_coding|	8	TTGGT	102.55625	3.2385	0.00668125	0.0062500000000000056	101.08500000000001	3.1574999999999998	0.00664	-0.18834586466165415
ENST00000327044.7|ENSG00000188976.11|OTTHUMG00000040720.2|OTTHUMT00000097869.2|NOC2L-201|NOC2L|2757|protein_coding|	9	TGGTG	117.369	5.592999999999999	0.0071719999999999996	0.446	119.06	4.9805	0.00598	0.6596439169139463
ENST00000327044.7|ENSG00000188976.11|OTTHUMG00000040720.2|OTTHUMT00000097869.2|NOC2L-201|NOC2L|2757|protein_coding|	10	GGTGT	94.82857142857144	10.38	0.006591428571428572	0.14142857142857143	93.76	12.997	0.00531	0.07120743034055742
ENST00000327044.7|ENSG00000188976.11|OTTHUMG00000040720.2|OTTHUMT00000097869.2|NOC2L-201|NOC2L|2757|protein_coding|	11	GTGTC	89.80133333333333	3.3491333333333335	0.005644000000000001	-0.12733333333333335	90.16	3.226	0.00498	-0.11398589065255722
ENST00000327044.7|ENSG00000188976.11|OTTHUMG00000040720.2|OTTHUMT00000097869.2|NOC2L-201|NOC2L|2757|protein_coding|	12	TGTCA	119.9325	4.924076923076923	0.004519230769230769	1.4783333333333335	121.46	4.298	0.00432	-0.18878469142060583
ENST00000327044.7|ENSG00000188976.11|OTTHUMG00000040720.2|OTTHUMT00000097869.2|NOC2L-201|NOC2L|2757|protein_coding|	13	GTCAT	81.26571428571428	2.2125714285714286	0.007089999999999999	0.9450000000000001	81.035	2.2569999999999997	0.00664	-0.03801242236024835
ENST00000327044.7|ENSG00000188976.11|OTTHUMG00000040720.2|OTTHUMT00000097869.2|NOC2L-201|NOC2L|2757|protein_coding|	14	TCATG	85.44162162162164	2.402055555555556	0.007760810810810812	0.6210810810810812	85.14	2.345	0.00564	0.12772561293688084
ENST00000327044.7|ENSG00000188976.11|OTTHUMG00000040720.2|OTTHUMT00000097869.2|NOC2L-201|NOC2L|2757|protein_coding|	15	CATGG	86.57172413793103	3.4227192982456147	0.006079137931034482	0.255	86.67	3.2185	0.00432	-0.1155764087220634
ENST00000327044.7|ENSG00000188976.11|OTTHUMG00000040720.2|OTTHUMT00000097869.2|NOC2L-201|NOC2L|2757|protein_coding|	16	ATGGC	94.66285714285713	3.1740555555555554	0.005091999999999999	0.1638888888888889	94.005	2.9539999999999997	0.00398	-0.20449735449735457
ENST00000327044.7|ENSG00000188976.11|OTTHUMG00000040720.2|OTTHUMT00000097869.2|NOC2L-201|NOC2L|2757|protein_coding|	17	TGGCA	103.6177777777778	3.1399999999999997	0.0072322222222222215	-0.17666666666666667	103.44	2.715	0.00531	-0.4086629001883239
ENST00000327044.7|ENSG00000188976.11|OTTHUMG00000040720.2|OTTHUMT00000097869.2|NOC2L-201|NOC2L|2757|protein_coding|	18	GGCAG	106.74583333333334	3.5849148936170216	0.005629787234042553	0.23645833333333333	106.925	3.662	0.00398	-0.07126557160180784
ENST00000327044.7|ENSG00000188976.11|OTTHUMG00000040720.2|OTTHUMT00000097869.2|NOC2L-201|NOC2L|2757|protein_coding|	19	GCAGC	90.75459459459458	2.3080270270270264	0.005458888888888888	0.14	90.44	2.213	0.00432	-0.5465565762225881
ENST00000327044.7|ENSG00000188976.11|OTTHUMG00000040720.2|OTTHUMT00000097869.2|NOC2L-201|NOC2L|2757|protein_coding|	20	CAGCT	112.65787234042551	2.4614375	0.005565744680851064	0.11104166666666666	112.65	2.496	0.00498	-0.18495447019867545
ENST00000327044.7|ENSG00000188976.11|OTTHUMG00000040720.2|OTTHUMT00000097869.2|NOC2L-201|NOC2L|2757|protein_coding|	21	AGCTG	118.2444	2.8282916666666664	0.005131666666666667	0.1752	118.27	2.903	0.00365	-0.20329812206572773
ENST00000327044.7|ENSG00000188976.11|OTTHUMG00000040720.2|OTTHUMT00000097869.2|NOC2L-201|NOC2L|2757|protein_coding|	22	GCTGC	84.238	2.6321627906976746	0.005580714285714287	0.33	83.85	2.329	0.00432	-0.07643410852713176
ENST00000327044.7|ENSG00000188976.11|OTTHUMG00000040720.2|OTTHUMT00000097869.2|NOC2L-201|NOC2L|2757|protein_coding|	23	CTGCG	93.32126984126985	2.6372222222222224	0.0059334920634920634	-0.18015873015873018	93.58	2.418	0.00465	-0.15743698970536024
ENST00000327044.7|ENSG00000188976.11|OTTHUMG00000040720.2|OTTHUMT00000097869.2|NOC2L-201|NOC2L|2757|protein_coding|	24	TGCGG	101.81125	6.042666666666666	0.005076585365853659	0.245	99.845	5.8825	0.003815	-0.27977751291219716
ENST00000327044.7|ENSG00000188976.11|OTTHUMG00000040720.2|OTTHUMT00000097869.2|NOC2L-201|NOC2L|2757|protein_coding|	25	GCGGG	87.34066666666666	3.5499655172413798	0.005367241379310345	-0.06633333333333333	87.715	3.2635	0.00465	-0.287155518626229
ENST00000327044.7|ENSG00000188976.11|OTTHUMG00000040720.2|OTTHUMT00000097869.2|NOC2L-201|NOC2L|2757|protein_coding|	26	CGGGG	111.25608695652176	4.76391304347826	0.008213043478260868	-0.28478260869565214	112.275	5.146	0.007305	0.17627482555018764
ENST00000327044.7|ENSG00000188976.11|OTTHUMG00000040720.2|OTTHUMT00000097869.2|NOC2L-201|NOC2L|2757|protein_coding|	27	GGGGA	114.88642857142857	4.347586206896552	0.007873571428571428	0.02	114.72	4.074	0.00598	0.07347807577692649
ENST00000327044.7|ENSG00000188976.11|OTTHUMG00000040720.2|OTTHUMT00000097869.2|NOC2L-201|NOC2L|2757|protein_coding|	28	GGGAG	120.91910714285714	3.552285714285714	0.007261964285714286	0.07	120.55	3.639	0.00498	0.12059486255069846
ENST00000327044.7|ENSG00000188976.11|OTTHUMG00000040720.2|OTTHUMT00000097869.2|NOC2L-201|NOC2L|2757|protein_coding|	29	GGAGC	106.24531250000001	7.5053125	0.0046996774193548375	0.25	119.455	7.468	0.00365	0.3190355887521967
ENST00000327044.7|ENSG00000188976.11|OTTHUMG00000040720.2|OTTHUMT00000097869.2|NOC2L-201|NOC2L|2757|protein_coding|	30	GAGCC	103.87103448275863	5.482399999999999	0.005837586206896552	0.21068965517241378	104.07499999999999	4.169499999999999	0.005475	0.8153642384105958
ENST00000327044.7|ENSG00000188976.11|OTTHUMG00000040720.2|OTTHUMT00000097869.2|NOC2L-201|NOC2L|2757|protein_coding|	31	AGCCG	112.38404761904762	2.344075	0.005449512195121951	0.5761904761904761	112.41	2.1775	0.004484999999999999	-0.287515197568389
ENST00000327044.7|ENSG00000188976.11|OTTHUMG00000040720.2|OTTHUMT00000097869.2|NOC2L-201|NOC2L|2757|protein_coding|	32	GCCGC	76.39999999999999	2.9411249999999995	0.004565	0.014583333333333337	76.595	2.192	0.00432	0.05795863309352509
ENST00000327044.7|ENSG00000188976.11|OTTHUMG00000040720.2|OTTHUMT00000097869.2|NOC2L-201|NOC2L|2757|protein_coding|	33	CCGCA	88.03466666666665	2.7701333333333333	0.004911379310344827	0.27799999999999997	87.905	2.7165	0.00432	0.0654358974358974
ENST00000327044.7|ENSG00000188976.11|OTTHUMG00000040720.2|OTTHUMT00000097869.2|NOC2L-201|NOC2L|2757|protein_coding|	34	CGCAA	98.8308	5.805300000000001	0.006600199999999998	0.01	98.505	5.917	0.00697	0.5039637305699485
ENST00000327044.7|ENSG00000188976.11|OTTHUMG00000040720.2|OTTHUMT00000097869.2|NOC2L-201|NOC2L|2757|protein_coding|	35	GCAAG	85.0641935483871	3.5617	0.005765333333333333	1.29	85.98	3.272	0.00498	0.17937086092715235
ENST00000327044.7|ENSG00000188976.11|OTTHUMG00000040720.2|OTTHUMT00000097869.2|NOC2L-201|NOC2L|2757|protein_coding|	36	CAAGA	107.08117647058823	4.080132352941177	0.009149117647058825	-0.5	107.45	4.0575	0.00664	0.004958707620979555
ENST00000327044.7|ENSG00000188976.11|OTTHUMG00000040720.2|OTTHUMT00000097869.2|NOC2L-201|NOC2L|2757|protein_coding|	37	AAGAG	120.34	4.851357142857142	0.006568571428571429	-0.2327586206896552	121.69	4.399	0.00531	-0.17353370649793148
ENST00000327044.7|ENSG00000188976.11|OTTHUMG00000040720.2|OTTHUMT00000097869.2|NOC2L-201|NOC2L|2757|protein_coding|	38	AGAGG	124.2539603960396	4.420828282828283	0.007130918367346938	0.12742574257425746	124.39	3.711	0.00498	-0.22305302586497672
ENST00000327044.7|ENSG00000188976.11|OTTHUMG00000040720.2|OTTHUMT00000097869.2|NOC2L-201|NOC2L|2757|protein_coding|	39	GAGGC	110.66060606060607	9.792393939393941	0.0053215625	-0.23	111.46	9.948	0.00398	0.24902983920841087
ENST00000327044.7|ENSG00000188976.11|OTTHUMG00000040720.2|OTTHUMT00000097869.2|NOC2L-201|NOC2L|2757|protein_coding|	40	AGGCG	110.99176470588236	9.793882352941175	0.007304242424242424	-0.1752941176470588	111.475	10.02	0.00614	0.844422288689487
ENST00000327044.7|ENSG00000188976.11|OTTHUMG00000040720.2|OTTHUMT00000097869.2|NOC2L-201|NOC2L|2757|protein_coding|	41	GGCGC	99.17740740740743	9.712074074074074	0.006703076923076924	-0.08814814814814818	102.84	9.629	0.00432	0.15757736282170126
ENST00000327044.7|ENSG00000188976.11|OTTHUMG00000040720.2|OTTHUMT00000097869.2|NOC2L-201|NOC2L|2757|protein_coding|	42	GCGCC	78.7741304347826	2.763644444444444	0.005758913043478259	0.003695652173913054	78.97	2.509	0.00564	0.06294017094017078
ENST00000327044.7|ENSG00000188976.11|OTTHUMG00000040720.2|OTTHUMT00000097869.2|NOC2L-201|NOC2L|2757|protein_coding|	43	CGCCT	98.79583333333333	7.061347826086957	0.004922608695652175	0.6200000000000001	99.175	6.707	0.00465	1.146306330117616
ENST00000327044.7|ENSG00000188976.11|OTTHUMG00000040720.2|OTTHUMT00000097869.2|NOC2L-201|NOC2L|2757|protein_coding|	44	GCCTG	72.55647058823529	2.788942857142857	0.004588235294117647	1.07	72.92	2.582	0.00432	0.18678419452887535
ENST00000327044.7|ENSG00000188976.11|OTTHUMG00000040720.2|OTTHUMT00000097869.2|NOC2L-201|NOC2L|2757|protein_coding|	45	CCTGG	89.38652173913042	3.2749583333333327	0.004993913043478261	0.175	88.865	3.1870000000000003	0.004484999999999999	0.1491081871345027
ENST00000327044.7|ENSG00000188976.11|OTTHUMG00000040720.2|OTTHUMT00000097869.2|NOC2L-201|NOC2L|2757|protein_coding|	46	CTGGC	103.14219512195122	4.534414634146342	0.007677560975609756	0.525	104.25	4.5865	0.00664	0.1364447704627422
ENST00000327044.7|ENSG00000188976.11|OTTHUMG00000040720.2|OTTHUMT00000097869.2|NOC2L-201|NOC2L|2757|protein_coding|	47	TGGCG	108.68206896551726	5.782103448275861	0.008800350877192982	0.155	108.61	5.548	0.00664	0.08890837067342025
ENST00000327044.7|ENSG00000188976.11|OTTHUMG00000040720.2|OTTHUMT00000097869.2|NOC2L-201|NOC2L|2757|protein_coding|	48	GGCGG	90.312	7.504599999999999	0.004860714285714286	-0.7933333333333332	91.6	7.446	0.00365	-0.10553039332538754
ENST00000327044.7|ENSG00000188976.11|OTTHUMG00000040720.2|OTTHUMT00000097869.2|NOC2L-201|NOC2L|2757|protein_coding|	49	GCGGA	101.37970588235294	6.097545454545454	0.00493939393939394	0.10941176470588238	102.035	6.007	0.004484999999999999	0.22440671778021154
ENST00000327044.7|ENSG00000188976.11|OTTHUMG00000040720.2|OTTHUMT00000097869.2|NOC2L-201|NOC2L|2757|protein_coding|	50	CGGAG	123.489375	3.7577936507936505	0.006939016393442623	0.140625	123.445	3.1055	0.00531	0.18542386460367524
ENST00000327044.7|ENSG00000188976.11|OTTHUMG00000040720.2|OTTHUMT00000097869.2|NOC2L-201|NOC2L|2757|protein_coding|	51	GGAGC	122.08218181818181	6.688081818181817	0.005258301886792454	0.26	122.99000000000001	6.876	0.00432	0.17540980987378144
ENST00000327044.7|ENSG00000188976.11|OTTHUMG00000040720.2|OTTHUMT00000097869.2|NOC2L-201|NOC2L|2757|protein_coding|	52	GAGCT	111.70488372093023	5.271651162790698	0.005694	-0.06674418604651162	110.99	5.48	0.00498	0.7455798552287078
ENST00000327044.7|ENSG00000188976.11|OTTHUMG00000040720.2|OTTHUMT00000097869.2|NOC2L-201|NOC2L|2757|protein_coding|	53	AGCTG	118.35133333333336	4.60704255319149	0.006459130434782609	0.2	118.03	3.883	0.00531	0.29775846568774367
ENST00000327044.7|ENSG00000188976.11|OTTHUMG00000040720.2|OTTHUMT00000097869.2|NOC2L-201|NOC2L|2757|protein_coding|	54	GCTGA	87.93105263157895	2.5909999999999997	0.005311666666666667	-0.58	87.23	2.615	0.00498	-0.09087719298245625
ENST00000327044.7|ENSG00000188976.11|OTTHUMG00000040720.2|OTTHUMT00000097869.2|NOC2L-201|NOC2L|2757|protein_coding|	55	CTGAC	107.91107142857142	4.832499999999999	0.005571785714285714	0.13035714285714287	107.94	3.845	0.00465	0.07628062360801748
ENST00000327044.7|ENSG00000188976.11|OTTHUMG00000040720.2|OTTHUMT00000097869.2|NOC2L-201|NOC2L|2757|protein_coding|	56	TGACG	117.43874999999998	8.190791666666666	0.0060866666666666664	-0.1991666666666667	117.74	8.350999999999999	0.00498	0.7099773834377173
ENST00000327044.7|ENSG00000188976.11|OTTHUMG00000040720.2|OTTHUMT00000097869.2|NOC2L-201|NOC2L|2757|protein_coding|	57	GACGG	78.10392405063293	3.3354500000000002	0.007434430379746836	0.24	78.32	3.298	0.00531	0.048883647798742165
ENST00000327044.7|ENSG00000188976.11|OTTHUMG00000040720.2|OTTHUMT00000097869.2|NOC2L-201|NOC2L|2757|protein_coding|	58	ACGGT	86.91311688311688	3.885935064935065	0.00657064935064935	-0.3577922077922078	86.37	4.212	0.00531	-0.21969175402910351
ENST00000327044.7|ENSG00000188976.11|OTTHUMG00000040720.2|OTTHUMT00000097869.2|NOC2L-201|NOC2L|2757|protein_coding|	59	CGGTG	118.29241379310345	5.3404	0.00556344827586207	0.365	119.27000000000001	4.3134999999999994	0.00498	0.5846884272997032
ENST00000327044.7|ENSG00000188976.11|OTTHUMG00000040720.2|OTTHUMT00000097869.2|NOC2L-201|NOC2L|2757|protein_coding|	60	GGTGG	102.36421052631579	7.6542631578947375	0.004666666666666666	0.24	104.61	7.315	0.00332	-0.21008636141437173
ENST00000327044.7|ENSG00000188976.11|OTTHUMG00000040720.2|OTTHUMT00000097869.2|NOC2L-201|NOC2L|2757|protein_coding|	61	GTGGA	103.16833333333332	3.3891568627450983	0.0053563461538461525	-0.10981481481481482	103.66999999999999	3.052	0.00498	-0.15058725244483756
ENST00000327044.7|ENSG00000188976.11|OTTHUMG00000040720.2|OTTHUMT00000097869.2|NOC2L-201|NOC2L|2757|protein_coding|	62	TGGAC	118.11318181818181	3.897454545454545	0.0067856521739130425	0.023181818181818203	118.32	3.539	0.00631	0.22948092916547158
ENST00000327044.7|ENSG00000188976.11|OTTHUMG00000040720.2|OTTHUMT00000097869.2|NOC2L-201|NOC2L|2757|protein_coding|	63	GGACG	120.91115384615384	5.543555555555555	0.0063077777777777785	0.65	122.92	4.758	0.00564	0.1573184875898862
ENST00000327044.7|ENSG00000188976.11|OTTHUMG00000040720.2|OTTHUMT00000097869.2|NOC2L-201|NOC2L|2757|protein_coding|	64	GACGA	73.91428571428571	3.9420689655172416	0.007363214285714285	-0.51	73.68	3.766	0.00598	0.23964432877900674
ENST00000327044.7|ENSG00000188976.11|OTTHUMG00000040720.2|OTTHUMT00000097869.2|NOC2L-201|NOC2L|2757|protein_coding|	65	ACGAG	84.16916666666667	3.7684800000000003	0.005817199999999999	-0.27	82.71	3.829	0.00465	-0.05551879699248118
ENST00000327044.7|ENSG00000188976.11|OTTHUMG00000040720.2|OTTHUMT00000097869.2|NOC2L-201|NOC2L|2757|protein_coding|	66	CGAGT	111.52193548387098	4.5605	0.0058918749999999995	-0.135	111.155	4.154999999999999	0.00465	-0.19850615114235504
ENST00000327044.7|ENSG00000188976.11|OTTHUMG00000040720.2|OTTHUMT00000097869.2|NOC2L-201|NOC2L|2757|protein_coding|	67	GAGTT	126.86200000000001	3.115262295081968	0.00607311475409836	0.72	127.14	2.989	0.00531	-0.22698206077370522
ENST00000327044.7|ENSG00000188976.11|OTTHUMG00000040720.2|OTTHUMT00000097869.2|NOC2L-201|NOC2L|2757|protein_coding|	68	AGTTC	116.11823529411765	6.2274705882352945	0.0062450000000000006	0.64	125.69	6.076	0.00564	-0.1685620042409487
ENST00000327044.7|ENSG00000188976.11|OTTHUMG00000040720.2|OTTHUMT00000097869.2|NOC2L-201|NOC2L|2757|protein_coding|	69	GTTCC	77.90677419354837	2.3484838709677422	0.004384999999999998	0.76	77.91	2.032	0.00398	0.13453327099890938
ENST00000327044.7|ENSG00000188976.11|OTTHUMG00000040720.2|OTTHUMT00000097869.2|NOC2L-201|NOC2L|2757|protein_coding|	70	TTCCT	72.45085714285713	1.521777777777778	0.0045522857142857144	0.14771428571428574	72.075	1.311	0.00365	-0.3383574879227052
ENST00000327044.7|ENSG00000188976.11|OTTHUMG00000040720.2|OTTHUMT00000097869.2|NOC2L-201|NOC2L|2757|protein_coding|	71	TCCTA	72.12263157894735	1.7203684210526315	0.006430526315789474	0.6657894736842106	71.16	1.6	0.00564	-0.2679283314669653
ENST00000327044.7|ENSG00000188976.11|OTTHUMG00000040720.2|OTTHUMT00000097869.2|NOC2L-201|NOC2L|2757|protein_coding|	72	CCTAG	84.58113636363636	2.4232222222222224	0.005379090909090908	0.5	85.39	2.426	0.00398	-0.0786227291930713
ENST00000327044.7|ENSG00000188976.11|OTTHUMG00000040720.2|OTTHUMT00000097869.2|NOC2L-201|NOC2L|2757|protein_coding|	73	CTAGC	99.7114705882353	2.916441176470588	0.005624857142857143	0.855	100.58500000000001	2.7264999999999997	0.00432	-0.22845471521942107
ENST00000327044.7|ENSG00000188976.11|OTTHUMG00000040720.2|OTTHUMT00000097869.2|NOC2L-201|NOC2L|2757|protein_coding|	74	TAGCT	108.86599999999999	2.740384615384615	0.00567576923076923	0.11	109.2	2.668	0.00531	-0.09258787570045862
ENST00000327044.7|ENSG00000188976.11|OTTHUMG00000040720.2|OTTHUMT00000097869.2|NOC2L-201|NOC2L|2757|protein_coding|	75	AGCTT	117.95783783783786	3.2858947368421054	0.005328684210526316	0.02	118.11	3.095	0.00498	-0.07439584877687166
ENST00000327044.7|ENSG00000188976.11|OTTHUMG00000040720.2|OTTHUMT00000097869.2|NOC2L-201|NOC2L|2757|protein_coding|	76	GCTTC	71.8148	3.4069199999999995	0.006889166666666666	1.15	75.65	3.225	0.00598	inf
ENST00000327044.7|ENSG00000188976.11|OTTHUMG00000040720.2|OTTHUMT00000097869.2|NOC2L-201|NOC2L|2757|protein_coding|	77	CTTCG	77.18353535353535	1.6063030303030303	0.006276354166666667	-0.38	77.02	1.509	0.00498	-0.22400819792124133
ENST00000327044.7|ENSG00000188976.11|OTTHUMG00000040720.2|OTTHUMT00000097869.2|NOC2L-201|NOC2L|2757|protein_coding|	78	TTCGG	81.00138888888888	2.2573055555555555	0.0072477777777777775	-0.14416666666666667	81.03	2.008	0.00498	-0.018562801932367118
ENST00000327044.7|ENSG00000188976.11|OTTHUMG00000040720.2|OTTHUMT00000097869.2|NOC2L-201|NOC2L|2757|protein_coding|	79	TCGGG	94.83472222222224	5.509142857142857	0.008204857142857142	0.66	95.11500000000001	5.481	0.007135	0.10625358577165792
ENST00000327044.7|ENSG00000188976.11|OTTHUMG00000040720.2|OTTHUMT00000097869.2|NOC2L-201|NOC2L|2757|protein_coding|	80	CGGGC	112.53352941176472	5.536833333333334	0.005404444444444444	-0.02500000000000001	111.505	6.17	0.00465	0.36711934156378623
ENST00000327044.7|ENSG00000188976.11|OTTHUMG00000040720.2|OTTHUMT00000097869.2|NOC2L-201|NOC2L|2757|protein_coding|	81	GGGCT	116.12176470588236	5.666055555555555	0.006768333333333333	0.88	117.225	5.311	0.006144999999999999	0.06705377694078264
ENST00000327044.7|ENSG00000188976.11|OTTHUMG00000040720.2|OTTHUMT00000097869.2|NOC2L-201|NOC2L|2757|protein_coding|	82	GGCTT	111.4526923076923	5.288692307692307	0.008185384615384615	-0.22692307692307695	111.86	5.336	0.006475	0.48977248104008664
ENST00000327044.7|ENSG00000188976.11|OTTHUMG00000040720.2|OTTHUMT00000097869.2|NOC2L-201|NOC2L|2757|protein_coding|	83	GCTTT	77.95933333333333	1.9725777777777775	0.005955434782608695	-0.74	77.17	2.006	0.00465	-0.18488521579430678
ENST00000327044.7|ENSG00000188976.11|OTTHUMG00000040720.2|OTTHUMT00000097869.2|NOC2L-201|NOC2L|2757|protein_coding|	84	CTTTG	80.22641025641026	1.708341463414634	0.00537609756097561	0.18	80.255	1.647	0.00415	-0.1328215921753126
ENST00000327044.7|ENSG00000188976.11|OTTHUMG00000040720.2|OTTHUMT00000097869.2|NOC2L-201|NOC2L|2757|protein_coding|	85	TTTGA	90.57957142857144	2.050724637681159	0.005534776119402986	0.13	90.36	2.0620000000000003	0.004484999999999999	-0.2261416461580531
ENST00000327044.7|ENSG00000188976.11|OTTHUMG00000040720.2|OTTHUMT00000097869.2|NOC2L-201|NOC2L|2757|protein_coding|	86	TTGAC	102.80371428571429	2.901058823529412	0.004599117647058824	0.1	104.2	2.588	0.00432	-0.3538844491025808
ENST00000327044.7|ENSG00000188976.11|OTTHUMG00000040720.2|OTTHUMT00000097869.2|NOC2L-201|NOC2L|2757|protein_coding|	87	TGACT	117.13333333333333	6.490772727272727	0.005074761904761906	-0.48	117.61	5.9905	0.00515	0.35506737521351295
ENST00000327044.7|ENSG00000188976.11|OTTHUMG00000040720.2|OTTHUMT00000097869.2|NOC2L-201|NOC2L|2757|protein_coding|	88	GACTC	87.38931034482756	2.2456896551724137	0.005872413793103448	-0.38999999999999996	87.05	2.0495	0.005475	-0.17740305671340156
ENST00000327044.7|ENSG00000188976.11|OTTHUMG00000040720.2|OTTHUMT00000097869.2|NOC2L-201|NOC2L|2757|protein_coding|	89	ACTCC	80.0159375	1.665741935483871	0.004573548387096775	-0.1921875	79.805	1.6604999999999999	0.00398	-0.41552914544425584
ENST00000327044.7|ENSG00000188976.11|OTTHUMG00000040720.2|OTTHUMT00000097869.2|NOC2L-201|NOC2L|2757|protein_coding|	90	CTCCG	70.8040909090909	2.0677878787878785	0.005417272727272728	0.485	71.535	1.719	0.00432	-0.1009617918313571
ENST00000327044.7|ENSG00000188976.11|OTTHUMG00000040720.2|OTTHUMT00000097869.2|NOC2L-201|NOC2L|2757|protein_coding|	91	TCCGA	81.63413333333332	2.0771315789473688	0.007326351351351352	-0.07893333333333334	81.77000000000001	2.084	0.005475	-0.2528303672851191
ENST00000327044.7|ENSG00000188976.11|OTTHUMG00000040720.2|OTTHUMT00000097869.2|NOC2L-201|NOC2L|2757|protein_coding|	92	CCGAG	96.11612903225804	2.8424918032786888	0.0073865	0.1	96.39	2.896	0.00598	-0.2875960392785242
ENST00000327044.7|ENSG00000188976.11|OTTHUMG00000040720.2|OTTHUMT00000097869.2|NOC2L-201|NOC2L|2757|protein_coding|	93	CGAGT	108.36105263157896	3.6705263157894743	0.0051552631578947366	-0.6294736842105264	106.84	3.64	0.00432	-0.35491628896494304
ENST00000327044.7|ENSG00000188976.11|OTTHUMG00000040720.2|OTTHUMT00000097869.2|NOC2L-201|NOC2L|2757|protein_coding|	94	GAGTC	118.04307692307692	2.8060416666666668	0.0038916000000000003	0.1073076923076923	119.77000000000001	2.6465	0.00332	-0.30371174524400335
ENST00000327044.7|ENSG00000188976.11|OTTHUMG00000040720.2|OTTHUMT00000097869.2|NOC2L-201|NOC2L|2757|protein_coding|	95	AGTCC	123.50541666666668	7.1004	0.0085524	-0.05	124.76	6.332	0.00764	0.16975288303130137
ENST00000327044.7|ENSG00000188976.11|OTTHUMG00000040720.2|OTTHUMT00000097869.2|NOC2L-201|NOC2L|2757|protein_coding|	96	GTCCG	72.114	3.05975	0.004491578947368421	0.843	71.735	2.181	0.003985	0.33032608695652194
ENST00000327044.7|ENSG00000188976.11|OTTHUMG00000040720.2|OTTHUMT00000097869.2|NOC2L-201|NOC2L|2757|protein_coding|	97	TCCGA	81.18805555555554	2.7006111111111113	0.006706857142857142	-0.1927777777777778	81.2	2.5854999999999997	0.006144999999999999	-0.0285571542765786
ENST00000327044.7|ENSG00000188976.11|OTTHUMG00000040720.2|OTTHUMT00000097869.2|NOC2L-201|NOC2L|2757|protein_coding|	98	CCGAA	98.51263157894738	2.898036363636364	0.004280357142857143	0.1889473684210526	98.95	2.866	0.00398	-0.2736750968329915
ENST00000327044.7|ENSG00000188976.11|OTTHUMG00000040720.2|OTTHUMT00000097869.2|NOC2L-201|NOC2L|2757|protein_coding|	99	CGAAT	115.66393939393939	3.798371428571429	0.006405882352941176	0.01	115.6	3.683	0.00531	-0.3168396711202465
ENST00000327044.7|ENSG00000188976.11|OTTHUMG00000040720.2|OTTHUMT00000097869.2|NOC2L-201|NOC2L|2757|protein_coding|	100	GAATC	111.97692307692306	2.672555555555556	0.007536666666666667	0.76	112.59	2.113	0.00531	-0.1406573776348695
ENST00000327044.7|ENSG00000188976.11|OTTHUMG00000040720.2|OTTHUMT00000097869.2|NOC2L-201|NOC2L|2757|protein_coding|	101	AATCC	88.868	4.50905	0.0071375	0.42	98.57499999999999	4.6535	0.00631	-0.20893859649122806
ENST00000327044.7|ENSG00000188976.11|OTTHUMG00000040720.2|OTTHUMT00000097869.2|NOC2L-201|NOC2L|2757|protein_coding|	102	ATCCG	73.29166666666667	1.7753	0.0060512903225806445	0.7076666666666667	73.44	1.568	0.00498	-0.22813043478260858
ENST00000327044.7|ENSG00000188976.11|OTTHUMG00000040720.2|OTTHUMT00000097869.2|NOC2L-201|NOC2L|2757|protein_coding|	103	TCCGA	82.00264705882353	2.5862647058823534	0.004979999999999999	0.265	82.435	2.584	0.00398	-0.06968895471857786
ENST00000327044.7|ENSG00000188976.11|OTTHUMG00000040720.2|OTTHUMT00000097869.2|NOC2L-201|NOC2L|2757|protein_coding|	104	CCGAG	95.9657831325301	3.0639277108433736	0.0059708750000000005	0.017349397590361436	96.24000000000001	3.072	0.00498	-0.23209831808436757
ENST00000327044.7|ENSG00000188976.11|OTTHUMG00000040720.2|OTTHUMT00000097869.2|NOC2L-201|NOC2L|2757|protein_coding|	105	CGAGT	109.81057142857144	4.806111111111111	0.005890571428571427	-0.395	109.5	5.014	0.004484999999999999	-0.15534075375903153
ENST00000327044.7|ENSG00000188976.11|OTTHUMG00000040720.2|OTTHUMT00000097869.2|NOC2L-201|NOC2L|2757|protein_coding|	106	GAGTC	118.47869565217393	3.2555362318840575	0.005018676470588236	0.335	118.985	2.976	0.00432	-0.19217463228683443
ENST00000327044.7|ENSG00000188976.11|OTTHUMG00000040720.2|OTTHUMT00000097869.2|NOC2L-201|NOC2L|2757|protein_coding|	107	AGTCC	126.35777777777777	4.692785714285714	0.004635555555555555	0.045000000000000005	125.25999999999999	3.9364999999999997	0.00365	-0.22688867968933876
ENST00000327044.7|ENSG00000188976.11|OTTHUMG00000040720.2|OTTHUMT00000097869.2|NOC2L-201|NOC2L|2757|protein_coding|	108	GTCCG	71.0316	2.3677916666666667	0.0068648	0.41279999999999994	72.21	2.504	0.00531	0.02947463768115953
ENST00000327044.7|ENSG00000188976.11|OTTHUMG00000040720.2|OTTHUMT00000097869.2|NOC2L-201|NOC2L|2757|protein_coding|	109	TCCGA	82.24130434782609	2.685260869565217	0.004783636363636364	0.09913043478260869	82.33	2.789	0.00365	-0.03407882389740384
ENST00000327044.7|ENSG00000188976.11|OTTHUMG00000040720.2|OTTHUMT00000097869.2|NOC2L-201|NOC2L|2757|protein_coding|	110	CCGAA	97.76193548387099	3.2369032258064525	0.006307812500000001	0.0370967741935484	98.005	3.214	0.005145	-0.18874605869512473
ENST00000327044.7|ENSG00000188976.11|OTTHUMG00000040720.2|OTTHUMT00000097869.2|NOC2L-201|NOC2L|2757|protein_coding|	111	CGAAA	112.58800000000001	4.861038461538461	0.006971600000000001	-0.0008000000000000318	112.975	5.133	0.00465	-0.12571250691754285
ENST00000327044.7|ENSG00000188976.11|OTTHUMG00000040720.2|OTTHUMT00000097869.2|NOC2L-201|NOC2L|2757|protein_coding|	112	GAAAA	107.56227272727273	2.328186046511628	0.00619906976744186	0.3397727272727273	107.67500000000001	2.3035	0.00398	-0.1312738632419299
ENST00000327044.7|ENSG00000188976.11|OTTHUMG00000040720.2|OTTHUMT00000097869.2|NOC2L-201|NOC2L|2757|protein_coding|	113	AAAAT	111.80391304347827	1.9193370786516855	0.00867934065934066	-0.32	111.63	1.881	0.0073	-0.2838294482642965
ENST00000327044.7|ENSG00000188976.11|OTTHUMG00000040720.2|OTTHUMT00000097869.2|NOC2L-201|NOC2L|2757|protein_coding|	114	AAATT	115.1204761904762	1.906952380952381	0.0044733333333333335	-0.03	115.36	1.799	0.00398	-0.386832031848109
ENST00000327044.7|ENSG00000188976.11|OTTHUMG00000040720.2|OTTHUMT00000097869.2|NOC2L-201|NOC2L|2757|protein_coding|	115	AATTC	102.26875	3.0613870967741943	0.0045725806451612895	0.235	103.60499999999999	3.128	0.00432	-0.44640377996850017
ENST00000327044.7|ENSG00000188976.11|OTTHUMG00000040720.2|OTTHUMT00000097869.2|NOC2L-201|NOC2L|2757|protein_coding|	116	ATTCT	82.08392857142856	1.6759259259259256	0.005976071428571428	0.16749999999999998	82.22	1.5074999999999998	0.005475	-0.1903739488280552
ENST00000327044.7|ENSG00000188976.11|OTTHUMG00000040720.2|OTTHUMT00000097869.2|NOC2L-201|NOC2L|2757|protein_coding|	117	TTCTC	77.37759999999999	1.2482857142857142	0.006923673469387755	0.022999999999999993	77.39500000000001	1.221	0.00564	-0.39696342305037957
ENST00000327044.7|ENSG00000188976.11|OTTHUMG00000040720.2|OTTHUMT00000097869.2|NOC2L-201|NOC2L|2757|protein_coding|	118	TCTCC	76.22892857142857	1.8614642857142858	0.005667241379310344	0.02	75.45	1.785	0.00465	-0.3468546365914787
ENST00000327044.7|ENSG00000188976.11|OTTHUMG00000040720.2|OTTHUMT00000097869.2|NOC2L-201|NOC2L|2757|protein_coding|	119	CTCCA	70.08294117647058	1.3773529411764704	0.006197222222222223	0.495	70.53	1.3860000000000001	0.00498	-0.401150895140665
ENST00000327044.7|ENSG00000188976.11|OTTHUMG00000040720.2|OTTHUMT00000097869.2|NOC2L-201|NOC2L|2757|protein_coding|	120	TCCAC	72.97346153846155	1.07552	0.005257083333333333	0.03384615384615385	72.795	1.0274999999999999	0.00432	-0.49027488151658766
ENST00000327044.7|ENSG00000188976.11|OTTHUMG00000040720.2|OTTHUMT00000097869.2|NOC2L-201|NOC2L|2757|protein_coding|	121	CCACA	76.49208333333333	1.4871666666666667	0.0063079166666666665	0.35833333333333334	76.895	1.428	0.006144999999999999	-0.20895390070921976
ENST00000327044.7|ENSG00000188976.11|OTTHUMG00000040720.2|OTTHUMT00000097869.2|NOC2L-201|NOC2L|2757|protein_coding|	122	CACAA	83.06166666666665	2.0633793103448275	0.006365862068965517	0.105	82.23	1.9275	0.0054800000000000005	-0.35113858165257
ENST00000327044.7|ENSG00000188976.11|OTTHUMG00000040720.2|OTTHUMT00000097869.2|NOC2L-201|NOC2L|2757|protein_coding|	123	ACAAG	81.92750000000001	2.662428571428572	0.006624761904761903	0.87	80.87	2.631	0.00531	-0.11840113528855238
ENST00000327044.7|ENSG00000188976.11|OTTHUMG00000040720.2|OTTHUMT00000097869.2|NOC2L-201|NOC2L|2757|protein_coding|	124	CAAGC	108.205625	5.129470588235294	0.0058925	1.04125	107.84	5.151	0.00465	0.26341640104317593
ENST00000327044.7|ENSG00000188976.11|OTTHUMG00000040720.2|OTTHUMT00000097869.2|NOC2L-201|NOC2L|2757|protein_coding|	125	AAGCG	111.07972972972972	3.8658108108108107	0.006666216216216217	0.415	111.53	3.8925	0.00581	0.28006980490424194
ENST00000327044.7|ENSG00000188976.11|OTTHUMG00000040720.2|OTTHUMT00000097869.2|NOC2L-201|NOC2L|2757|protein_coding|	126	AGCGG	101.513125	4.5478749999999994	0.005476875	0.355	105.08	4.4755	0.00415	-0.45794100119189524
ENST00000327044.7|ENSG00000188976.11|OTTHUMG00000040720.2|OTTHUMT00000097869.2|NOC2L-201|NOC2L|2757|protein_coding|	127	GCGGA	103.74125000000001	5.99475	0.005820666666666667	0.474375	103.15	5.718	0.00415	0.20376506024096372
ENST00000327044.7|ENSG00000188976.11|OTTHUMG00000040720.2|OTTHUMT00000097869.2|NOC2L-201|NOC2L|2757|protein_coding|	128	CGGAG	123.90815789473682	2.8453243243243245	0.007321621621621623	0.2605263157894737	124.69	2.3975	0.006144999999999999	-0.10242134879358847
ENST00000327044.7|ENSG00000188976.11|OTTHUMG00000040720.2|OTTHUMT00000097869.2|NOC2L-201|NOC2L|2757|protein_coding|	129	GGAGA	114.51500000000001	5.989199999999999	0.005888421052631579	-0.6825	115.18	6.640499999999999	0.00432	0.052583479789103514
ENST00000327044.7|ENSG00000188976.11|OTTHUMG00000040720.2|OTTHUMT00000097869.2|NOC2L-201|NOC2L|2757|protein_coding|	130	GAGAC	123.26894736842104	4.7174499999999995	0.005836315789473684	0.35	125.41	3.729	0.005475	-0.1963458262350938
ENST00000327044.7|ENSG00000188976.11|OTTHUMG00000040720.2|OTTHUMT00000097869.2|NOC2L-201|NOC2L|2757|protein_coding|	131	AGACA	129.30833333333334	2.953041666666666	0.006017499999999999	0.62	128.8	2.406	0.00531	-0.38349860821155196
ENST00000327044.7|ENSG00000188976.11|OTTHUMG00000040720.2|OTTHUMT00000097869.2|NOC2L-201|NOC2L|2757|protein_coding|	132	GACAC	85.9465625	3.217129032258064	0.005227419354838709	0.35	86.26	3.065	0.003815	0.011675796307567285
ENST00000327044.7|ENSG00000188976.11|OTTHUMG00000040720.2|OTTHUMT00000097869.2|NOC2L-201|NOC2L|2757|protein_coding|	133	ACACG	76.48413793103448	1.8549642857142856	0.005242758620689654	0.6682758620689656	76.81	1.802	0.00432	-0.013316869300911848
ENST00000327044.7|ENSG00000188976.11|OTTHUMG00000040720.2|OTTHUMT00000097869.2|NOC2L-201|NOC2L|2757|protein_coding|	134	CACGG	79.65642857142859	2.3751428571428574	0.005447777777777778	-0.01642857142857145	79.44	2.16	0.005475	-0.253099730458221
ENST00000327044.7|ENSG00000188976.11|OTTHUMG00000040720.2|OTTHUMT00000097869.2|NOC2L-201|NOC2L|2757|protein_coding|	135	ACGGG	89.0820588235294	5.037764705882352	0.005432424242424243	0.88	89.17	4.9415	0.00432	0.011599338530592647
ENST00000327044.7|ENSG00000188976.11|OTTHUMG00000040720.2|OTTHUMT00000097869.2|NOC2L-201|NOC2L|2757|protein_coding|	136	CGGGA	115.14863636363636	4.753377777777778	0.007183181818181819	0.11	115.8	4.884	0.00531	0.1736735253772291
ENST00000327044.7|ENSG00000188976.11|OTTHUMG00000040720.2|OTTHUMT00000097869.2|NOC2L-201|NOC2L|2757|protein_coding|	137	GGGAA	122.08590909090908	3.604113636363637	0.006367727272727272	0.22	121.63	3.101	0.00465	0.13694436478348165
ENST00000327044.7|ENSG00000188976.11|OTTHUMG00000040720.2|OTTHUMT00000097869.2|NOC2L-201|NOC2L|2757|protein_coding|	138	GGAAG	115.1413043478261	5.985416666666667	0.00515875	0.175	115.045	6.1915	0.003815	0.076513788968825
ENST00000327044.7|ENSG00000188976.11|OTTHUMG00000040720.2|OTTHUMT00000097869.2|NOC2L-201|NOC2L|2757|protein_coding|	139	GAAGC	97.96317073170732	6.604658536585367	0.008080731707317072	-0.26	98.78	6.955	0.00697	0.6267631863510758
ENST00000327044.7|ENSG00000188976.11|OTTHUMG00000040720.2|OTTHUMT00000097869.2|NOC2L-201|NOC2L|2757|protein_coding|	140	AAGCA	107.08428571428571	4.596685714285714	0.007521428571428571	-0.04	106.735	4.7829999999999995	0.00664	0.5220813623462629
ENST00000327044.7|ENSG00000188976.11|OTTHUMG00000040720.2|OTTHUMT00000097869.2|NOC2L-201|NOC2L|2757|protein_coding|	141	AGCAC	120.76470588235294	2.765117647058824	0.004316969696969696	0.81	121.08	2.617	0.00365	-0.28364827796403524
ENST00000327044.7|ENSG00000188976.11|OTTHUMG00000040720.2|OTTHUMT00000097869.2|NOC2L-201|NOC2L|2757|protein_coding|	142	GCACG	77.29133333333334	3.817333333333333	0.007040689655172413	1.4616666666666667	77.055	3.3095	0.00631	1.030496453900709
ENST00000327044.7|ENSG00000188976.11|OTTHUMG00000040720.2|OTTHUMT00000097869.2|NOC2L-201|NOC2L|2757|protein_coding|	143	CACGC	81.30863636363637	3.0068571428571427	0.006749047619047617	0.7849999999999998	81.56	2.5295	0.00564	-0.054447439353099834
ENST00000327044.7|ENSG00000188976.11|OTTHUMG00000040720.2|OTTHUMT00000097869.2|NOC2L-201|NOC2L|2757|protein_coding|	144	ACGCG	78.5675	2.664565217391304	0.005008260869565218	0.4345833333333334	78.58000000000001	2.3255	0.004484999999999999	0.024832775919732326
ENST00000327044.7|ENSG00000188976.11|OTTHUMG00000040720.2|OTTHUMT00000097869.2|NOC2L-201|NOC2L|2757|protein_coding|	145	CGCGA	84.665625	7.894625	0.0053764516129032255	-0.355	84.87	6.059	0.00432	-0.05904350417163301
ENST00000327044.7|ENSG00000188976.11|OTTHUMG00000040720.2|OTTHUMT00000097869.2|NOC2L-201|NOC2L|2757|protein_coding|	146	GCGAG	90.98384615384614	4.21908	0.009043999999999998	0.76	93.87	4.1135	0.007634999999999999	0.057413533834586396
ENST00000327044.7|ENSG00000188976.11|OTTHUMG00000040720.2|OTTHUMT00000097869.2|NOC2L-201|NOC2L|2757|protein_coding|	147	CGAGG	111.6932258064516	4.618766666666668	0.006694666666666666	0.08774193548387095	111.72	4.354	0.00531	-0.18826596367896883
ENST00000327044.7|ENSG00000188976.11|OTTHUMG00000040720.2|OTTHUMT00000097869.2|NOC2L-201|NOC2L|2757|protein_coding|	148	GAGGC	113.03619047619048	5.994090909090909	0.00573904761904762	-0.09857142857142855	112.33	5.27	0.00398	-0.23544758812615954
ENST00000327044.7|ENSG00000188976.11|OTTHUMG00000040720.2|OTTHUMT00000097869.2|NOC2L-201|NOC2L|2757|protein_coding|	149	AGGCT	119.86959183673468	6.904119999999999	0.006738510638297873	-0.125	119.31	5.505000000000001	0.005475	0.30021092278719386
ENST00000327044.7|ENSG00000188976.11|OTTHUMG00000040720.2|OTTHUMT00000097869.2|NOC2L-201|NOC2L|2757|protein_coding|	150	GGCTG	110.78103448275861	5.493758620689655	0.0068650000000000004	-0.1106896551724138	110.89	4.466	0.00531	0.5475376396308888
ENST00000327044.7|ENSG00000188976.11|OTTHUMG00000040720.2|OTTHUMT00000097869.2|NOC2L-201|NOC2L|2757|protein_coding|	151	GCTGC	82.34456140350876	2.3820175438596487	0.005222321428571429	-0.36	82.11	2.388	0.004484999999999999	-0.1642043705755619
ENST00000327044.7|ENSG00000188976.11|OTTHUMG00000040720.2|OTTHUMT00000097869.2|NOC2L-201|NOC2L|2757|protein_coding|	152	CTGCC	89.843125	3.8905624999999997	0.004523124999999999	-0.05499999999999999	90.11	3.5374999999999996	0.00266	inf
ENST00000327044.7|ENSG00000188976.11|OTTHUMG00000040720.2|OTTHUMT00000097869.2|NOC2L-201|NOC2L|2757|protein_coding|	153	TGCCC	104.42153846153847	5.286170731707317	0.009669	0.27	104.15	5.104	0.00631	inf
ENST00000327044.7|ENSG00000188976.11|OTTHUMG00000040720.2|OTTHUMT00000097869.2|NOC2L-201|NOC2L|2757|protein_coding|	154	GCCCG	64.5321739130435	2.4892608695652174	0.005160454545454545	-0.431304347826087	64.86	2.028	0.00398	0.20254148288174764
ENST00000327044.7|ENSG00000188976.11|OTTHUMG00000040720.2|OTTHUMT00000097869.2|NOC2L-201|NOC2L|2757|protein_coding|	155	CCCGG	79.86714285714287	3.4929142857142854	0.004913142857142857	0.4857142857142857	79.53	3.302	0.00432	0.2564439876670092
ENST00000327044.7|ENSG00000188976.11|OTTHUMG00000040720.2|OTTHUMT00000097869.2|NOC2L-201|NOC2L|2757|protein_coding|	156	CCGGA	104.79961538461541	5.38222641509434	0.006422307692307692	0.09	106.19	5.312	0.00564	0.08076835644464658
ENST00000327044.7|ENSG00000188976.11|OTTHUMG00000040720.2|OTTHUMT00000097869.2|NOC2L-201|NOC2L|2757|protein_coding|	157	CGGAG	124.2829268292683	3.143575	0.006247692307692307	0.31902439024390244	124.53	2.738	0.00432	-0.008335962145110455
ENST00000327044.7|ENSG00000188976.11|OTTHUMG00000040720.2|OTTHUMT00000097869.2|NOC2L-201|NOC2L|2757|protein_coding|	158	GGAGT	110.92161290322579	5.9759062499999995	0.004818709677419355	-1.12	107.97	6.313000000000001	0.00365	0.050247144112477875
ENST00000327044.7|ENSG00000188976.11|OTTHUMG00000040720.2|OTTHUMT00000097869.2|NOC2L-201|NOC2L|2757|protein_coding|	159	GAGTC	117.39531914893617	3.3106304347826097	0.00556304347826087	-0.06708333333333334	118.155	3.2015000000000002	0.00465	-0.17850361419786365
ENST00000327044.7|ENSG00000188976.11|OTTHUMG00000040720.2|OTTHUMT00000097869.2|NOC2L-201|NOC2L|2757|protein_coding|	160	AGTCC	129.05759999999998	3.92664	0.0052194	0.915	131.505	3.591	0.00432	-0.3531070840197694
ENST00000327044.7|ENSG00000188976.11|OTTHUMG00000040720.2|OTTHUMT00000097869.2|NOC2L-201|NOC2L|2757|protein_coding|	161	GTCCG	71.65799999999999	6.811	0.007238	2.915	77.735	7.266	0.00498	1.9613043478260872
ENST00000327044.7|ENSG00000188976.11|OTTHUMG00000040720.2|OTTHUMT00000097869.2|NOC2L-201|NOC2L|2757|protein_coding|	162	TCCGG	78.79799999999999	3.30348	0.005159583333333334	0.6052000000000001	78.39	3.002	0.00432	0.18830215827338137
ENST00000327044.7|ENSG00000188976.11|OTTHUMG00000040720.2|OTTHUMT00000097869.2|NOC2L-201|NOC2L|2757|protein_coding|	163	CCGGA	105.8454716981132	6.499716981132077	0.00645132075471698	0.0	105.995	6.652	0.005475	0.30516405243615996
ENST00000327044.7|ENSG00000188976.11|OTTHUMG00000040720.2|OTTHUMT00000097869.2|NOC2L-201|NOC2L|2757|protein_coding|	164	CGGAT	131.25887755102042	2.6647244897959186	0.008373979591836734	0.67	131.42	2.59	0.00697	-0.159392905427155
ENST00000327044.7|ENSG00000188976.11|OTTHUMG00000040720.2|OTTHUMT00000097869.2|NOC2L-201|NOC2L|2757|protein_coding|	165	GGATA	122.58464285714285	8.160793103448276	0.007567586206896552	-0.57	121.86	8.887	0.00531	0.6001555104800542
ENST00000327044.7|ENSG00000188976.11|OTTHUMG00000040720.2|OTTHUMT00000097869.2|NOC2L-201|NOC2L|2757|protein_coding|	166	GATAA	86.032	5.504733333333333	0.005357333333333334	-0.28666666666666674	85.83	5.763	0.00498	-0.12345010615711258
ENST00000327044.7|ENSG00000188976.11|OTTHUMG00000040720.2|OTTHUMT00000097869.2|NOC2L-201|NOC2L|2757|protein_coding|	167	ATAAG	83.73197183098591	2.6176999999999997	0.005244927536231884	0.2853521126760564	83.62	2.443	0.00465	-0.13891447368421064
ENST00000327044.7|ENSG00000188976.11|OTTHUMG00000040720.2|OTTHUMT00000097869.2|NOC2L-201|NOC2L|2757|protein_coding|	168	TAAGC	104.84349999999999	5.086571428571427	0.009121428571428572	0.75	105.41	5.019	0.00598	0.252850105559465
ENST00000327044.7|ENSG00000188976.11|OTTHUMG00000040720.2|OTTHUMT00000097869.2|NOC2L-201|NOC2L|2757|protein_coding|	169	AAGCC	105.5053488372093	4.114728682170543	0.00806968503937008	0.845	106.08	4.0815	0.0054800000000000005	0.3624929411160737
ENST00000327044.7|ENSG00000188976.11|OTTHUMG00000040720.2|OTTHUMT00000097869.2|NOC2L-201|NOC2L|2757|protein_coding|	170	AGCCG	111.58369369369369	3.5942882882882885	0.005925607476635514	0.5	111.8	3.492	0.00432	0.0924888414250117
ENST00000327044.7|ENSG00000188976.11|OTTHUMG00000040720.2|OTTHUMT00000097869.2|NOC2L-201|NOC2L|2757|protein_coding|	171	GCCGG	76.90952380952382	4.70445	0.0034247368421052634	0.3276190476190476	76.28	4.062	0.00332	0.6922482014388489
ENST00000327044.7|ENSG00000188976.11|OTTHUMG00000040720.2|OTTHUMT00000097869.2|NOC2L-201|NOC2L|2757|protein_coding|	172	CCGGG	92.97279069767443	5.568795454545454	0.005161190476190476	0.08	93.16499999999999	5.163	0.00398	0.1182320189850309
ENST00000327044.7|ENSG00000188976.11|OTTHUMG00000040720.2|OTTHUMT00000097869.2|NOC2L-201|NOC2L|2757|protein_coding|	173	CGGGC	115.6390625	5.74403125	0.005321612903225804	0.3625	115.25999999999999	5.6915	0.00415	0.41827932098765436
ENST00000327044.7|ENSG00000188976.11|OTTHUMG00000040720.2|OTTHUMT00000097869.2|NOC2L-201|NOC2L|2757|protein_coding|	174	GGGCG	106.12064516129033	6.111193548387097	0.006728333333333333	-0.3038709677419355	105.74	5.399	0.00531	0.15088390741753244
ENST00000327044.7|ENSG00000188976.11|OTTHUMG00000040720.2|OTTHUMT00000097869.2|NOC2L-201|NOC2L|2757|protein_coding|	175	GGCGG	97.13576923076923	7.443307692307694	0.0060028	-0.15730769230769234	97.84	7.167	0.00498	-0.11283579352709258
ENST00000327044.7|ENSG00000188976.11|OTTHUMG00000040720.2|OTTHUMT00000097869.2|NOC2L-201|NOC2L|2757|protein_coding|	176	GCGGG	87.91428571428571	5.167296296296297	0.0053733333333333315	0.03214285714285713	87.37	4.6395	0.004815	0.037609698051465204
ENST00000327044.7|ENSG00000188976.11|OTTHUMG00000040720.2|OTTHUMT00000097869.2|NOC2L-201|NOC2L|2757|protein_coding|	177	CGGGA	113.98299999999999	4.309379310344827	0.0059299999999999995	-0.316	113.135	4.1675	0.00498	0.0640442741592166
ENST00000327044.7|ENSG00000188976.11|OTTHUMG00000040720.2|OTTHUMT00000097869.2|NOC2L-201|NOC2L|2757|protein_coding|	178	GGGAG	120.52760869565218	4.2586	0.0061668888888888876	0.05217391304347827	121.10499999999999	3.3979999999999997	0.004815	0.34340694006309164
ENST00000327044.7|ENSG00000188976.11|OTTHUMG00000040720.2|OTTHUMT00000097869.2|NOC2L-201|NOC2L|2757|protein_coding|	179	GGAGC	122.11846153846153	6.671115384615385	0.0051388	0.13692307692307695	123.775	6.4030000000000005	0.00432	0.17242801135595515
ENST00000327044.7|ENSG00000188976.11|OTTHUMG00000040720.2|OTTHUMT00000097869.2|NOC2L-201|NOC2L|2757|protein_coding|	180	GAGCC	105.50209999999998	3.2783267326732672	0.007369019607843137	0.84	106.01	3.218	0.00498	0.08553865320306861
ENST00000327044.7|ENSG00000188976.11|OTTHUMG00000040720.2|OTTHUMT00000097869.2|NOC2L-201|NOC2L|2757|protein_coding|	181	AGCCC	112.03397260273974	3.4415	0.006477972972972972	0.33999999999999997	112.275	2.8550000000000004	0.00465	0.046048632218844976
ENST00000327044.7|ENSG00000188976.11|OTTHUMG00000040720.2|OTTHUMT00000097869.2|NOC2L-201|NOC2L|2757|protein_coding|	182	GCCCC	68.62038461538461	4.57316	0.005541538461538462	1.0899999999999999	67.825	3.8205	0.005145	1.209256038647343
ENST00000327044.7|ENSG00000188976.11|OTTHUMG00000040720.2|OTTHUMT00000097869.2|NOC2L-201|NOC2L|2757|protein_coding|	183	CCCCT	66.5442857142857	1.6441904761904764	0.006449523809523811	0.7628571428571428	66.795	1.505	0.005974999999999999	-0.20570508396595336
ENST00000327044.7|ENSG00000188976.11|OTTHUMG00000040720.2|OTTHUMT00000097869.2|NOC2L-201|NOC2L|2757|protein_coding|	184	CCCTC	69.85675675675675	1.8791756756756757	0.006220410958904111	0.387027027027027	69.78	1.826	0.00531	-0.20035077630822315
ENST00000327044.7|ENSG00000188976.11|OTTHUMG00000040720.2|OTTHUMT00000097869.2|NOC2L-201|NOC2L|2757|protein_coding|	185	CCTCG	73.28444444444446	1.95137037037037	0.00672754716981132	-0.4764814814814815	72.95	1.922	0.00598	-0.3153086419753088
ENST00000327044.7|ENSG00000188976.11|OTTHUMG00000040720.2|OTTHUMT00000097869.2|NOC2L-201|NOC2L|2757|protein_coding|	186	CTCGG	81.70906976744185	2.41480487804878	0.005927073170731707	-0.2888095238095238	81.47	2.282	0.00432	0.0499151643690349
ENST00000327044.7|ENSG00000188976.11|OTTHUMG00000040720.2|OTTHUMT00000097869.2|NOC2L-201|NOC2L|2757|protein_coding|	187	TCGGC	92.66709677419354	2.9143999999999997	0.004899999999999999	0.03	92.96	2.643	0.00432	-0.4147791164658636
ENST00000327044.7|ENSG00000188976.11|OTTHUMG00000040720.2|OTTHUMT00000097869.2|NOC2L-201|NOC2L|2757|protein_coding|	188	CGGCC	104.93	4.387941176470588	0.006328125	0.03	102.44	3.613	0.00498	-0.17364572947823195
ENST00000327044.7|ENSG00000188976.11|OTTHUMG00000040720.2|OTTHUMT00000097869.2|NOC2L-201|NOC2L|2757|protein_coding|	189	GGCCA	102.15311926605506	3.39025	0.008659622641509433	-0.21453703703703705	102.35	3.2385	0.005974999999999999	0.030471124620060776
ENST00000327044.7|ENSG00000188976.11|OTTHUMG00000040720.2|OTTHUMT00000097869.2|NOC2L-201|NOC2L|2757|protein_coding|	190	GCCAG	71.55403225806451	2.3118125	0.005611612903225806	0.29500000000000004	71.785	2.0675	0.00465	0.09564573459715638
ENST00000327044.7|ENSG00000188976.11|OTTHUMG00000040720.2|OTTHUMT00000097869.2|NOC2L-201|NOC2L|2757|protein_coding|	191	CCAGC	89.73041237113402	2.2134489795918366	0.00624875	-0.46	89.775	2.1045	0.005145	-0.5651377250310733
ENST00000327044.7|ENSG00000188976.11|OTTHUMG00000040720.2|OTTHUMT00000097869.2|NOC2L-201|NOC2L|2757|protein_coding|	192	CAGCC	104.85729166666665	2.46726	0.006498297872340425	0.5700000000000001	105.84	2.1795	0.00531	-0.18302649006622518
ENST00000327044.7|ENSG00000188976.11|OTTHUMG00000040720.2|OTTHUMT00000097869.2|NOC2L-201|NOC2L|2757|protein_coding|	193	AGCCG	110.59442953020134	2.3603684210526312	0.007290394736842106	0.17	110.48	2.257	0.00531	-0.28256278995360756
ENST00000327044.7|ENSG00000188976.11|OTTHUMG00000040720.2|OTTHUMT00000097869.2|NOC2L-201|NOC2L|2757|protein_coding|	194	GCCGG	78.04725490196078	3.40048	0.004986153846153845	0.725	77.845	3.0095	0.004484999999999999	0.2231942446043166
ENST00000327044.7|ENSG00000188976.11|OTTHUMG00000040720.2|OTTHUMT00000097869.2|NOC2L-201|NOC2L|2757|protein_coding|	195	CCGGC	95.8796666666667	3.6613448275862073	0.005774285714285715	0.1986206896551724	95.19	3.5925000000000002	0.0053100000000000005	-0.26479019526381387
ENST00000327044.7|ENSG00000188976.11|OTTHUMG00000040720.2|OTTHUMT00000097869.2|NOC2L-201|NOC2L|2757|protein_coding|	196	CGGCG	110.38098039215686	4.90786274509804	0.0072575999999999995	0.38058823529411756	112.24	3.984	0.00598	-0.07573206307004891
ENST00000327044.7|ENSG00000188976.11|OTTHUMG00000040720.2|OTTHUMT00000097869.2|NOC2L-201|NOC2L|2757|protein_coding|	197	GGCGT	98.01619047619049	8.942142857142859	0.0059755	0.23190476190476195	96.66	9.243	0.00432	0.0658096373233442
ENST00000327044.7|ENSG00000188976.11|OTTHUMG00000040720.2|OTTHUMT00000097869.2|NOC2L-201|NOC2L|2757|protein_coding|	198	GCGTA	86.11133928571428	2.7915454545454543	0.005332792792792795	0.375	86.07499999999999	2.5385	0.00398	-0.08473919523099853
ENST00000327044.7|ENSG00000188976.11|OTTHUMG00000040720.2|OTTHUMT00000097869.2|NOC2L-201|NOC2L|2757|protein_coding|	199	CGTAA	101.92346938775512	7.415142857142857	0.006618510638297871	0.45	103.76	7.664	0.00432	-0.13374499332443268
ENST00000327044.7|ENSG00000188976.11|OTTHUMG00000040720.2|OTTHUMT00000097869.2|NOC2L-201|NOC2L|2757|protein_coding|	200	GTAAA	88.42033333333333	2.51	0.005975697674418605	-0.10422222222222222	88.305	2.2809999999999997	0.004484999999999999	-0.17434210526315796
ENST00000327044.7|ENSG00000188976.11|OTTHUMG00000040720.2|OTTHUMT00000097869.2|NOC2L-201|NOC2L|2757|protein_coding|	201	TAAAG	101.23314285714285	3.2494857142857136	0.0042548484848484855	-0.33342857142857146	100.95	2.978	0.00365	0.21249466950959456
ENST00000327044.7|ENSG00000188976.11|OTTHUMG00000040720.2|OTTHUMT00000097869.2|NOC2L-201|NOC2L|2757|protein_coding|	202	AAAGG	110.5853333333333	5.461239130434783	0.005952727272727271	0.195	108.95	4.3015	0.004484999999999999	0.3451327907474836
ENST00000327044.7|ENSG00000188976.11|OTTHUMG00000040720.2|OTTHUMT00000097869.2|NOC2L-201|NOC2L|2757|protein_coding|	203	AAGGC	117.15751937984496	7.163885496183206	0.007203937007874015	0.20255813953488375	116.73	7.145	0.00432	-0.08623909487459104
ENST00000327044.7|ENSG00000188976.11|OTTHUMG00000040720.2|OTTHUMT00000097869.2|NOC2L-201|NOC2L|2757|protein_coding|	204	AGGCC	113.81559999999998	9.14935294117647	0.008374285714285714	0.81	114.54	9.785	0.00564	0.7230419851556443
ENST00000327044.7|ENSG00000188976.11|OTTHUMG00000040720.2|OTTHUMT00000097869.2|NOC2L-201|NOC2L|2757|protein_coding|	205	GGCCG	103.99079999999998	4.329851851851852	0.005754074074074073	0.09	102.85	3.628	0.005145	0.3160643926601373
ENST00000327044.7|ENSG00000188976.11|OTTHUMG00000040720.2|OTTHUMT00000097869.2|NOC2L-201|NOC2L|2757|protein_coding|	206	GCCGT	75.71499999999999	2.6575555555555552	0.00532945945945946	0.245	76.685	2.542	0.005145	-0.04404476418864913
ENST00000327044.7|ENSG00000188976.11|OTTHUMG00000040720.2|OTTHUMT00000097869.2|NOC2L-201|NOC2L|2757|protein_coding|	207	CCGTG	90.22886075949368	3.2315921052631573	0.005704675324675324	0.03367088607594933	90.78	3.095	0.00432	0.05953839516824836
ENST00000327044.7|ENSG00000188976.11|OTTHUMG00000040720.2|OTTHUMT00000097869.2|NOC2L-201|NOC2L|2757|protein_coding|	208	CGTGC	90.12580645161292	4.365032258064518	0.004936451612903225	0.195	90.83	3.737	0.004484999999999999	-0.5495322747095441
ENST00000327044.7|ENSG00000188976.11|OTTHUMG00000040720.2|OTTHUMT00000097869.2|NOC2L-201|NOC2L|2757|protein_coding|	209	GTGCC	84.34325581395349	2.9194634146341465	0.006758333333333333	0.16511627906976742	83.86	2.55	0.00564	-0.06726408478142282
ENST00000327044.7|ENSG00000188976.11|OTTHUMG00000040720.2|OTTHUMT00000097869.2|NOC2L-201|NOC2L|2757|protein_coding|	210	TGCCT	101.7084375	4.576451612903226	0.005644375	0.02	102.74000000000001	5.02	0.00465	0.3910187273262086
ENST00000327044.7|ENSG00000188976.11|OTTHUMG00000040720.2|OTTHUMT00000097869.2|NOC2L-201|NOC2L|2757|protein_coding|	211	GCCTC	70.42730769230769	2.260962962962963	0.006192692307692307	1.1	70.39	1.779	0.00564	-0.037888100866824356
ENST00000327044.7|ENSG00000188976.11|OTTHUMG00000040720.2|OTTHUMT00000097869.2|NOC2L-201|NOC2L|2757|protein_coding|	212	CCTCT	74.95363636363636	1.2330454545454543	0.006745454545454543	-0.10590909090909091	74.91	1.241	0.00465	-0.5673524720893143
ENST00000327044.7|ENSG00000188976.11|OTTHUMG00000040720.2|OTTHUMT00000097869.2|NOC2L-201|NOC2L|2757|protein_coding|	213	CTCTG	78.8446	1.7666666666666666	0.0052072549019607835	1.13	79.84	1.763	0.00465	-0.14653784219001606
ENST00000327044.7|ENSG00000188976.11|OTTHUMG00000040720.2|OTTHUMT00000097869.2|NOC2L-201|NOC2L|2757|protein_coding|	214	TCTGA	92.89206349206347	2.9197734375	0.007187642276422765	0.49	92.93	2.858	0.00564	0.024481907894736796
ENST00000327044.7|ENSG00000188976.11|OTTHUMG00000040720.2|OTTHUMT00000097869.2|NOC2L-201|NOC2L|2757|protein_coding|	215	CTGAG	108.77157894736841	3.6081351351351354	0.005509459459459458	0.48684210526315796	109.545	3.0975	0.00465	-0.19640642870041533
ENST00000327044.7|ENSG00000188976.11|OTTHUMG00000040720.2|OTTHUMT00000097869.2|NOC2L-201|NOC2L|2757|protein_coding|	216	TGAGC	118.11911764705883	4.7673235294117635	0.006136363636363636	-0.11	116.765	3.5665	0.00531	-0.16215755194872353
ENST00000327044.7|ENSG00000188976.11|OTTHUMG00000040720.2|OTTHUMT00000097869.2|NOC2L-201|NOC2L|2757|protein_coding|	217	GAGCA	108.25535714285715	4.2735714285714295	0.006782321428571429	0.37072727272727274	108.56	3.6725	0.00498	0.4150898770104071
ENST00000327044.7|ENSG00000188976.11|OTTHUMG00000040720.2|OTTHUMT00000097869.2|NOC2L-201|NOC2L|2757|protein_coding|	218	AGCAC	115.10706896551724	3.978379310344827	0.005108070175438596	-0.44	115.04	3.901	0.00432	0.030668215115240205
ENST00000327044.7|ENSG00000188976.11|OTTHUMG00000040720.2|OTTHUMT00000097869.2|NOC2L-201|NOC2L|2757|protein_coding|	219	GCACA	75.798	3.038047619047619	0.005537368421052632	1.076	75.34	2.857	0.00398	0.6159827760891592
ENST00000327044.7|ENSG00000188976.11|OTTHUMG00000040720.2|OTTHUMT00000097869.2|NOC2L-201|NOC2L|2757|protein_coding|	220	CACAA	80.51642857142858	2.165172413793104	0.004754285714285715	-0.4	80.11	2.23	0.00398	-0.31912817176317493
ENST00000327044.7|ENSG00000188976.11|OTTHUMG00000040720.2|OTTHUMT00000097869.2|NOC2L-201|NOC2L|2757|protein_coding|	221	ACAAA	83.21038461538461	2.8240000000000003	0.007125000000000001	0.34	83.8	2.571	0.00531	-0.06490066225165554
ENST00000327044.7|ENSG00000188976.11|OTTHUMG00000040720.2|OTTHUMT00000097869.2|NOC2L-201|NOC2L|2757|protein_coding|	222	CAAAG	103.33657894736844	3.4409743589743593	0.006087179487179487	-0.065	102.77	3.3600000000000003	0.00432	0.2839456563337161
ENST00000327044.7|ENSG00000188976.11|OTTHUMG00000040720.2|OTTHUMT00000097869.2|NOC2L-201|NOC2L|2757|protein_coding|	223	AAAGA	113.46653846153845	3.6806226415094336	0.00761078431372549	0.42	112.71	3.629	0.00598	-0.09344269913560739
ENST00000327044.7|ENSG00000188976.11|OTTHUMG00000040720.2|OTTHUMT00000097869.2|NOC2L-201|NOC2L|2757|protein_coding|	224	AAGAC	122.54850000000002	3.60955	0.005245499999999999	0.63	123.98	3.078	0.00531	-0.38508517887563887
ENST00000327044.7|ENSG00000188976.11|OTTHUMG00000040720.2|OTTHUMT00000097869.2|NOC2L-201|NOC2L|2757|protein_coding|	225	AGACC	127.49785714285716	4.096275862068966	0.005181785714285714	0.545	127.88	3.019	0.00564	-0.14482758620689648
ENST00000327044.7|ENSG00000188976.11|OTTHUMG00000040720.2|OTTHUMT00000097869.2|NOC2L-201|NOC2L|2757|protein_coding|	226	GACCA	79.87692307692308	3.65374358974359	0.005244358974358973	-0.22	78.225	2.6765	0.00365	0.30026462268455156
ENST00000327044.7|ENSG00000188976.11|OTTHUMG00000040720.2|OTTHUMT00000097869.2|NOC2L-201|NOC2L|2757|protein_coding|	227	ACCAG	72.69448979591837	2.1135800000000002	0.0054242000000000005	0.45	73.35	1.919	0.00432	0.0016966824644551474
ENST00000327044.7|ENSG00000188976.11|OTTHUMG00000040720.2|OTTHUMT00000097869.2|NOC2L-201|NOC2L|2757|protein_coding|	228	CCAGC	95.66370370370372	3.2498076923076917	0.004773207547169811	0.6	96.6	3.217	0.00398	-0.3615309052440684
ENST00000327044.7|ENSG00000188976.11|OTTHUMG00000040720.2|OTTHUMT00000097869.2|NOC2L-201|NOC2L|2757|protein_coding|	229	CAGCT	112.02105263157895	2.9776153846153846	0.004236842105263156	0.4	113.37	2.448	0.00365	inf
ENST00000327044.7|ENSG00000188976.11|OTTHUMG00000040720.2|OTTHUMT00000097869.2|NOC2L-201|NOC2L|2757|protein_coding|	230	AGCTC	116.85073170731708	2.880275	0.00584560975609756	-0.2678048780487805	117.03	2.381	0.00498	-0.18865492957746471
ENST00000327044.7|ENSG00000188976.11|OTTHUMG00000040720.2|OTTHUMT00000097869.2|NOC2L-201|NOC2L|2757|protein_coding|	231	GCTCT	82.49250000000002	2.1151724137931036	0.004268571428571429	0.5549999999999999	81.34	1.8345	0.00365	-0.25783424077434963
ENST00000327044.7|ENSG00000188976.11|OTTHUMG00000040720.2|OTTHUMT00000097869.2|NOC2L-201|NOC2L|2757|protein_coding|	232	CTCTC	76.71647058823528	1.3905686274509803	0.004918163265306122	-0.2388235294117647	77.01	1.392	0.00398	-0.3282277162072558
ENST00000327044.7|ENSG00000188976.11|OTTHUMG00000040720.2|OTTHUMT00000097869.2|NOC2L-201|NOC2L|2757|protein_coding|	233	TCTCT	82.12324324324322	1.6545277777777778	0.0048448648648648646	0.6100000000000001	81.50999999999999	1.552	0.00432	-0.4194639376218324
ENST00000327044.7|ENSG00000188976.11|OTTHUMG00000040720.2|OTTHUMT00000097869.2|NOC2L-201|NOC2L|2757|protein_coding|	234	CTCTC	74.94508196721311	1.788793650793651	0.005381290322580644	0.15000000000000002	76.87	1.504	0.00432	-0.1358484778774632
ENST00000327044.7|ENSG00000188976.11|OTTHUMG00000040720.2|OTTHUMT00000097869.2|NOC2L-201|NOC2L|2757|protein_coding|	235	TCTCG	75.95714285714284	1.616153846153846	0.00418923076923077	-0.6828571428571427	74.60499999999999	1.6869999999999998	0.00432	-0.43292847503373827
ENST00000327044.7|ENSG00000188976.11|OTTHUMG00000040720.2|OTTHUMT00000097869.2|NOC2L-201|NOC2L|2757|protein_coding|	236	CTCGG	82.11608695652174	2.0341458333333335	0.007394166666666666	-0.14	81.85	1.924	0.00564	-0.11558876811594188
ENST00000327044.7|ENSG00000188976.11|OTTHUMG00000040720.2|OTTHUMT00000097869.2|NOC2L-201|NOC2L|2757|protein_coding|	237	TCGGC	92.70147058823531	3.207823529411765	0.00423735294117647	0.67	94.22	3.016	0.00332	-0.3558587290337822
ENST00000327044.7|ENSG00000188976.11|OTTHUMG00000040720.2|OTTHUMT00000097869.2|NOC2L-201|NOC2L|2757|protein_coding|	238	CGGCT	110.43153846153845	3.9294615384615383	0.0065392307692307685	0.31	112.68	3.373	0.00598	-0.25998841083586843
ENST00000327044.7|ENSG00000188976.11|OTTHUMG00000040720.2|OTTHUMT00000097869.2|NOC2L-201|NOC2L|2757|protein_coding|	239	GGCTG	110.47612903225806	3.820354838709678	0.005712413793103447	-0.17709677419354838	110.55	3.952	0.00498	0.0761562925942756
ENST00000327044.7|ENSG00000188976.11|OTTHUMG00000040720.2|OTTHUMT00000097869.2|NOC2L-201|NOC2L|2757|protein_coding|	240	GCTGA	89.14692307692309	2.5044130434782605	0.0053334782608695655	-0.5	88.07	2.373	0.00432	-0.12125858123569808
ENST00000327044.7|ENSG00000188976.11|OTTHUMG00000040720.2|OTTHUMT00000097869.2|NOC2L-201|NOC2L|2757|protein_coding|	241	CTGAA	104.46375	3.707173913043478	0.005823333333333333	-0.525	103.94999999999999	2.8280000000000003	0.00531	-0.17434879442238796
ENST00000327044.7|ENSG00000188976.11|OTTHUMG00000040720.2|OTTHUMT00000097869.2|NOC2L-201|NOC2L|2757|protein_coding|	242	TGAAG	115.372	5.381633333333334	0.005953666666666666	0.21	116.04	5.04	0.00432	-0.03208033573141465
ENST00000327044.7|ENSG00000188976.11|OTTHUMG00000040720.2|OTTHUMT00000097869.2|NOC2L-201|NOC2L|2757|protein_coding|	243	GAAGG	105.8719230769231	5.30384	0.005816399999999999	0.11807692307692307	105.81	4.7105	0.00432	0.3063645320197046
ENST00000327044.7|ENSG00000188976.11|OTTHUMG00000040720.2|OTTHUMT00000097869.2|NOC2L-201|NOC2L|2757|protein_coding|	244	AAGGA	109.87599999999999	5.2443333333333335	0.006905333333333334	-0.41933333333333334	108.01	4.76	0.00498	-0.33107993197278907
ENST00000327044.7|ENSG00000188976.11|OTTHUMG00000040720.2|OTTHUMT00000097869.2|NOC2L-201|NOC2L|2757|protein_coding|	245	AGGAC	116.33099999999999	5.374948717948719	0.008129230769230767	0.10600000000000001	117.65	5.356	0.00598	0.6955674189112678
ENST00000327044.7|ENSG00000188976.11|OTTHUMG00000040720.2|OTTHUMT00000097869.2|NOC2L-201|NOC2L|2757|protein_coding|	246	GGACA	117.53611111111111	7.302684210526316	0.005755555555555555	0.16	119.17	6.219	0.00465	0.5245687287111306
ENST00000327044.7|ENSG00000188976.11|OTTHUMG00000040720.2|OTTHUMT00000097869.2|NOC2L-201|NOC2L|2757|protein_coding|	247	GACAG	78.7179411764706	3.7240895522388064	0.006292985074626865	-0.46499999999999997	78.875	2.9015	0.004484999999999999	0.17109734347132272
ENST00000327044.7|ENSG00000188976.11|OTTHUMG00000040720.2|OTTHUMT00000097869.2|NOC2L-201|NOC2L|2757|protein_coding|	248	ACAGA	94.86227272727272	7.034913043478262	0.005599090909090909	-0.01	96.5	7.422	0.00598	0.3821047236695997
ENST00000327044.7|ENSG00000188976.11|OTTHUMG00000040720.2|OTTHUMT00000097869.2|NOC2L-201|NOC2L|2757|protein_coding|	249	CAGAG	109.09350000000002	5.985600000000001	0.006027894736842105	0.21000000000000002	107.995	4.891	0.00598	0.01969335604770027
ENST00000327044.7|ENSG00000188976.11|OTTHUMG00000040720.2|OTTHUMT00000097869.2|NOC2L-201|NOC2L|2757|protein_coding|	250	AGAGA	129.53478260869565	3.7058260869565207	0.008285217391304348	0.2582608695652174	129.4	3.786	0.00697	-0.3487124627492934
ENST00000327044.7|ENSG00000188976.11|OTTHUMG00000040720.2|OTTHUMT00000097869.2|NOC2L-201|NOC2L|2757|protein_coding|	251	GAGAC	118.78240000000001	5.68816	0.0059484	-0.6103999999999999	118.79	5.806	0.00564	-0.030977853492333937
ENST00000327044.7|ENSG00000188976.11|OTTHUMG00000040720.2|OTTHUMT00000097869.2|NOC2L-201|NOC2L|2757|protein_coding|	252	AGACC	127.13813559322031	4.132762711864407	0.007376779661016949	0.36	127.8	3.753	0.00631	-0.13721028979866243
ENST00000327044.7|ENSG00000188976.11|OTTHUMG00000040720.2|OTTHUMT00000097869.2|NOC2L-201|NOC2L|2757|protein_coding|	253	GACCC	80.638	3.5832	0.007059411764705882	0.49	80.89500000000001	3.1390000000000002	0.00531	0.27516014234875447
ENST00000327044.7|ENSG00000188976.11|OTTHUMG00000040720.2|OTTHUMT00000097869.2|NOC2L-201|NOC2L|2757|protein_coding|	254	ACCCC	68.98982142857143	1.5322727272727275	0.004636181818181817	0.8723214285714286	68.835	1.5095	0.00415	-0.2597716293368466
ENST00000327044.7|ENSG00000188976.11|OTTHUMG00000040720.2|OTTHUMT00000097869.2|NOC2L-201|NOC2L|2757|protein_coding|	255	CCCCG	65.46269230769231	1.9502692307692309	0.007561851851851852	0.65	64.96	1.808	0.00598	-0.05784095131921207
ENST00000327044.7|ENSG00000188976.11|OTTHUMG00000040720.2|OTTHUMT00000097869.2|NOC2L-201|NOC2L|2757|protein_coding|	256	CCCGA	83.42358208955223	2.604074626865672	0.005505692307692307	0.0	83.78	2.581	0.00498	-0.06328250832170064
ENST00000327044.7|ENSG00000188976.11|OTTHUMG00000040720.2|OTTHUMT00000097869.2|NOC2L-201|NOC2L|2757|protein_coding|	257	CCGAG	102.28000000000002	3.830571428571428	0.005098571428571429	1.2482758620689653	103.85	3.53	0.00398	-0.039957035445757426
ENST00000327044.7|ENSG00000188976.11|OTTHUMG00000040720.2|OTTHUMT00000097869.2|NOC2L-201|NOC2L|2757|protein_coding|	258	CGAGT	110.73571428571428	3.1941428571428574	0.0050454285714285705	-0.37	110.04499999999999	3.0949999999999998	0.00365	-0.4386392166708511
ENST00000327044.7|ENSG00000188976.11|OTTHUMG00000040720.2|OTTHUMT00000097869.2|NOC2L-201|NOC2L|2757|protein_coding|	259	GAGTT	125.51524590163935	5.107161290322581	0.0066778333333333325	0.6	126.61	5.0	0.00564	0.26728567998078917
ENST00000327044.7|ENSG00000188976.11|OTTHUMG00000040720.2|OTTHUMT00000097869.2|NOC2L-201|NOC2L|2757|protein_coding|	260	AGTTC	121.639375	7.3951875000000005	0.00861	-0.22499999999999998	120.82499999999999	7.416	0.005974999999999999	-0.012658544726301702
ENST00000327044.7|ENSG00000188976.11|OTTHUMG00000040720.2|OTTHUMT00000097869.2|NOC2L-201|NOC2L|2757|protein_coding|	261	GTTCT	76.38116279069769	1.8501395348837213	0.005034651162790698	-0.05	76.47	1.584	0.00465	-0.1062127850803278
ENST00000327044.7|ENSG00000188976.11|OTTHUMG00000040720.2|OTTHUMT00000097869.2|NOC2L-201|NOC2L|2757|protein_coding|	262	TTCTA	79.6378125	1.7330312500000002	0.005676129032258064	0.06718750000000002	79.99000000000001	1.5735000000000001	0.004314999999999999	-0.16278683574879207
ENST00000327044.7|ENSG00000188976.11|OTTHUMG00000040720.2|OTTHUMT00000097869.2|NOC2L-201|NOC2L|2757|protein_coding|	263	TCTAC	85.00454545454545	2.011217391304348	0.0045925	0.49	84.28	1.755	0.00365	-0.23527855843941142
ENST00000327044.7|ENSG00000188976.11|OTTHUMG00000040720.2|OTTHUMT00000097869.2|NOC2L-201|NOC2L|2757|protein_coding|	264	CTACA	79.35133333333333	1.4763333333333335	0.004945999999999998	-0.29	78.98	1.468	0.00365	-0.29698412698412696
ENST00000327044.7|ENSG00000188976.11|OTTHUMG00000040720.2|OTTHUMT00000097869.2|NOC2L-201|NOC2L|2757|protein_coding|	265	TACAA	83.99833333333335	1.7073	0.004445714285714286	0.26333333333333336	83.71000000000001	1.4785	0.00398	-0.46311320754716984
ENST00000327044.7|ENSG00000188976.11|OTTHUMG00000040720.2|OTTHUMT00000097869.2|NOC2L-201|NOC2L|2757|protein_coding|	266	ACAAG	76.02151515151515	2.5765757575757577	0.004436363636363636	-0.355	76.83500000000001	2.4299999999999997	0.0034850000000000003	-0.14682921934577559
ENST00000327044.7|ENSG00000188976.11|OTTHUMG00000040720.2|OTTHUMT00000097869.2|NOC2L-201|NOC2L|2757|protein_coding|	267	CAAGT	106.73758620689654	3.8648666666666665	0.006559999999999999	0.21	106.07	3.7795	0.00564	inf
ENST00000327044.7|ENSG00000188976.11|OTTHUMG00000040720.2|OTTHUMT00000097869.2|NOC2L-201|NOC2L|2757|protein_coding|	268	AAGTT	123.51352941176468	5.4776346153846145	0.0081606	0.9650000000000001	124.355	5.0535	0.00631	0.35921454476045017
ENST00000327044.7|ENSG00000188976.11|OTTHUMG00000040720.2|OTTHUMT00000097869.2|NOC2L-201|NOC2L|2757|protein_coding|	269	AGTTC	123.15290322580643	5.5644193548387095	0.009701935483870968	-0.07935483870967742	125.1	6.205	0.00764	-0.2570868685128559
ENST00000327044.7|ENSG00000188976.11|OTTHUMG00000040720.2|OTTHUMT00000097869.2|NOC2L-201|NOC2L|2757|protein_coding|	270	GTTCC	77.38144736842105	1.8938266666666663	0.0056261842105263145	0.41	76.82	1.608	0.00465	-0.08510789049919494
ENST00000327044.7|ENSG00000188976.11|OTTHUMG00000040720.2|OTTHUMT00000097869.2|NOC2L-201|NOC2L|2757|protein_coding|	271	TTCCT	72.58333333333333	1.7065000000000001	0.0068655999999999995	0.45	72.87	1.523	0.00564	-0.25804347826086943
ENST00000327044.7|ENSG00000188976.11|OTTHUMG00000040720.2|OTTHUMT00000097869.2|NOC2L-201|NOC2L|2757|protein_coding|	272	TCCTG	71.1383870967742	1.4049000000000003	0.005853999999999998	-0.15580645161290324	70.91	1.339	0.00465	-0.4021702127659574
ENST00000327044.7|ENSG00000188976.11|OTTHUMG00000040720.2|OTTHUMT00000097869.2|NOC2L-201|NOC2L|2757|protein_coding|	273	CCTGC	84.41571428571429	2.6734000000000004	0.006160833333333333	0.19	84.63	2.262	0.00465	-0.061964912280701626
ENST00000327044.7|ENSG00000188976.11|OTTHUMG00000040720.2|OTTHUMT00000097869.2|NOC2L-201|NOC2L|2757|protein_coding|	274	CTGCA	94.92423076923076	3.020076923076923	0.006857307692307694	0.022307692307692337	95.69999999999999	2.35	0.00598	-0.035119193905136424
ENST00000327044.7|ENSG00000188976.11|OTTHUMG00000040720.2|OTTHUMT00000097869.2|NOC2L-201|NOC2L|2757|protein_coding|	275	TGCAG	104.3595	4.53355	0.005478499999999999	-0.055	103.035	3.9879999999999995	0.00398	0.17449481865284977
ENST00000327044.7|ENSG00000188976.11|OTTHUMG00000040720.2|OTTHUMT00000097869.2|NOC2L-201|NOC2L|2757|protein_coding|	276	GCAGG	88.73130434782608	4.378347826086957	0.005221818181818182	0.12391304347826089	88.07	4.166	0.00432	-0.13981378662338764
ENST00000327044.7|ENSG00000188976.11|OTTHUMG00000040720.2|OTTHUMT00000097869.2|NOC2L-201|NOC2L|2757|protein_coding|	277	CAGGA	97.94550000000001	4.808571428571429	0.004648000000000001	-0.05149999999999999	97.48	4.496	0.00432	-0.3866618075801749
ENST00000327044.7|ENSG00000188976.11|OTTHUMG00000040720.2|OTTHUMT00000097869.2|NOC2L-201|NOC2L|2757|protein_coding|	278	AGGAG	117.9618032786885	4.937716666666665	0.006284745762711865	0.29918032786885246	117.98	5.004	0.00498	0.5576393270241846
ENST00000327044.7|ENSG00000188976.11|OTTHUMG00000040720.2|OTTHUMT00000097869.2|NOC2L-201|NOC2L|2757|protein_coding|	279	GGAGA	122.43205128205126	4.2605	0.005742432432432432	0.3987179487179487	121.95	4.043	0.00498	-0.25123022847100174
ENST00000327044.7|ENSG00000188976.11|OTTHUMG00000040720.2|OTTHUMT00000097869.2|NOC2L-201|NOC2L|2757|protein_coding|	280	GAGAA	124.65170731707317	5.151365853658536	0.00774325	-0.15951219512195122	124.16	5.163	0.00564	-0.12242489716208928
ENST00000327044.7|ENSG00000188976.11|OTTHUMG00000040720.2|OTTHUMT00000097869.2|NOC2L-201|NOC2L|2757|protein_coding|	281	AGAAT	127.53184210526314	5.63574358974359	0.0059147368421052626	-0.04	129.2	4.927	0.00465	0.013622947795609727
ENST00000327044.7|ENSG00000188976.11|OTTHUMG00000040720.2|OTTHUMT00000097869.2|NOC2L-201|NOC2L|2757|protein_coding|	282	GAATG	106.22200000000001	4.72025	0.005464583333333333	-0.3144	105.97	4.876	0.00465	0.5177652733118971
ENST00000327044.7|ENSG00000188976.11|OTTHUMG00000040720.2|OTTHUMT00000097869.2|NOC2L-201|NOC2L|2757|protein_coding|	283	AATGA	82.70942857142856	4.458888888888888	0.005473428571428571	-0.32	83.34	4.314	0.00498	0.1521676715475162
ENST00000327044.7|ENSG00000188976.11|OTTHUMG00000040720.2|OTTHUMT00000097869.2|NOC2L-201|NOC2L|2757|protein_coding|	284	ATGAC	92.48809523809524	4.23095	0.0048625000000000005	-0.3233333333333333	92.48	3.953	0.00398	-0.057694877505567975
ENST00000327044.7|ENSG00000188976.11|OTTHUMG00000040720.2|OTTHUMT00000097869.2|NOC2L-201|NOC2L|2757|protein_coding|	285	TGACC	118.7286956521739	8.496041666666667	0.0059465217391304346	0.42000000000000004	118.85499999999999	8.142	0.00581	0.7737038970076549
ENST00000327044.7|ENSG00000188976.11|OTTHUMG00000040720.2|OTTHUMT00000097869.2|NOC2L-201|NOC2L|2757|protein_coding|	286	GACCA	77.93277777777777	2.641105263157894	0.006133157894736842	-0.47	77.27	2.209	0.00498	-0.060104888555909564
ENST00000327044.7|ENSG00000188976.11|OTTHUMG00000040720.2|OTTHUMT00000097869.2|NOC2L-201|NOC2L|2757|protein_coding|	287	ACCAG	71.88259259259259	2.115884615384615	0.006553703703703704	0.785	74.195	1.7865	0.00498	0.002788917243893491
ENST00000327044.7|ENSG00000188976.11|OTTHUMG00000040720.2|OTTHUMT00000097869.2|NOC2L-201|NOC2L|2757|protein_coding|	288	CCAGA	75.31333333333333	4.164882352941176	0.005977058823529412	-0.08	75.405	4.0665	0.005145	-0.1817519935282561
ENST00000327044.7|ENSG00000188976.11|OTTHUMG00000040720.2|OTTHUMT00000097869.2|NOC2L-201|NOC2L|2757|protein_coding|	289	CAGAG	104.63726027397261	4.655094594594594	0.006519722222222222	-0.29054794520547944	105.55	4.382	0.005145	-0.20696855287996696
ENST00000327044.7|ENSG00000188976.11|OTTHUMG00000040720.2|OTTHUMT00000097869.2|NOC2L-201|NOC2L|2757|protein_coding|	290	AGAGC	128.60117647058823	5.845	0.006504423076923078	0.34	130.13	5.254	0.00564	0.027240773286467374
ENST00000327044.7|ENSG00000188976.11|OTTHUMG00000040720.2|OTTHUMT00000097869.2|NOC2L-201|NOC2L|2757|protein_coding|	291	GAGCC	104.01107142857144	5.419310344827586	0.0068650000000000004	0.68	105.37	3.515	0.00398	0.7944736241150948
ENST00000327044.7|ENSG00000188976.11|OTTHUMG00000040720.2|OTTHUMT00000097869.2|NOC2L-201|NOC2L|2757|protein_coding|	292	AGCCT	109.83975903614459	2.412061728395062	0.007028780487804878	-0.38	109.54	2.4	0.00531	-0.26685053848174406
ENST00000327044.7|ENSG00000188976.11|OTTHUMG00000040720.2|OTTHUMT00000097869.2|NOC2L-201|NOC2L|2757|protein_coding|	293	GCCTG	72.87805555555555	4.466486486486485	0.005112857142857142	1.21	73.22	3.896	0.00432	inf
ENST00000327044.7|ENSG00000188976.11|OTTHUMG00000040720.2|OTTHUMT00000097869.2|NOC2L-201|NOC2L|2757|protein_coding|	294	CCTGC	86.54488888888889	1.7750227272727275	0.005341818181818181	0.626	86.48	1.74	0.00432	-0.3771850079744816
ENST00000327044.7|ENSG00000188976.11|OTTHUMG00000040720.2|OTTHUMT00000097869.2|NOC2L-201|NOC2L|2757|protein_coding|	295	CTGCT	99.41300000000001	2.042854166666667	0.0048858695652173895	0.6288	99.87	1.967	0.00465	-0.34733093716719904
ENST00000327044.7|ENSG00000188976.11|OTTHUMG00000040720.2|OTTHUMT00000097869.2|NOC2L-201|NOC2L|2757|protein_coding|	296	TGCTA	106.8834375	3.99965625	0.006795	-0.22999999999999998	106.225	4.3665	0.00564	0.1266637323943663
ENST00000327044.7|ENSG00000188976.11|OTTHUMG00000040720.2|OTTHUMT00000097869.2|NOC2L-201|NOC2L|2757|protein_coding|	297	GCTAA	84.14377777777776	2.1364888888888887	0.004308181818181817	-0.115	83.66	1.8864999999999998	0.0034850000000000003	-0.18764681030840732
ENST00000327044.7|ENSG00000188976.11|OTTHUMG00000040720.2|OTTHUMT00000097869.2|NOC2L-201|NOC2L|2757|protein_coding|	298	CTAAA	94.28407407407407	2.532428571428572	0.004315925925925926	0.06333333333333335	94.97	2.2664999999999997	0.004314999999999999	-0.16696428571428557
ENST00000327044.7|ENSG00000188976.11|OTTHUMG00000040720.2|OTTHUMT00000097869.2|NOC2L-201|NOC2L|2757|protein_coding|	299	TAAAC	105.07625	2.160125	0.0049896875	0.52	104.95	2.024	0.00432	-0.19398320895522397
ENST00000327044.7|ENSG00000188976.11|OTTHUMG00000040720.2|OTTHUMT00000097869.2|NOC2L-201|NOC2L|2757|protein_coding|	300	AAACT	106.66159999999999	2.72548	0.0070916	-0.035	106.595	2.665	0.00664	-0.2100057971014493
ENST00000327044.7|ENSG00000188976.11|OTTHUMG00000040720.2|OTTHUMT00000097869.2|NOC2L-201|NOC2L|2757|protein_coding|	301	AACTT	92.48219512195122	1.8331463414634148	0.005096249999999999	0.01	92.685	1.7469999999999999	0.00432	-0.3285178236397748
ENST00000327044.7|ENSG00000188976.11|OTTHUMG00000040720.2|OTTHUMT00000097869.2|NOC2L-201|NOC2L|2757|protein_coding|	302	ACTTC	82.26428571428569	1.5427936507936506	0.006524761904761905	0.6246031746031747	82.36	1.41	0.005145	-0.3624819624819625
ENST00000327044.7|ENSG00000188976.11|OTTHUMG00000040720.2|OTTHUMT00000097869.2|NOC2L-201|NOC2L|2757|protein_coding|	303	CTTCA	78.39375	1.38024	0.0058775	0.32	78.51	1.319	0.00498	-0.3332173913043478
ENST00000327044.7|ENSG00000188976.11|OTTHUMG00000040720.2|OTTHUMT00000097869.2|NOC2L-201|NOC2L|2757|protein_coding|	304	TTCAG	77.409	1.5346315789473683	0.007486	0.6455	79.555	1.388	0.00564	-0.33276887871853544
ENST00000327044.7|ENSG00000188976.11|OTTHUMG00000040720.2|OTTHUMT00000097869.2|NOC2L-201|NOC2L|2757|protein_coding|	305	TCAGC	90.34058823529412	2.633285714285714	0.004713428571428571	-0.022941176470588236	90.36	2.458	0.00432	-0.4826550659556554
ENST00000327044.7|ENSG00000188976.11|OTTHUMG00000040720.2|OTTHUMT00000097869.2|NOC2L-201|NOC2L|2757|protein_coding|	306	CAGCG	109.81441176470588	2.8633636363636366	0.006706857142857144	0.63	111.4	2.795	0.00564	-0.051866345574954786
ENST00000327044.7|ENSG00000188976.11|OTTHUMG00000040720.2|OTTHUMT00000097869.2|NOC2L-201|NOC2L|2757|protein_coding|	307	AGCGA	104.8038095238095	6.344095238095238	0.005062499999999999	0.07	106.43	4.488	0.00498	-0.24385038878483462
ENST00000327044.7|ENSG00000188976.11|OTTHUMG00000040720.2|OTTHUMT00000097869.2|NOC2L-201|NOC2L|2757|protein_coding|	308	GCGAC	93.74800000000002	4.267344827586207	0.005814482758620691	0.4843333333333334	94.075	3.1719999999999997	0.004815	0.06950998185117968
ENST00000327044.7|ENSG00000188976.11|OTTHUMG00000040720.2|OTTHUMT00000097869.2|NOC2L-201|NOC2L|2757|protein_coding|	309	CGACT	114.7835	7.689075	0.005722105263157895	0.139	114.48	7.742	0.00598	0.6052348643006262
ENST00000327044.7|ENSG00000188976.11|OTTHUMG00000040720.2|OTTHUMT00000097869.2|NOC2L-201|NOC2L|2757|protein_coding|	310	GACTC	89.92434782608694	2.412977777777778	0.0054775	0.35130434782608694	89.97	2.197	0.004815	-0.11612535612535609
ENST00000327044.7|ENSG00000188976.11|OTTHUMG00000040720.2|OTTHUMT00000097869.2|NOC2L-201|NOC2L|2757|protein_coding|	311	ACTCG	78.860625	1.794096774193548	0.00557967741935484	-0.535625	78.83500000000001	1.8315000000000001	0.005145	-0.3704923599320884
ENST00000327044.7|ENSG00000188976.11|OTTHUMG00000040720.2|OTTHUMT00000097869.2|NOC2L-201|NOC2L|2757|protein_coding|	312	CTCGG	83.0025	2.353475	0.005835526315789473	0.20925000000000002	82.81	2.4145	0.00465	0.023250000000000073
ENST00000327044.7|ENSG00000188976.11|OTTHUMG00000040720.2|OTTHUMT00000097869.2|NOC2L-201|NOC2L|2757|protein_coding|	313	TCGGA	104.52533333333332	4.039433333333333	0.004748	0.3087096774193549	103.73	4.257	0.00432	-0.18886880856760385
ENST00000327044.7|ENSG00000188976.11|OTTHUMG00000040720.2|OTTHUMT00000097869.2|NOC2L-201|NOC2L|2757|protein_coding|	314	CGGAC	119.81596153846155	2.7191538461538465	0.005663207547169809	-0.19	119.875	2.387	0.004815	-0.14222276146566357
ENST00000327044.7|ENSG00000188976.11|OTTHUMG00000040720.2|OTTHUMT00000097869.2|NOC2L-201|NOC2L|2757|protein_coding|	315	GGACA	112.33973684210528	7.6800263157894735	0.0067697368421052615	-0.505	113.27	8.0915	0.00531	inf
ENST00000327044.7|ENSG00000188976.11|OTTHUMG00000040720.2|OTTHUMT00000097869.2|NOC2L-201|NOC2L|2757|protein_coding|	316	GACAG	81.05843137254901	2.6167647058823533	0.00545230769230769	0.06	81.2	2.452	0.00465	-0.17711801701812793
ENST00000327044.7|ENSG00000188976.11|OTTHUMG00000040720.2|OTTHUMT00000097869.2|NOC2L-201|NOC2L|2757|protein_coding|	317	ACAGC	87.79473684210527	4.542842105263158	0.006290526315789474	-0.00894736842105266	86.71	4.063	0.00531	-0.10749663943749357
ENST00000327044.7|ENSG00000188976.11|OTTHUMG00000040720.2|OTTHUMT00000097869.2|NOC2L-201|NOC2L|2757|protein_coding|	318	CAGCT	110.76892857142856	3.928933333333333	0.004922413793103447	0.96	113.85	3.5620000000000003	0.004484999999999999	inf
ENST00000327044.7|ENSG00000188976.11|OTTHUMG00000040720.2|OTTHUMT00000097869.2|NOC2L-201|NOC2L|2757|protein_coding|	319	AGCTC	118.32500000000002	2.9845357142857147	0.00550982456140351	0.225	119.13499999999999	2.4295	0.00432	-0.15928571428571411
ENST00000327044.7|ENSG00000188976.11|OTTHUMG00000040720.2|OTTHUMT00000097869.2|NOC2L-201|NOC2L|2757|protein_coding|	320	GCTCT	83.14931034482758	3.078241379310345	0.0041317241379310345	0.775	82.94	2.6845	0.003815	0.08008469449485792
ENST00000327044.7|ENSG00000188976.11|OTTHUMG00000040720.2|OTTHUMT00000097869.2|NOC2L-201|NOC2L|2757|protein_coding|	321	CTCTG	81.5596	1.841375	0.0059625	0.972	81.58	1.746	0.00598	-0.11044685990338159
ENST00000327044.7|ENSG00000188976.11|OTTHUMG00000040720.2|OTTHUMT00000097869.2|NOC2L-201|NOC2L|2757|protein_coding|	322	TCTGA	87.25275862068963	2.372516129032258	0.006119000000000002	-1.018	87.24	2.334	0.00531	-0.16753820033955868
ENST00000327044.7|ENSG00000188976.11|OTTHUMG00000040720.2|OTTHUMT00000097869.2|NOC2L-201|NOC2L|2757|protein_coding|	323	CTGAG	106.14	5.038731707317073	0.0083745	0.01341463414634147	106.59	4.595	0.00697	0.12221196154055067
ENST00000327044.7|ENSG00000188976.11|OTTHUMG00000040720.2|OTTHUMT00000097869.2|NOC2L-201|NOC2L|2757|protein_coding|	324	TGAGG	114.393125	6.344151515151515	0.007832812500000001	0.1	114.82	6.72	0.00564	0.11496511689833303
ENST00000327044.7|ENSG00000188976.11|OTTHUMG00000040720.2|OTTHUMT00000097869.2|NOC2L-201|NOC2L|2757|protein_coding|	325	GAGGA	111.66624999999999	5.6561875	0.006086666666666667	-0.09062500000000007	107.42	6.032500000000001	0.00481	-0.2785475127551021
ENST00000327044.7|ENSG00000188976.11|OTTHUMG00000040720.2|OTTHUMT00000097869.2|NOC2L-201|NOC2L|2757|protein_coding|	326	AGGAG	115.19580645161291	5.408272727272728	0.0064840625	0.37	116.1	5.635	0.00498	0.7060797246917122
ENST00000327044.7|ENSG00000188976.11|OTTHUMG00000040720.2|OTTHUMT00000097869.2|NOC2L-201|NOC2L|2757|protein_coding|	327	GGAGG	116.5375	5.722099999999999	0.004929500000000001	0.36	116.01	5.922	0.00498	0.00564147627416501
ENST00000327044.7|ENSG00000188976.11|OTTHUMG00000040720.2|OTTHUMT00000097869.2|NOC2L-201|NOC2L|2757|protein_coding|	328	GAGGA	99.62285714285713	5.583892857142858	0.0048261538461538455	-0.44999999999999996	103.24000000000001	5.843999999999999	0.00415	-0.28776876822157427
ENST00000327044.7|ENSG00000188976.11|OTTHUMG00000040720.2|OTTHUMT00000097869.2|NOC2L-201|NOC2L|2757|protein_coding|	329	AGGAA	117.17466666666668	4.895683333333334	0.006808983050847458	-0.06650000000000003	116.88	4.757	0.0053100000000000005	0.5443796004206102
ENST00000327044.7|ENSG00000188976.11|OTTHUMG00000040720.2|OTTHUMT00000097869.2|NOC2L-201|NOC2L|2757|protein_coding|	330	GGAAG	117.3714814814815	5.925962962962963	0.0048769230769230764	0.56	119.95	6.178	0.00398	0.06582067679189987
ENST00000327044.7|ENSG00000188976.11|OTTHUMG00000040720.2|OTTHUMT00000097869.2|NOC2L-201|NOC2L|2757|protein_coding|	331	GAAGA	106.26757575757577	6.424606060606061	0.005643125000000001	0.17090909090909093	106.28	6.346	0.00498	0.5824152858635621
ENST00000327044.7|ENSG00000188976.11|OTTHUMG00000040720.2|OTTHUMT00000097869.2|NOC2L-201|NOC2L|2757|protein_coding|	332	AAGAG	120.075	5.021545454545454	0.005105714285714286	-0.2681818181818182	119.83000000000001	4.645	0.00481	-0.14454080842496522
ENST00000327044.7|ENSG00000188976.11|OTTHUMG00000040720.2|OTTHUMT00000097869.2|NOC2L-201|NOC2L|2757|protein_coding|	333	AGAGG	124.68875	5.072687500000001	0.005520000000000001	0.48	126.34	4.858	0.00498	-0.10849077328646743
ENST00000327044.7|ENSG00000188976.11|OTTHUMG00000040720.2|OTTHUMT00000097869.2|NOC2L-201|NOC2L|2757|protein_coding|	334	GAGGG	107.13217391304347	7.008608695652174	0.006474090909090909	-0.08	110.8	7.04	0.00465	-0.10604480922803904
ENST00000327044.7|ENSG00000188976.11|OTTHUMG00000040720.2|OTTHUMT00000097869.2|NOC2L-201|NOC2L|2757|protein_coding|	335	AGGGG	112.46486842105263	6.875506493506493	0.00957986842105263	-0.21842105263157896	112.77	7.13	0.00764	0.6976559243225909
ENST00000327044.7|ENSG00000188976.11|OTTHUMG00000040720.2|OTTHUMT00000097869.2|NOC2L-201|NOC2L|2757|protein_coding|	336	GGGGC	115.47205128205128	7.144692307692307	0.009243157894736839	0.31256410256410255	114.91	7.248	0.00764	0.7641215574548907
ENST00000327044.7|ENSG00000188976.11|OTTHUMG00000040720.2|OTTHUMT00000097869.2|NOC2L-201|NOC2L|2757|protein_coding|	337	GGGCC	105.36761904761904	6.763333333333332	0.006207	0.17000000000000004	104.16	7.263	0.00465	0.2736974262397989
ENST00000327044.7|ENSG00000188976.11|OTTHUMG00000040720.2|OTTHUMT00000097869.2|NOC2L-201|NOC2L|2757|protein_coding|	338	GGCCG	104.70984848484848	5.671537313432836	0.007645873015873015	0.03	104.18	5.323	0.0073	0.7238715238397677
ENST00000327044.7|ENSG00000188976.11|OTTHUMG00000040720.2|OTTHUMT00000097869.2|NOC2L-201|NOC2L|2757|protein_coding|	339	GCCGT	77.63878048780487	2.42910843373494	0.0072616455696202535	0.20500000000000002	77.665	2.213	0.00498	-0.1262199878651295
ENST00000327044.7|ENSG00000188976.11|OTTHUMG00000040720.2|OTTHUMT00000097869.2|NOC2L-201|NOC2L|2757|protein_coding|	340	CCGTT	92.7574074074074	3.107735849056604	0.006415576923076922	0.06703703703703703	92.87	3.0385	0.00531	0.018929786575935813
ENST00000327044.7|ENSG00000188976.11|OTTHUMG00000040720.2|OTTHUMT00000097869.2|NOC2L-201|NOC2L|2757|protein_coding|	341	CGTTC	97.02555555555557	4.870500000000001	0.006024444444444443	-0.26	97.54499999999999	4.5765	0.005145	-0.3497329773030707
ENST00000327044.7|ENSG00000188976.11|OTTHUMG00000040720.2|OTTHUMT00000097869.2|NOC2L-201|NOC2L|2757|protein_coding|	342	GTTCC	74.90185185185186	1.3359999999999999	0.006369875	-0.3969135802469136	74.70500000000001	1.2135	0.005145	-0.35458937198067636
ENST00000327044.7|ENSG00000188976.11|OTTHUMG00000040720.2|OTTHUMT00000097869.2|NOC2L-201|NOC2L|2757|protein_coding|	343	TTCCA	70.696875	1.29009375	0.006649687499999999	0.22	70.96	1.294	0.00564	-0.43908967391304343
ENST00000327044.7|ENSG00000188976.11|OTTHUMG00000040720.2|OTTHUMT00000097869.2|NOC2L-201|NOC2L|2757|protein_coding|	344	TCCAC	73.37281690140846	1.1413943661971828	0.00574342857142857	0.18239436619718308	73.55	1.106	0.00465	-0.4590548027501503
ENST00000327044.7|ENSG00000188976.11|OTTHUMG00000040720.2|OTTHUMT00000097869.2|NOC2L-201|NOC2L|2757|protein_coding|	345	CCACT	78.13019607843137	1.6718000000000002	0.005542448979591837	0.10921568627450984	78.05	1.677	0.00432	-0.11074468085106369
ENST00000327044.7|ENSG00000188976.11|OTTHUMG00000040720.2|OTTHUMT00000097869.2|NOC2L-201|NOC2L|2757|protein_coding|	346	CACTC	86.42088888888888	1.7127111111111109	0.00584609195402299	0.3247777777777778	86.49	1.689	0.00465	-0.3726332926332927
ENST00000327044.7|ENSG00000188976.11|OTTHUMG00000040720.2|OTTHUMT00000097869.2|NOC2L-201|NOC2L|2757|protein_coding|	347	ACTCC	82.23576923076924	1.7992592592592591	0.0062459259259259265	0.40730769230769237	81.85	1.616	0.00498	-0.36868096166341785
ENST00000327044.7|ENSG00000188976.11|OTTHUMG00000040720.2|OTTHUMT00000097869.2|NOC2L-201|NOC2L|2757|protein_coding|	348	CTCCC	69.79205128205129	1.4452307692307693	0.005411	0.7312820512820514	70.035	1.275	0.00498	-0.371638795986622
ENST00000327044.7|ENSG00000188976.11|OTTHUMG00000040720.2|OTTHUMT00000097869.2|NOC2L-201|NOC2L|2757|protein_coding|	349	TCCCT	65.58302325581396	1.4204186046511629	0.005288372093023255	-0.24000000000000002	65.28999999999999	1.312	0.00498	-0.31380743736658795
ENST00000327044.7|ENSG00000188976.11|OTTHUMG00000040720.2|OTTHUMT00000097869.2|NOC2L-201|NOC2L|2757|protein_coding|	350	CCCTG	70.89454545454545	1.748590909090909	0.005296363636363637	-0.19818181818181815	70.755	1.803	0.00498	-0.2559187620889749
ENST00000327044.7|ENSG00000188976.11|OTTHUMG00000040720.2|OTTHUMT00000097869.2|NOC2L-201|NOC2L|2757|protein_coding|	351	CCTGC	82.08903225806452	1.8383225806451613	0.006285806451612903	-0.61	82.065	1.7355	0.00465	-0.354974533106961
ENST00000327044.7|ENSG00000188976.11|OTTHUMG00000040720.2|OTTHUMT00000097869.2|NOC2L-201|NOC2L|2757|protein_coding|	352	CTGCC	94.63973684210525	2.5103066666666662	0.005871780821917808	0.87	94.525	2.5164999999999997	0.00498	-0.19798509052183186
ENST00000327044.7|ENSG00000188976.11|OTTHUMG00000040720.2|OTTHUMT00000097869.2|NOC2L-201|NOC2L|2757|protein_coding|	353	TGCCA	98.75340909090909	4.4990227272727275	0.005650909090909092	-0.49	98.24	3.283	0.00498	0.36748411163304784
ENST00000327044.7|ENSG00000188976.11|OTTHUMG00000040720.2|OTTHUMT00000097869.2|NOC2L-201|NOC2L|2757|protein_coding|	354	GCCAG	78.67083333333333	4.346041666666667	0.0056170833333333324	1.18	74.53	3.751	0.00598	1.059735387045814
ENST00000327044.7|ENSG00000188976.11|OTTHUMG00000040720.2|OTTHUMT00000097869.2|NOC2L-201|NOC2L|2757|protein_coding|	355	CCAGA	77.7721875	5.1989375	0.0047109677419354835	0.1990625	78.66499999999999	5.218500000000001	0.003815	0.02140225933202369
ENST00000327044.7|ENSG00000188976.11|OTTHUMG00000040720.2|OTTHUMT00000097869.2|NOC2L-201|NOC2L|2757|protein_coding|	356	CAGAT	111.93178571428572	6.234333333333335	0.005459629629629628	0.275	113.55	5.777	0.005145	0.06206700738216942
ENST00000327044.7|ENSG00000188976.11|OTTHUMG00000040720.2|OTTHUMT00000097869.2|NOC2L-201|NOC2L|2757|protein_coding|	357	AGATG	131.41548387096773	8.859312500000001	0.006104838709677419	0.28	134.89	5.801	0.0053100000000000005	0.7371200980392161
ENST00000327044.7|ENSG00000188976.11|OTTHUMG00000040720.2|OTTHUMT00000097869.2|NOC2L-201|NOC2L|2757|protein_coding|	358	GATGT	73.83711864406779	4.192068965517241	0.006070166666666666	-0.74	73.19	3.08	0.00498	0.08322195491401578
ENST00000327044.7|ENSG00000188976.11|OTTHUMG00000040720.2|OTTHUMT00000097869.2|NOC2L-201|NOC2L|2757|protein_coding|	359	ATGTG	85.83736842105263	4.280631578947368	0.004350526315789474	-0.22	85.745	3.3975	0.0034850000000000003	0.1324422166527429
ENST00000327044.7|ENSG00000188976.11|OTTHUMG00000040720.2|OTTHUMT00000097869.2|NOC2L-201|NOC2L|2757|protein_coding|	360	TGTGC	87.20266666666666	6.022366666666666	0.006571034482758621	-0.005	87.78999999999999	5.8235	0.00598	inf
ENST00000327044.7|ENSG00000188976.11|OTTHUMG00000040720.2|OTTHUMT00000097869.2|NOC2L-201|NOC2L|2757|protein_coding|	361	GTGCT	90.81785714285716	4.0340357142857135	0.005345172413793103	0.38	91.2	3.668	0.00498	0.2888293016887264
ENST00000327044.7|ENSG00000188976.11|OTTHUMG00000040720.2|OTTHUMT00000097869.2|NOC2L-201|NOC2L|2757|protein_coding|	362	TGCTG	109.14432432432433	4.495205128205128	0.005249189189189188	0.26	108.76	3.525	0.00432	0.26625496569158535
ENST00000327044.7|ENSG00000188976.11|OTTHUMG00000040720.2|OTTHUMT00000097869.2|NOC2L-201|NOC2L|2757|protein_coding|	363	GCTGG	85.3230188679245	4.106634615384615	0.008394150943396227	0.21000000000000002	86.10499999999999	3.42	0.00631	0.44092442645074204
ENST00000327044.7|ENSG00000188976.11|OTTHUMG00000040720.2|OTTHUMT00000097869.2|NOC2L-201|NOC2L|2757|protein_coding|	364	CTGGA	107.34289855072464	3.6648333333333336	0.005214264705882352	-0.22	107.14500000000001	2.798	0.00415	-0.08149540517961569
ENST00000327044.7|ENSG00000188976.11|OTTHUMG00000040720.2|OTTHUMT00000097869.2|NOC2L-201|NOC2L|2757|protein_coding|	365	TGGAG	118.64588235294117	3.6382647058823534	0.005194705882352941	-0.49	118.16	2.846	0.00465	0.14771757283355
ENST00000327044.7|ENSG00000188976.11|OTTHUMG00000040720.2|OTTHUMT00000097869.2|NOC2L-201|NOC2L|2757|protein_coding|	366	GGAGG	110.96574999999999	7.73945	0.0077687500000000005	-0.4795	110.285	7.6675	0.00581	0.3601845342706501
ENST00000327044.7|ENSG00000188976.11|OTTHUMG00000040720.2|OTTHUMT00000097869.2|NOC2L-201|NOC2L|2757|protein_coding|	367	GAGGA	104.51	7.7491111111111115	0.006444705882352942	-0.8272222222222223	105.84	7.8995	0.0054800000000000005	-0.011592970521541882
ENST00000327044.7|ENSG00000188976.11|OTTHUMG00000040720.2|OTTHUMT00000097869.2|NOC2L-201|NOC2L|2757|protein_coding|	368	AGGAA	117.39080000000001	4.731306666666667	0.007814864864864865	-0.08	117.04	4.694	0.00697	0.4925257623554154
ENST00000327044.7|ENSG00000188976.11|OTTHUMG00000040720.2|OTTHUMT00000097869.2|NOC2L-201|NOC2L|2757|protein_coding|	369	GGAAG	114.25750000000002	5.884758620689656	0.006765517241379311	-0.05	113.63999999999999	6.288	0.006475	0.05840982386504609
ENST00000327044.7|ENSG00000188976.11|OTTHUMG00000040720.2|OTTHUMT00000097869.2|NOC2L-201|NOC2L|2757|protein_coding|	370	GAAGC	97.80628571428572	5.742444444444445	0.006649411764705883	0.27	99.685	6.4955	0.006144999999999999	0.4143951833607008
ENST00000327044.7|ENSG00000188976.11|OTTHUMG00000040720.2|OTTHUMT00000097869.2|NOC2L-201|NOC2L|2757|protein_coding|	371	AAGCC	100.66538461538461	6.2414615384615395	0.008884	-0.5576923076923077	100.185	5.7	0.0078049999999999994	1.066709118695874
ENST00000327044.7|ENSG00000188976.11|OTTHUMG00000040720.2|OTTHUMT00000097869.2|NOC2L-201|NOC2L|2757|protein_coding|	372	AGCCA	111.04599999999999	6.143213114754099	0.007816271186440677	0.44	111.24	6.59	0.00664	0.8672380288006379
ENST00000327044.7|ENSG00000188976.11|OTTHUMG00000040720.2|OTTHUMT00000097869.2|NOC2L-201|NOC2L|2757|protein_coding|	373	GCCAG	70.95451612903224	4.738903225806451	0.006020333333333335	1.01	72.82	4.525	0.00564	1.2459256994343373
ENST00000327044.7|ENSG00000188976.11|OTTHUMG00000040720.2|OTTHUMT00000097869.2|NOC2L-201|NOC2L|2757|protein_coding|	374	CCAGT	93.4924742268041	7.427969387755101	0.006770106382978724	-0.43	93.015	5.920999999999999	0.00465	0.4593260093821417
ENST00000327044.7|ENSG00000188976.11|OTTHUMG00000040720.2|OTTHUMT00000097869.2|NOC2L-201|NOC2L|2757|protein_coding|	375	CAGTG	123.26265625	4.7945714285714285	0.0077571428571428565	0.81	123.565	4.0395	0.00664	0.18971995746189285
ENST00000327044.7|ENSG00000188976.11|OTTHUMG00000040720.2|OTTHUMT00000097869.2|NOC2L-201|NOC2L|2757|protein_coding|	376	AGTGA	95.1276	8.716640000000002	0.006488333333333333	-0.4004000000000001	90.77	9.103	0.00498	-0.10044994840041258
ENST00000327044.7|ENSG00000188976.11|OTTHUMG00000040720.2|OTTHUMT00000097869.2|NOC2L-201|NOC2L|2757|protein_coding|	377	GTGAG	97.93898876404494	4.010908045977011	0.005853563218390804	-0.09	98.8	3.2425	0.00498	-0.10670199421447416
ENST00000327044.7|ENSG00000188976.11|OTTHUMG00000040720.2|OTTHUMT00000097869.2|NOC2L-201|NOC2L|2757|protein_coding|	378	TGAGG	113.92848484848484	6.163181818181819	0.005716249999999999	-0.026666666666666696	113.25	5.987	0.00498	0.08316024924109289
ENST00000327044.7|ENSG00000188976.11|OTTHUMG00000040720.2|OTTHUMT00000097869.2|NOC2L-201|NOC2L|2757|protein_coding|	379	GAGGA	109.81291666666668	6.641333333333333	0.0056172	-0.49	107.4	5.829	0.00465	-0.15289115646258508
ENST00000327044.7|ENSG00000188976.11|OTTHUMG00000040720.2|OTTHUMT00000097869.2|NOC2L-201|NOC2L|2757|protein_coding|	380	AGGAG	116.64887323943661	6.435985915492958	0.009671014492753623	-0.03	116.43	6.638	0.00764	1.030279468609766
ENST00000327044.7|ENSG00000188976.11|OTTHUMG00000040720.2|OTTHUMT00000097869.2|NOC2L-201|NOC2L|2757|protein_coding|	381	GGAGG	112.12509433962265	6.300925925925926	0.007176153846153846	-0.425	111.33	6.5355	0.00432	0.10736835253531198
ENST00000327044.7|ENSG00000188976.11|OTTHUMG00000040720.2|OTTHUMT00000097869.2|NOC2L-201|NOC2L|2757|protein_coding|	382	GAGGA	109.5657894736842	5.752	0.005365	-0.2826315789473684	108.05	6.307	0.00332	-0.2663265306122449
ENST00000327044.7|ENSG00000188976.11|OTTHUMG00000040720.2|OTTHUMT00000097869.2|NOC2L-201|NOC2L|2757|protein_coding|	383	AGGAG	116.71395833333334	5.814958333333333	0.007197021276595743	0.013124999999999979	116.28999999999999	4.997	0.00564	0.8343717139852787
ENST00000327044.7|ENSG00000188976.11|OTTHUMG00000040720.2|OTTHUMT00000097869.2|NOC2L-201|NOC2L|2757|protein_coding|	384	GGAGG	114.12459459459458	6.175846153846154	0.007408684210526315	-0.06	112.0	6.345	0.00598	0.0853859672840341
ENST00000327044.7|ENSG00000188976.11|OTTHUMG00000040720.2|OTTHUMT00000097869.2|NOC2L-201|NOC2L|2757|protein_coding|	385	GAGGA	109.80210526315788	6.176166666666666	0.004703333333333334	-0.2889473684210526	109.27	6.019	0.00365	-0.21222363945578238
ENST00000327044.7|ENSG00000188976.11|OTTHUMG00000040720.2|OTTHUMT00000097869.2|NOC2L-201|NOC2L|2757|protein_coding|	386	AGGAT	119.79584615384614	5.147769230769231	0.008356153846153846	-0.02	120.12	5.1235	0.006144999999999999	0.6239019655423441
ENST00000327044.7|ENSG00000188976.11|OTTHUMG00000040720.2|OTTHUMT00000097869.2|NOC2L-201|NOC2L|2757|protein_coding|	387	GGATG	127.02780000000003	5.9802800000000005	0.005197142857142857	0.33	127.62	5.41	0.00432	0.17260392156862764
ENST00000327044.7|ENSG00000188976.11|OTTHUMG00000040720.2|OTTHUMT00000097869.2|NOC2L-201|NOC2L|2757|protein_coding|	388	GATGG	81.17373333333333	4.511933333333333	0.0059667999999999995	-0.36	81.24	4.3	0.00432	0.1658742463393626
ENST00000327044.7|ENSG00000188976.11|OTTHUMG00000040720.2|OTTHUMT00000097869.2|NOC2L-201|NOC2L|2757|protein_coding|	389	ATGGA	95.86514285714286	5.984342857142856	0.00580970588235294	-1.19	94.62	5.85	0.00465	0.4998353025420691
ENST00000327044.7|ENSG00000188976.11|OTTHUMG00000040720.2|OTTHUMT00000097869.2|NOC2L-201|NOC2L|2757|protein_coding|	390	TGGAG	120.8923711340206	3.0276326530612243	0.006558367346938775	0.365	121.315	2.84	0.004815	-0.04491083499645919
ENST00000327044.7|ENSG00000188976.11|OTTHUMG00000040720.2|OTTHUMT00000097869.2|NOC2L-201|NOC2L|2757|protein_coding|	391	GGAGC	120.24000000000001	7.099906976744188	0.006789761904761904	0.03	120.76	7.792	0.00564	0.24778681489353024
ENST00000327044.7|ENSG00000188976.11|OTTHUMG00000040720.2|OTTHUMT00000097869.2|NOC2L-201|NOC2L|2757|protein_coding|	392	GAGCG	110.36823529411764	3.484089108910891	0.00552857142857143	0.2001960784313726	111.30000000000001	2.4555	0.00332	0.15367189036784468
ENST00000327044.7|ENSG00000188976.11|OTTHUMG00000040720.2|OTTHUMT00000097869.2|NOC2L-201|NOC2L|2757|protein_coding|	393	AGCGG	117.46526315789474	4.106599999999999	0.007478947368421051	0.9852631578947367	117.6	3.9654999999999996	0.00631	-0.5105363528009537
ENST00000327044.7|ENSG00000188976.11|OTTHUMG00000040720.2|OTTHUMT00000097869.2|NOC2L-201|NOC2L|2757|protein_coding|	394	GCGGA	97.91746031746032	5.209693548387096	0.006794193548387096	-0.43142857142857144	98.2	4.984	0.00564	0.04612320248736865
ENST00000327044.7|ENSG00000188976.11|OTTHUMG00000040720.2|OTTHUMT00000097869.2|NOC2L-201|NOC2L|2757|protein_coding|	395	CGGAG	123.73109489051095	3.834416058394161	0.007442941176470589	0.19715328467153284	123.99	3.55	0.00598	0.20959497110225905
ENST00000327044.7|ENSG00000188976.11|OTTHUMG00000040720.2|OTTHUMT00000097869.2|NOC2L-201|NOC2L|2757|protein_coding|	396	GGAGG	113.23853658536585	4.9837380952380945	0.007165609756097561	-0.11119047619047619	112.565	4.5120000000000005	0.005645	-0.1241233576031469
ENST00000327044.7|ENSG00000188976.11|OTTHUMG00000040720.2|OTTHUMT00000097869.2|NOC2L-201|NOC2L|2757|protein_coding|	397	GAGGA	111.64866666666668	5.917333333333333	0.009184666666666666	-0.1186666666666666	108.47	5.827	0.00631	-0.2452380952380953
ENST00000327044.7|ENSG00000188976.11|OTTHUMG00000040720.2|OTTHUMT00000097869.2|NOC2L-201|NOC2L|2757|protein_coding|	398	AGGAA	117.74824324324328	4.517291666666667	0.006833472222222222	0.07013513513513514	117.405	4.2385	0.00531	0.4250131440588855
ENST00000327044.7|ENSG00000188976.11|OTTHUMG00000040720.2|OTTHUMT00000097869.2|NOC2L-201|NOC2L|2757|protein_coding|	399	GGAAG	117.0060606060606	5.858818181818181	0.00747	0.16212121212121214	115.81	5.787	0.00531	0.053744277305428356
ENST00000327044.7|ENSG00000188976.11|OTTHUMG00000040720.2|OTTHUMT00000097869.2|NOC2L-201|NOC2L|2757|protein_coding|	400	GAAGG	105.2721212121212	3.98930303030303	0.0058296875	-0.004848484848484826	106.0	3.577	0.00398	-0.017413046723391553
ENST00000327044.7|ENSG00000188976.11|OTTHUMG00000040720.2|OTTHUMT00000097869.2|NOC2L-201|NOC2L|2757|protein_coding|	401	AAGGA	121.04533333333332	4.495433333333333	0.008047586206896553	0.6993333333333335	120.65	3.536	0.006144999999999999	-0.42660289115646266
ENST00000327044.7|ENSG00000188976.11|OTTHUMG00000040720.2|OTTHUMT00000097869.2|NOC2L-201|NOC2L|2757|protein_coding|	402	AGGAG	116.17328358208955	5.300388059701493	0.008111044776119403	-0.1202985074626866	115.76	5.12	0.0073	0.6720467065304396
ENST00000327044.7|ENSG00000188976.11|OTTHUMG00000040720.2|OTTHUMT00000097869.2|NOC2L-201|NOC2L|2757|protein_coding|	403	GGAGA	120.19386363636364	5.0936744186046505	0.007092499999999999	0.10022727272727273	119.35	5.0	0.006475	-0.10480238688846218
ENST00000327044.7|ENSG00000188976.11|OTTHUMG00000040720.2|OTTHUMT00000097869.2|NOC2L-201|NOC2L|2757|protein_coding|	404	GAGAA	129.27395833333333	4.6369375	0.006801702127659573	0.69	129.81	4.385	0.00631	-0.21006175468483815
ENST00000327044.7|ENSG00000188976.11|OTTHUMG00000040720.2|OTTHUMT00000097869.2|NOC2L-201|NOC2L|2757|protein_coding|	405	AGAAG	124.10133333333332	4.874099999999999	0.00779551724137931	0.06299999999999999	123.35	4.9990000000000006	0.007135	-0.12336330935251802
ENST00000327044.7|ENSG00000188976.11|OTTHUMG00000040720.2|OTTHUMT00000097869.2|NOC2L-201|NOC2L|2757|protein_coding|	406	GAAGA	107.18634615384616	5.175490196078431	0.007077399999999999	1.02	109.28999999999999	5.1225	0.004484999999999999	0.2747512798222737
ENST00000327044.7|ENSG00000188976.11|OTTHUMG00000040720.2|OTTHUMT00000097869.2|NOC2L-201|NOC2L|2757|protein_coding|	407	AAGAT	123.56972222222223	5.092657142857144	0.006554571428571429	-0.08583333333333333	125.185	5.0504999999999995	0.00498	-0.13242638111462626
ENST00000327044.7|ENSG00000188976.11|OTTHUMG00000040720.2|OTTHUMT00000097869.2|NOC2L-201|NOC2L|2757|protein_coding|	408	AGATG	138.48438016528925	4.68702479338843	0.007286916666666667	1.105	140.21499999999997	4.0205	0.004815	-0.08097553070815097
ENST00000327044.7|ENSG00000188976.11|OTTHUMG00000040720.2|OTTHUMT00000097869.2|NOC2L-201|NOC2L|2757|protein_coding|	409	GATGG	82.42606382978722	5.379208333333334	0.006207849462365592	-0.03	82.18	4.355	0.00498	0.3899763135228252
ENST00000327044.7|ENSG00000188976.11|OTTHUMG00000040720.2|OTTHUMT00000097869.2|NOC2L-201|NOC2L|2757|protein_coding|	410	ATGGG	90.02796875	5.628174603174603	0.006270806451612904	-0.5549999999999999	89.3	5.090999999999999	0.00498	0.41057007598360973
ENST00000327044.7|ENSG00000188976.11|OTTHUMG00000040720.2|OTTHUMT00000097869.2|NOC2L-201|NOC2L|2757|protein_coding|	411	TGGGG	112.34549999999999	4.393675	0.006979230769230769	0.0978048780487805	112.4	4.35	0.00598	0.08485802469135807
ENST00000327044.7|ENSG00000188976.11|OTTHUMG00000040720.2|OTTHUMT00000097869.2|NOC2L-201|NOC2L|2757|protein_coding|	412	GGGGA	112.99627906976744	4.940547619047619	0.005849047619047619	-0.21000000000000002	113.185	5.1129999999999995	0.004484999999999999	0.21988830099941215
ENST00000327044.7|ENSG00000188976.11|OTTHUMG00000040720.2|OTTHUMT00000097869.2|NOC2L-201|NOC2L|2757|protein_coding|	413	GGGAC	118.66107692307693	4.54430303030303	0.005747910447761194	0.060000000000000005	118.21000000000001	3.9735	0.00498	0.4335340789599463
ENST00000327044.7|ENSG00000188976.11|OTTHUMG00000040720.2|OTTHUMT00000097869.2|NOC2L-201|NOC2L|2757|protein_coding|	414	GGACA	118.39297297297297	6.572837837837838	0.005185405405405405	0.835	121.06	5.618	0.00415	0.3721999661456864
ENST00000327044.7|ENSG00000188976.11|OTTHUMG00000040720.2|OTTHUMT00000097869.2|NOC2L-201|NOC2L|2757|protein_coding|	415	GACAG	81.34730158730159	4.025540983606558	0.005478064516129031	0.14	81.54	3.841	0.00498	0.2658933910712447
ENST00000327044.7|ENSG00000188976.11|OTTHUMG00000040720.2|OTTHUMT00000097869.2|NOC2L-201|NOC2L|2757|protein_coding|	416	ACAGA	102.48814814814814	7.0207592592592585	0.00773622641509434	0.12	97.13	6.9559999999999995	0.00631	0.37932401950083666
ENST00000327044.7|ENSG00000188976.11|OTTHUMG00000040720.2|OTTHUMT00000097869.2|NOC2L-201|NOC2L|2757|protein_coding|	417	CAGAG	108.68428571428572	5.823518518518519	0.007327857142857143	0.2667857142857143	109.3	5.3345	0.004484999999999999	-0.007918480661240434
ENST00000327044.7|ENSG00000188976.11|OTTHUMG00000040720.2|OTTHUMT00000097869.2|NOC2L-201|NOC2L|2757|protein_coding|	418	AGAGT	129.1485576923077	3.7157745098039223	0.006944901960784313	-0.07	127.41	3.2655000000000003	0.00498	-0.34696405803094515
ENST00000327044.7|ENSG00000188976.11|OTTHUMG00000040720.2|OTTHUMT00000097869.2|NOC2L-201|NOC2L|2757|protein_coding|	419	GAGTC	117.69645569620253	6.300703703703704	0.00465126582278481	0.4	118.98	6.232	0.00398	0.5634500505468246
ENST00000327044.7|ENSG00000188976.11|OTTHUMG00000040720.2|OTTHUMT00000097869.2|NOC2L-201|NOC2L|2757|protein_coding|	420	AGTCC	126.83685714285714	4.828239436619718	0.006293521126760562	0.18112676056338026	126.7	3.969	0.004815	-0.2045734041812656
ENST00000327044.7|ENSG00000188976.11|OTTHUMG00000040720.2|OTTHUMT00000097869.2|NOC2L-201|NOC2L|2757|protein_coding|	421	GTCCC	69.18725490196078	3.1702745098039213	0.0060905769230769225	0.3076470588235294	69.26	1.857	0.00531	0.37838022165387897
ENST00000327044.7|ENSG00000188976.11|OTTHUMG00000040720.2|OTTHUMT00000097869.2|NOC2L-201|NOC2L|2757|protein_coding|	422	TCCCC	65.20419354838711	1.220010989010989	0.007105505617977529	0.09548387096774194	65.26	1.151	0.00564	-0.4106227106227106
ENST00000327044.7|ENSG00000188976.11|OTTHUMG00000040720.2|OTTHUMT00000097869.2|NOC2L-201|NOC2L|2757|protein_coding|	423	CCCCA	62.669298245614044	1.2761724137931032	0.005992586206896551	-0.09	62.73	1.183	0.00432	-0.38349158753956364
ENST00000327044.7|ENSG00000188976.11|OTTHUMG00000040720.2|OTTHUMT00000097869.2|NOC2L-201|NOC2L|2757|protein_coding|	424	CCCAG	71.82705882352943	3.0356470588235296	0.005956666666666667	0.22	72.51	2.844	0.00564	0.4386952885419572
ENST00000327044.7|ENSG00000188976.11|OTTHUMG00000040720.2|OTTHUMT00000097869.2|NOC2L-201|NOC2L|2757|protein_coding|	425	CCAGA	80.82235294117648	5.221264705882354	0.004747575757575758	0.6726470588235293	82.00999999999999	5.6975	0.00398	0.025788743788281762
ENST00000327044.7|ENSG00000188976.11|OTTHUMG00000040720.2|OTTHUMT00000097869.2|NOC2L-201|NOC2L|2757|protein_coding|	426	CAGAG	106.01783783783783	3.886684210526316	0.005556578947368421	-0.09324324324324325	106.81	3.4530000000000003	0.00465	-0.3378732179682596
ENST00000327044.7|ENSG00000188976.11|OTTHUMG00000040720.2|OTTHUMT00000097869.2|NOC2L-201|NOC2L|2757|protein_coding|	427	AGAGG	121.83157894736843	4.219475	0.006699999999999999	-0.15000000000000002	121.935	4.6129999999999995	0.00498	-0.2584402460456942
ENST00000327044.7|ENSG00000188976.11|OTTHUMG00000040720.2|OTTHUMT00000097869.2|NOC2L-201|NOC2L|2757|protein_coding|	428	GAGGG	111.32958333333333	4.709250000000001	0.0035604545454545455	-0.39458333333333334	108.91499999999999	3.953	0.00332	-0.39933035714285703
ENST00000327044.7|ENSG00000188976.11|OTTHUMG00000040720.2|OTTHUMT00000097869.2|NOC2L-201|NOC2L|2757|protein_coding|	429	AGGGC	117.82962711864408	6.617425170068027	0.007979206896551724	0.265	117.73	6.8095	0.00581	0.6339321407575377
ENST00000327044.7|ENSG00000188976.11|OTTHUMG00000040720.2|OTTHUMT00000097869.2|NOC2L-201|NOC2L|2757|protein_coding|	430	GGGCT	115.22432432432433	6.253948717948718	0.005992702702702703	0.52	115.43	6.561	0.00432	0.17776812014100152
ENST00000327044.7|ENSG00000188976.11|OTTHUMG00000040720.2|OTTHUMT00000097869.2|NOC2L-201|NOC2L|2757|protein_coding|	431	GGCTG	112.31214285714286	5.36439393939394	0.008059896907216495	0.15	111.91	5.553	0.00564	0.5110968843363213
ENST00000327044.7|ENSG00000188976.11|OTTHUMG00000040720.2|OTTHUMT00000097869.2|NOC2L-201|NOC2L|2757|protein_coding|	432	GCTGA	86.8316	2.5913999999999997	0.005311923076923077	-0.8528	87.345	2.495	0.00415	-0.0907368421052633
ENST00000327044.7|ENSG00000188976.11|OTTHUMG00000040720.2|OTTHUMT00000097869.2|NOC2L-201|NOC2L|2757|protein_coding|	433	CTGAA	106.19632653061227	4.166857142857142	0.006156041666666667	-0.275	105.88	3.5815	0.00465	-0.07196945593382134
ENST00000327044.7|ENSG00000188976.11|OTTHUMG00000040720.2|OTTHUMT00000097869.2|NOC2L-201|NOC2L|2757|protein_coding|	434	TGAAG	115.45458333333333	6.131192307692308	0.0064408	0.165	114.745	6.4465	0.00465	0.1027324294410626
ENST00000327044.7|ENSG00000188976.11|OTTHUMG00000040720.2|OTTHUMT00000097869.2|NOC2L-201|NOC2L|2757|protein_coding|	435	GAAGG	104.99906250000001	4.339838709677419	0.008188787878787879	-0.02	104.03	3.758	0.00598	0.06892579056094084
ENST00000327044.7|ENSG00000188976.11|OTTHUMG00000040720.2|OTTHUMT00000097869.2|NOC2L-201|NOC2L|2757|protein_coding|	436	AAGGG	117.44640000000001	5.91436	0.00924423076923077	0.53	118.145	5.98	0.00564	-0.24561734693877546
ENST00000327044.7|ENSG00000188976.11|OTTHUMG00000040720.2|OTTHUMT00000097869.2|NOC2L-201|NOC2L|2757|protein_coding|	437	AGGGG	113.24937499999999	4.622396825396826	0.008046984126984126	-0.0709375	113.185	4.7490000000000006	0.00631	0.14133254948069776
ENST00000327044.7|ENSG00000188976.11|OTTHUMG00000040720.2|OTTHUMT00000097869.2|NOC2L-201|NOC2L|2757|protein_coding|	438	GGGGA	115.83808823529411	4.600260869565218	0.009023283582089552	0.1969117647058824	115.87	4.605	0.00664	0.13586688137412786
ENST00000327044.7|ENSG00000188976.11|OTTHUMG00000040720.2|OTTHUMT00000097869.2|NOC2L-201|NOC2L|2757|protein_coding|	439	GGGAA	119.90230337078653	5.184969187675071	0.007553198847262249	-0.19907563025210087	119.73	5.102	0.00531	0.6356369677208425
ENST00000327044.7|ENSG00000188976.11|OTTHUMG00000040720.2|OTTHUMT00000097869.2|NOC2L-201|NOC2L|2757|protein_coding|	440	GGAAG	118.78500000000003	5.166433333333333	0.007051724137931035	0.42	119.78999999999999	4.8934999999999995	0.006144999999999999	-0.07078537170263789
ENST00000327044.7|ENSG00000188976.11|OTTHUMG00000040720.2|OTTHUMT00000097869.2|NOC2L-201|NOC2L|2757|protein_coding|	441	GAAGA	104.61241935483874	4.994639344262295	0.0069991666666666666	-0.02	105.19	4.903	0.00564	0.23020673503997435
ENST00000327044.7|ENSG00000188976.11|OTTHUMG00000040720.2|OTTHUMT00000097869.2|NOC2L-201|NOC2L|2757|protein_coding|	442	AAGAA	120.97249999999997	4.811357142857142	0.006762592592592592	-0.08074074074074075	121.165	4.593500000000001	0.005809999999999999	-0.18034801654903881
ENST00000327044.7|ENSG00000188976.11|OTTHUMG00000040720.2|OTTHUMT00000097869.2|NOC2L-201|NOC2L|2757|protein_coding|	443	AGAAG	126.9364748201439	4.308941605839417	0.007226791044776118	0.44	126.7	4.025499999999999	0.00531	-0.22501050254686744
ENST00000327044.7|ENSG00000188976.11|OTTHUMG00000040720.2|OTTHUMT00000097869.2|NOC2L-201|NOC2L|2757|protein_coding|	444	GAAGA	106.72408163265305	5.330120000000001	0.008691599999999999	0.335	106.505	5.470000000000001	0.007135	0.31283743842364564
ENST00000327044.7|ENSG00000188976.11|OTTHUMG00000040720.2|OTTHUMT00000097869.2|NOC2L-201|NOC2L|2757|protein_coding|	445	AAGAA	123.208	4.164	0.006727368421052631	0.157	124.175	4.1965	0.00564	-0.29063032367972746
ENST00000327044.7|ENSG00000188976.11|OTTHUMG00000040720.2|OTTHUMT00000097869.2|NOC2L-201|NOC2L|2757|protein_coding|	446	AGAAT	130.01210526315788	5.48201724137931	0.007072321428571429	0.016666666666666663	130.21	5.1955	0.0054800000000000005	-0.014025676010915356
ENST00000327044.7|ENSG00000188976.11|OTTHUMG00000040720.2|OTTHUMT00000097869.2|NOC2L-201|NOC2L|2757|protein_coding|	447	GAATT	113.92257142857143	2.425730158730159	0.006527225806451612	0.4413333333333333	114.48	2.157	0.00498	-0.22002245699994885
ENST00000327044.7|ENSG00000188976.11|OTTHUMG00000040720.2|OTTHUMT00000097869.2|NOC2L-201|NOC2L|2757|protein_coding|	448	AATTC	101.36972972972973	3.264333333333333	0.003811891891891892	0.07	101.54	3.186	0.00398	-0.40970464135021106
ENST00000327044.7|ENSG00000188976.11|OTTHUMG00000040720.2|OTTHUMT00000097869.2|NOC2L-201|NOC2L|2757|protein_coding|	449	ATTCT	83.38101449275361	1.7556715328467152	0.005083432835820895	0.55	83.08	1.6604999999999999	0.00432	-0.15184950104023415
ENST00000327044.7|ENSG00000188976.11|OTTHUMG00000040720.2|OTTHUMT00000097869.2|NOC2L-201|NOC2L|2757|protein_coding|	450	TTCTG	79.94883720930233	1.5472093023255815	0.005114761904761904	0.33999999999999997	80.37	1.5705	0.00465	-0.2525558925963374
ENST00000327044.7|ENSG00000188976.11|OTTHUMG00000040720.2|OTTHUMT00000097869.2|NOC2L-201|NOC2L|2757|protein_coding|	451	TCTGT	86.58589285714287	1.7264285714285712	0.005062857142857142	0.395	86.32	1.6305	0.00365	-0.39423558897243116
ENST00000327044.7|ENSG00000188976.11|OTTHUMG00000040720.2|OTTHUMT00000097869.2|NOC2L-201|NOC2L|2757|protein_coding|	452	CTGTT	104.6089344262295	3.481252032520326	0.006199016393442624	0.63	104.63	2.801	0.00531	-0.07903385383060153
ENST00000327044.7|ENSG00000188976.11|OTTHUMG00000040720.2|OTTHUMT00000097869.2|NOC2L-201|NOC2L|2757|protein_coding|	453	TGTTC	103.24341463414635	5.555767441860466	0.0049004761904761895	0.25	109.93	5.61	0.00398	-0.25824199708137974
ENST00000327044.7|ENSG00000188976.11|OTTHUMG00000040720.2|OTTHUMT00000097869.2|NOC2L-201|NOC2L|2757|protein_coding|	454	GTTCC	75.41133333333335	2.0204130434782606	0.0063004444444444445	-0.3	75.08	1.6	0.00398	-0.02395505145977743
ENST00000327044.7|ENSG00000188976.11|OTTHUMG00000040720.2|OTTHUMT00000097869.2|NOC2L-201|NOC2L|2757|protein_coding|	455	TTCCT	72.75155172413794	1.1785087719298246	0.005277586206896551	0.24	72.67	1.183	0.00432	-0.48760488176964145
ENST00000327044.7|ENSG00000188976.11|OTTHUMG00000040720.2|OTTHUMT00000097869.2|NOC2L-201|NOC2L|2757|protein_coding|	456	TCCTG	69.30190476190477	1.6221707317073175	0.005311463414634145	-0.32	69.69	1.653	0.00432	-0.30971458225220533
ENST00000327044.7|ENSG00000188976.11|OTTHUMG00000040720.2|OTTHUMT00000097869.2|NOC2L-201|NOC2L|2757|protein_coding|	457	CCTGT	88.35085714285717	2.6800277777777777	0.005348611111111111	0.31	87.82	2.4050000000000002	0.004484999999999999	-0.05963937621832365
ENST00000327044.7|ENSG00000188976.11|OTTHUMG00000040720.2|OTTHUMT00000097869.2|NOC2L-201|NOC2L|2757|protein_coding|	458	CTGTG	100.92833333333336	4.2574905660377365	0.006389056603773584	0.24629629629629626	102.375	4.1129999999999995	0.00498	0.1263202555655388
ENST00000327044.7|ENSG00000188976.11|OTTHUMG00000040720.2|OTTHUMT00000097869.2|NOC2L-201|NOC2L|2757|protein_coding|	459	TGTGA	90.14846153846153	4.911333333333334	0.005731842105263157	-0.62	87.1	4.422	0.00531	-0.49315445476436176
ENST00000327044.7|ENSG00000188976.11|OTTHUMG00000040720.2|OTTHUMT00000097869.2|NOC2L-201|NOC2L|2757|protein_coding|	460	GTGAC	100.57454545454544	4.242323529411765	0.00509	0.26	99.74	3.444	0.00465	-0.05516179745840429
ENST00000327044.7|ENSG00000188976.11|OTTHUMG00000040720.2|OTTHUMT00000097869.2|NOC2L-201|NOC2L|2757|protein_coding|	461	TGACC	114.25378378378377	8.843282051282053	0.0067713157894736834	-0.5	114.0	9.016	0.00564	inf
ENST00000327044.7|ENSG00000188976.11|OTTHUMG00000040720.2|OTTHUMT00000097869.2|NOC2L-201|NOC2L|2757|protein_coding|	462	GACCG	79.5078947368421	2.778888888888889	0.005294736842105263	0.027894736842105278	78.87	2.412	0.00432	-0.011071569790430993
ENST00000327044.7|ENSG00000188976.11|OTTHUMG00000040720.2|OTTHUMT00000097869.2|NOC2L-201|NOC2L|2757|protein_coding|	463	ACCGT	77.14439393939394	1.801	0.007137424242424242	-0.07	77.33	1.7635	0.00581	-0.35215827338129496
ENST00000327044.7|ENSG00000188976.11|OTTHUMG00000040720.2|OTTHUMT00000097869.2|NOC2L-201|NOC2L|2757|protein_coding|	464	CCGTC	90.95358974358975	2.653947368421053	0.004926486486486486	0.49	91.26	2.569	0.00432	-0.12985332182916295
ENST00000327044.7|ENSG00000188976.11|OTTHUMG00000040720.2|OTTHUMT00000097869.2|NOC2L-201|NOC2L|2757|protein_coding|	465	CGTCG	101.45285714285716	6.2408285714285725	0.004600285714285713	0.17685714285714285	100.56	6.139	0.00432	0.02814309249235127
ENST00000327044.7|ENSG00000188976.11|OTTHUMG00000040720.2|OTTHUMT00000097869.2|NOC2L-201|NOC2L|2757|protein_coding|	466	GTCGC	77.225	2.026608695652174	0.005622916666666666	-0.55	76.96	1.915	0.00465	-0.11886578449905469
ENST00000327044.7|ENSG00000188976.11|OTTHUMG00000040720.2|OTTHUMT00000097869.2|NOC2L-201|NOC2L|2757|protein_coding|	467	TCGCC	82.96961538461541	2.278925925925926	0.005566153846153845	-0.25	83.4	2.149	0.00465	-0.12349002849002857
ENST00000327044.7|ENSG00000188976.11|OTTHUMG00000040720.2|OTTHUMT00000097869.2|NOC2L-201|NOC2L|2757|protein_coding|	468	CGCCA	93.18599999999999	3.7718709677419353	0.004636666666666665	0.53	95.05	3.481	0.00398	0.14646533973919004
ENST00000327044.7|ENSG00000188976.11|OTTHUMG00000040720.2|OTTHUMT00000097869.2|NOC2L-201|NOC2L|2757|protein_coding|	469	GCCAT	75.15179487179486	1.7482631578947372	0.004587105263157894	0.645	75.275	1.5345	0.00465	-0.17143926166126194
ENST00000327044.7|ENSG00000188976.11|OTTHUMG00000040720.2|OTTHUMT00000097869.2|NOC2L-201|NOC2L|2757|protein_coding|	470	CCATG	83.43442307692308	2.17274	0.006411960784313726	0.23326923076923078	84.195	1.851	0.004815	0.020065727699530623
ENST00000327044.7|ENSG00000188976.11|OTTHUMG00000040720.2|OTTHUMT00000097869.2|NOC2L-201|NOC2L|2757|protein_coding|	471	CATGG	87.4865909090909	2.116772727272727	0.007296136363636362	0.3581818181818182	87.755	2.247	0.00664	-0.4530303030303031
ENST00000327044.7|ENSG00000188976.11|OTTHUMG00000040720.2|OTTHUMT00000097869.2|NOC2L-201|NOC2L|2757|protein_coding|	472	ATGGT	99.32838709677418	3.3621935483870966	0.006196825396825396	0.945	100.96000000000001	3.359	0.00531	-0.15734497534157985
ENST00000327044.7|ENSG00000188976.11|OTTHUMG00000040720.2|OTTHUMT00000097869.2|NOC2L-201|NOC2L|2757|protein_coding|	473	TGGTT	120.31074074074075	3.626870370370371	0.006601509433962262	0.43	120.61	3.208	0.00598	0.07622266183097061
ENST00000327044.7|ENSG00000188976.11|OTTHUMG00000040720.2|OTTHUMT00000097869.2|NOC2L-201|NOC2L|2757|protein_coding|	474	GGTTG	105.79466666666669	7.3495483870967755	0.007391333333333332	0.29	109.5	7.62	0.00564	inf
ENST00000327044.7|ENSG00000188976.11|OTTHUMG00000040720.2|OTTHUMT00000097869.2|NOC2L-201|NOC2L|2757|protein_coding|	475	GTTGA	86.04931818181818	3.0654545454545454	0.005774651162790697	-0.7240909090909091	85.65	2.659	0.00432	0.1567753001715266
ENST00000327044.7|ENSG00000188976.11|OTTHUMG00000040720.2|OTTHUMT00000097869.2|NOC2L-201|NOC2L|2757|protein_coding|	476	TTGAG	103.30395522388059	2.9050150375939845	0.0063707633587786255	0.050970149253731355	103.99	2.873	0.00498	-0.3530033323844133
ENST00000327044.7|ENSG00000188976.11|OTTHUMG00000040720.2|OTTHUMT00000097869.2|NOC2L-201|NOC2L|2757|protein_coding|	477	TGAGA	116.59371428571428	5.295114285714285	0.005506764705882353	-0.15342857142857147	116.58	5.447	0.00465	-0.06939994978659321
ENST00000327044.7|ENSG00000188976.11|OTTHUMG00000040720.2|OTTHUMT00000097869.2|NOC2L-201|NOC2L|2757|protein_coding|	478	GAGAG	126.01	4.857888888888889	0.0054676470588235285	0.5800000000000001	126.365	4.1155	0.00415	-0.17242097293204622
ENST00000327044.7|ENSG00000188976.11|OTTHUMG00000040720.2|OTTHUMT00000097869.2|NOC2L-201|NOC2L|2757|protein_coding|	479	AGAGA	128.37611111111107	4.762628571428571	0.006516285714285715	0.09055555555555556	128.9	3.9455	0.004815	-0.16298267637459207
ENST00000327044.7|ENSG00000188976.11|OTTHUMG00000040720.2|OTTHUMT00000097869.2|NOC2L-201|NOC2L|2757|protein_coding|	480	GAGAT	130.86970588235295	4.938942857142857	0.007126764705882353	0.15	131.29	4.73	0.00531	-0.15861280116816745
ENST00000327044.7|ENSG00000188976.11|OTTHUMG00000040720.2|OTTHUMT00000097869.2|NOC2L-201|NOC2L|2757|protein_coding|	481	AGATG	133.77184210526312	5.362641025641025	0.00950578947368421	0.12	134.01	5.042	0.00797	0.05149824032176974
ENST00000327044.7|ENSG00000188976.11|OTTHUMG00000040720.2|OTTHUMT00000097869.2|NOC2L-201|NOC2L|2757|protein_coding|	482	GATGG	84.67571428571428	5.002333333333334	0.007298985507246375	0.44999999999999996	84.965	5.284	0.00531	0.29259259259259285
ENST00000327044.7|ENSG00000188976.11|OTTHUMG00000040720.2|OTTHUMT00000097869.2|NOC2L-201|NOC2L|2757|protein_coding|	483	ATGGA	96.39440677966101	5.799508474576273	0.0051455357142857145	-0.8364406779661017	96.08	5.723	0.00432	0.4535108958837776
ENST00000327044.7|ENSG00000188976.11|OTTHUMG00000040720.2|OTTHUMT00000097869.2|NOC2L-201|NOC2L|2757|protein_coding|	484	TGGAA	118.59196850393701	2.432424	0.0077345669291338575	-0.37	118.66	2.346	0.00531	-0.23267381703470025
ENST00000327044.7|ENSG00000188976.11|OTTHUMG00000040720.2|OTTHUMT00000097869.2|NOC2L-201|NOC2L|2757|protein_coding|	485	GGAAG	113.35575757575756	5.322242424242424	0.007936249999999999	-0.33242424242424246	114.49	5.646	0.00564	-0.042762153913232945
ENST00000327044.7|ENSG00000188976.11|OTTHUMG00000040720.2|OTTHUMT00000097869.2|NOC2L-201|NOC2L|2757|protein_coding|	486	GAAGC	97.63233766233768	5.723705128205127	0.007303421052631579	-0.5257142857142856	97.055	5.410500000000001	0.006144999999999999	0.409779588227864
ENST00000327044.7|ENSG00000188976.11|OTTHUMG00000040720.2|OTTHUMT00000097869.2|NOC2L-201|NOC2L|2757|protein_coding|	487	AAGCA	107.63709677419358	5.399193548387095	0.006363	0.08838709677419353	107.26	4.905	0.00631	0.78781243324076
ENST00000327044.7|ENSG00000188976.11|OTTHUMG00000040720.2|OTTHUMT00000097869.2|NOC2L-201|NOC2L|2757|protein_coding|	488	AGCAG	113.08129032258064	5.1043	0.005832333333333332	0.18645161290322582	113.14	5.289	0.00531	0.322357512953368
ENST00000327044.7|ENSG00000188976.11|OTTHUMG00000040720.2|OTTHUMT00000097869.2|NOC2L-201|NOC2L|2757|protein_coding|	489	GCAGG	89.5744262295082	5.47667213114754	0.005969999999999999	0.2539344262295082	90.06	5.554	0.00398	0.0759670198718153
ENST00000327044.7|ENSG00000188976.11|OTTHUMG00000040720.2|OTTHUMT00000097869.2|NOC2L-201|NOC2L|2757|protein_coding|	490	CAGGC	111.77933333333334	7.63358064516129	0.00534551724137931	-0.24	110.13	7.748	0.00398	-0.02632899934167218
ENST00000327044.7|ENSG00000188976.11|OTTHUMG00000040720.2|OTTHUMT00000097869.2|NOC2L-201|NOC2L|2757|protein_coding|	491	AGGCA	111.0445	7.871616666666666	0.006960677966101695	0.19116666666666668	111.63	8.516	0.00498	0.48241368487131203
ENST00000327044.7|ENSG00000188976.11|OTTHUMG00000040720.2|OTTHUMT00000097869.2|NOC2L-201|NOC2L|2757|protein_coding|	492	GGCAG	103.98410714285716	6.099315789473684	0.008968947368421054	-0.3	104.1	5.954	0.0073	0.5801336242159802
ENST00000327044.7|ENSG00000188976.11|OTTHUMG00000040720.2|OTTHUMT00000097869.2|NOC2L-201|NOC2L|2757|protein_coding|	493	GCAGC	87.22	3.5837246376811596	0.00449391304347826	-0.21	87.11	2.896	0.00398	-0.2959283619486916
ENST00000327044.7|ENSG00000188976.11|OTTHUMG00000040720.2|OTTHUMT00000097869.2|NOC2L-201|NOC2L|2757|protein_coding|	494	CAGCA	107.61513513513515	3.318680555555556	0.0064778378378378375	-0.13	107.72	2.744	0.00498	0.09890084621044895
ENST00000327044.7|ENSG00000188976.11|OTTHUMG00000040720.2|OTTHUMT00000097869.2|NOC2L-201|NOC2L|2757|protein_coding|	495	AGCAA	111.64515151515151	5.162787878787879	0.0061525	-0.54	111.84	4.674	0.00465	0.3375098131574816
ENST00000327044.7|ENSG00000188976.11|OTTHUMG00000040720.2|OTTHUMT00000097869.2|NOC2L-201|NOC2L|2757|protein_coding|	496	GCAAA	83.87272727272726	2.5244090909090904	0.004728666666666666	0.005	83.86500000000001	2.2495000000000003	0.00432	-0.16410295003010253
ENST00000327044.7|ENSG00000188976.11|OTTHUMG00000040720.2|OTTHUMT00000097869.2|NOC2L-201|NOC2L|2757|protein_coding|	497	CAAAG	102.36433333333333	3.8894262295081967	0.0076475	0.01	102.87	3.72	0.00664	0.45127844384634197
ENST00000327044.7|ENSG00000188976.11|OTTHUMG00000040720.2|OTTHUMT00000097869.2|NOC2L-201|NOC2L|2757|protein_coding|	498	AAAGC	106.12750000000001	4.218285714285715	0.005627999999999999	-0.09	106.64	3.802	0.00498	inf
ENST00000327044.7|ENSG00000188976.11|OTTHUMG00000040720.2|OTTHUMT00000097869.2|NOC2L-201|NOC2L|2757|protein_coding|	499	AAGCA	106.37413793103448	4.712066666666666	0.007578620689655172	-0.41000000000000003	105.19	4.7524999999999995	0.00581	0.560286975717439
ENST00000327044.7|ENSG00000188976.11|OTTHUMG00000040720.2|OTTHUMT00000097869.2|NOC2L-201|NOC2L|2757|protein_coding|	500	AGCAA	116.05457142857142	4.518611111111112	0.006190882352941177	0.15000000000000002	115.745	3.9755000000000003	0.005475	0.17062464018422602
ENST00000327044.7|ENSG00000188976.11|OTTHUMG00000040720.2|OTTHUMT00000097869.2|NOC2L-201|NOC2L|2757|protein_coding|	501	GCAAC	83.00671641791044	2.7416567164179106	0.006196818181818181	0.235	83.28	2.013	0.00498	-0.09216665019274482
ENST00000327044.7|ENSG00000188976.11|OTTHUMG00000040720.2|OTTHUMT00000097869.2|NOC2L-201|NOC2L|2757|protein_coding|	502	CAACG	92.04937500000001	2.385354430379747	0.005434871794871794	0.22	92.59	2.247	0.00465	-0.30859291873050815
ENST00000327044.7|ENSG00000188976.11|OTTHUMG00000040720.2|OTTHUMT00000097869.2|NOC2L-201|NOC2L|2757|protein_coding|	503	AACGC	78.40771428571429	3.5429142857142857	0.006393142857142857	-0.61	78.06	3.665	0.006475	0.11412398921832878
ENST00000327044.7|ENSG00000188976.11|OTTHUMG00000040720.2|OTTHUMT00000097869.2|NOC2L-201|NOC2L|2757|protein_coding|	504	ACGCC	74.3268918918919	2.4800945945945942	0.007867260273972604	-0.09	74.46	2.415	0.00631	-0.046117463617463786
ENST00000327044.7|ENSG00000188976.11|OTTHUMG00000040720.2|OTTHUMT00000097869.2|NOC2L-201|NOC2L|2757|protein_coding|	505	CGCCT	95.51341463414633	6.041682926829268	0.005141025641025641	-0.34	94.67	5.483	0.00498	0.836377789309808
ENST00000327044.7|ENSG00000188976.11|OTTHUMG00000040720.2|OTTHUMT00000097869.2|NOC2L-201|NOC2L|2757|protein_coding|	506	GCCTC	68.46227272727273	2.2799523809523814	0.00558095238095238	0.45	68.685	2.1145	0.005145	-0.029807497467071783
ENST00000327044.7|ENSG00000188976.11|OTTHUMG00000040720.2|OTTHUMT00000097869.2|NOC2L-201|NOC2L|2757|protein_coding|	507	CCTCA	73.90121212121211	1.3380588235294117	0.005585	-0.1	73.74	1.095	0.00465	-0.5305056759545924
ENST00000327044.7|ENSG00000188976.11|OTTHUMG00000040720.2|OTTHUMT00000097869.2|NOC2L-201|NOC2L|2757|protein_coding|	508	CTCAC	76.5904761904762	1.312463414634146	0.00525425	-0.049523809523809526	76.07499999999999	1.2930000000000001	0.004484999999999999	-0.4293637327677625
ENST00000327044.7|ENSG00000188976.11|OTTHUMG00000040720.2|OTTHUMT00000097869.2|NOC2L-201|NOC2L|2757|protein_coding|	509	TCACT	79.14525641025642	1.3127922077922076	0.006775394736842105	-0.1257692307692308	79.31	1.242	0.00432	-0.30170627245095333
ENST00000327044.7|ENSG00000188976.11|OTTHUMG00000040720.2|OTTHUMT00000097869.2|NOC2L-201|NOC2L|2757|protein_coding|	510	CACTC	85.43361111111113	1.6943055555555555	0.00462	0.024722222222222215	85.01	1.619	0.00465	-0.3793752543752544
ENST00000327044.7|ENSG00000188976.11|OTTHUMG00000040720.2|OTTHUMT00000097869.2|NOC2L-201|NOC2L|2757|protein_coding|	511	ACTCC	79.13176470588235	1.6607647058823527	0.005213529411764706	-0.4402941176470588	78.86	1.56	0.00498	-0.4172755417956657
ENST00000327044.7|ENSG00000188976.11|OTTHUMG00000040720.2|OTTHUMT00000097869.2|NOC2L-201|NOC2L|2757|protein_coding|	512	CTCCA	71.722	1.5217600000000002	0.005056153846153846	0.8600000000000001	71.595	1.5495	0.00415	-0.3383652173913042
ENST00000327044.7|ENSG00000188976.11|OTTHUMG00000040720.2|OTTHUMT00000097869.2|NOC2L-201|NOC2L|2757|protein_coding|	513	TCCAA	75.27732394366197	1.3299999999999996	0.004715882352941175	0.33	75.26	1.199	0.00398	-0.3696682464454978
ENST00000327044.7|ENSG00000188976.11|OTTHUMG00000040720.2|OTTHUMT00000097869.2|NOC2L-201|NOC2L|2757|protein_coding|	514	CCAAA	87.22958333333332	2.977551020408163	0.00440063829787234	0.3	88.11	2.546	0.00398	-0.014055953507230727
ENST00000327044.7|ENSG00000188976.11|OTTHUMG00000040720.2|OTTHUMT00000097869.2|NOC2L-201|NOC2L|2757|protein_coding|	515	CAAAG	107.73263157894736	3.3392105263157896	0.0062900000000000005	1.78	109.08	2.794	0.00465	inf
ENST00000327044.7|ENSG00000188976.11|OTTHUMG00000040720.2|OTTHUMT00000097869.2|NOC2L-201|NOC2L|2757|protein_coding|	516	AAAGC	110.03722222222223	3.955833333333333	0.005772777777777779	0.64	110.54	3.768	0.00498	-0.025656814449917863
ENST00000327044.7|ENSG00000188976.11|OTTHUMG00000040720.2|OTTHUMT00000097869.2|NOC2L-201|NOC2L|2757|protein_coding|	517	AAGCT	113.06633333333333	3.8885806451612903	0.006628	0.76	113.17	3.897	0.00465	0.28760948515274515
ENST00000327044.7|ENSG00000188976.11|OTTHUMG00000040720.2|OTTHUMT00000097869.2|NOC2L-201|NOC2L|2757|protein_coding|	518	AGCTG	102.97868852459014	3.97075	0.0056960344827586195	0.03	115.76	3.879	0.00465	0.11852112676056338
ENST00000327044.7|ENSG00000188976.11|OTTHUMG00000040720.2|OTTHUMT00000097869.2|NOC2L-201|NOC2L|2757|protein_coding|	519	GCTGT	79.76481481481484	2.637211538461538	0.005750754716981132	0.56	85.38499999999999	2.1965	0.004484999999999999	-0.07466261808367083
ENST00000327044.7|ENSG00000188976.11|OTTHUMG00000040720.2|OTTHUMT00000097869.2|NOC2L-201|NOC2L|2757|protein_coding|	520	CTGTT	102.67638297872342	3.3604374999999997	0.004862083333333334	0.48	103.68	2.925	0.00432	-0.1109953703703704
ENST00000327044.7|ENSG00000188976.11|OTTHUMG00000040720.2|OTTHUMT00000097869.2|NOC2L-201|NOC2L|2757|protein_coding|	521	TGTTC	105.85045454545455	6.029869565217392	0.005184761904761905	-0.44	102.67	5.772	0.00432	-0.1949439832820572
ENST00000327044.7|ENSG00000188976.11|OTTHUMG00000040720.2|OTTHUMT00000097869.2|NOC2L-201|NOC2L|2757|protein_coding|	522	GTTCC	75.23975	1.9051538461538466	0.00514525	-0.26725000000000004	75.025	1.699	0.004815	-0.07963582311408368
ENST00000327044.7|ENSG00000188976.11|OTTHUMG00000040720.2|OTTHUMT00000097869.2|NOC2L-201|NOC2L|2757|protein_coding|	523	TTCCA	69.33622222222222	1.1532888888888886	0.004734130434782609	0.16	70.59	1.09	0.00365	-0.49857004830917884
ENST00000327044.7|ENSG00000188976.11|OTTHUMG00000040720.2|OTTHUMT00000097869.2|NOC2L-201|NOC2L|2757|protein_coding|	524	TCCAT	74.11576923076923	1.527294117647059	0.005623725490196078	-0.11	74.09	1.413	0.00531	-0.276163925285754
ENST00000327044.7|ENSG00000188976.11|OTTHUMG00000040720.2|OTTHUMT00000097869.2|NOC2L-201|NOC2L|2757|protein_coding|	525	CCATG	81.84092105263157	2.3675263157894735	0.006137236842105262	-0.42	81.39500000000001	2.3505000000000003	0.00432	0.11151470224857915
ENST00000327044.7|ENSG00000188976.11|OTTHUMG00000040720.2|OTTHUMT00000097869.2|NOC2L-201|NOC2L|2757|protein_coding|	526	CATGA	84.45294117647059	2.7085625	0.0064734375	0.03235294117647057	83.3	2.5285	0.005145	-0.3001130490956072
ENST00000327044.7|ENSG00000188976.11|OTTHUMG00000040720.2|OTTHUMT00000097869.2|NOC2L-201|NOC2L|2757|protein_coding|	527	ATGAA	95.15185185185184	3.411690909090909	0.006142222222222221	0.23	95.66	3.069	0.00432	-0.240157926705811
ENST00000327044.7|ENSG00000188976.11|OTTHUMG00000040720.2|OTTHUMT00000097869.2|NOC2L-201|NOC2L|2757|protein_coding|	528	TGAAG	115.98102564102567	6.104717948717948	0.004839210526315789	0.17923076923076925	116.26	6.567	0.00432	0.0979708540859619
ENST00000327044.7|ENSG00000188976.11|OTTHUMG00000040720.2|OTTHUMT00000097869.2|NOC2L-201|NOC2L|2757|protein_coding|	529	GAAGT	102.09292682926831	4.732571428571428	0.0066648780487804865	-0.29	102.3	4.873	0.00531	0.16565798733286421
ENST00000327044.7|ENSG00000188976.11|OTTHUMG00000040720.2|OTTHUMT00000097869.2|NOC2L-201|NOC2L|2757|protein_coding|	530	AAGTG	115.9504761904762	7.083272727272727	0.006933023255813953	-0.155	116.195	6.5169999999999995	0.006144999999999999	0.757635912474622
ENST00000327044.7|ENSG00000188976.11|OTTHUMG00000040720.2|OTTHUMT00000097869.2|NOC2L-201|NOC2L|2757|protein_coding|	531	AGTGG	109.15360000000001	9.256307692307692	0.00772423076923077	-0.009999999999999998	110.89	10.267499999999998	0.006805	-0.04475668810034137
ENST00000327044.7|ENSG00000188976.11|OTTHUMG00000040720.2|OTTHUMT00000097869.2|NOC2L-201|NOC2L|2757|protein_coding|	532	GTGGT	100.41030303030304	4.179878787878789	0.0068812121212121205	0.365	100.38499999999999	3.4725	0.00531	0.04758866864130052
ENST00000327044.7|ENSG00000188976.11|OTTHUMG00000040720.2|OTTHUMT00000097869.2|NOC2L-201|NOC2L|2757|protein_coding|	533	TGGTA	119.31857142857143	3.4091707317073174	0.005350952380952381	0.14500000000000002	118.83	3.2075	0.00415	0.011623362524426507
ENST00000327044.7|ENSG00000188976.11|OTTHUMG00000040720.2|OTTHUMT00000097869.2|NOC2L-201|NOC2L|2757|protein_coding|	534	GGTAC	117.19733333333333	9.222466666666666	0.009274	0.08	119.52	9.753	0.0073	0.07739096573208705
ENST00000327044.7|ENSG00000188976.11|OTTHUMG00000040720.2|OTTHUMT00000097869.2|NOC2L-201|NOC2L|2757|protein_coding|	535	GTACA	74.39295454545454	1.9621956521739132	0.006192173913043476	-0.29	74.39	1.808	0.00531	-0.0656211180124223
ENST00000327044.7|ENSG00000188976.11|OTTHUMG00000040720.2|OTTHUMT00000097869.2|NOC2L-201|NOC2L|2757|protein_coding|	536	TACAG	79.11575757575757	3.112529411764706	0.0048859375	0.009999999999999998	79.43	2.2175000000000002	0.00432	-0.021217166111727657
ENST00000327044.7|ENSG00000188976.11|OTTHUMG00000040720.2|OTTHUMT00000097869.2|NOC2L-201|NOC2L|2757|protein_coding|	537	ACAGG	89.3021875	5.596212121212121	0.0050734375	0.71	87.46	5.505	0.00465	0.09945228314579979
ENST00000327044.7|ENSG00000188976.11|OTTHUMG00000040720.2|OTTHUMT00000097869.2|NOC2L-201|NOC2L|2757|protein_coding|	538	CAGGC	116.83538461538461	8.72351923076923	0.0076356	0.26673076923076916	118.46000000000001	9.482	0.00598	0.1126937794348509
ENST00000327044.7|ENSG00000188976.11|OTTHUMG00000040720.2|OTTHUMT00000097869.2|NOC2L-201|NOC2L|2757|protein_coding|	539	AGGCG	112.49630434782611	7.483866666666667	0.007811460674157303	0.07500000000000001	112.69	7.9455	0.00664	0.4093910860012556
ENST00000327044.7|ENSG00000188976.11|OTTHUMG00000040720.2|OTTHUMT00000097869.2|NOC2L-201|NOC2L|2757|protein_coding|	540	GGCGT	95.45804347826086	8.964744680851066	0.005708695652173912	-0.02195652173913043	96.53	9.336	0.00465	0.06850353764613411
ENST00000327044.7|ENSG00000188976.11|OTTHUMG00000040720.2|OTTHUMT00000097869.2|NOC2L-201|NOC2L|2757|protein_coding|	541	GCGTT	85.8572950819672	2.8638220338983054	0.005051848739495799	-0.2	85.76	2.599	0.00398	-0.06104195609891622
ENST00000327044.7|ENSG00000188976.11|OTTHUMG00000040720.2|OTTHUMT00000097869.2|NOC2L-201|NOC2L|2757|protein_coding|	542	CGTTC	98.46530612244896	5.524081632653061	0.0062720833333333335	-0.145	98.555	5.1225000000000005	0.005145	-0.262472412195853
ENST00000327044.7|ENSG00000188976.11|OTTHUMG00000040720.2|OTTHUMT00000097869.2|NOC2L-201|NOC2L|2757|protein_coding|	543	GTTCC	76.21820895522387	1.9320882352941178	0.005394264705882353	0.07	75.82	1.709	0.00465	-0.06662404092071599
ENST00000327044.7|ENSG00000188976.11|OTTHUMG00000040720.2|OTTHUMT00000097869.2|NOC2L-201|NOC2L|2757|protein_coding|	544	TTCCG	70.59764705882354	1.959242857142857	0.006606999999999999	0.565	71.89500000000001	1.6035	0.00531	-0.14815527950310556
ENST00000327044.7|ENSG00000188976.11|OTTHUMG00000040720.2|OTTHUMT00000097869.2|NOC2L-201|NOC2L|2757|protein_coding|	545	TCCGA	81.11733333333333	3.09375	0.004669677419354837	-0.12	81.43	2.776	0.00299	0.1128597122302159
ENST00000327044.7|ENSG00000188976.11|OTTHUMG00000040720.2|OTTHUMT00000097869.2|NOC2L-201|NOC2L|2757|protein_coding|	546	CCGAG	96.62060975609755	3.2644878048780486	0.00528275	0.235	96.935	2.9825	0.00415	-0.18183263035637884
ENST00000327044.7|ENSG00000188976.11|OTTHUMG00000040720.2|OTTHUMT00000097869.2|NOC2L-201|NOC2L|2757|protein_coding|	547	CGAGC	112.97275862068966	6.0566551724137945	0.003899285714285714	0.30517241379310345	112.02	5.673	0.00299	0.06443851887764394
ENST00000327044.7|ENSG00000188976.11|OTTHUMG00000040720.2|OTTHUMT00000097869.2|NOC2L-201|NOC2L|2757|protein_coding|	548	GAGCA	106.27906976744185	5.083348837209303	0.005918536585365854	-0.19232558139534883	107.13	4.697	0.00531	0.6832280917911598
ENST00000327044.7|ENSG00000188976.11|OTTHUMG00000040720.2|OTTHUMT00000097869.2|NOC2L-201|NOC2L|2757|protein_coding|	549	AGCAG	114.93368421052634	2.569375	0.005750714285714285	0.5491228070175439	115.63	2.2245	0.00465	-0.3343588082901554
ENST00000327044.7|ENSG00000188976.11|OTTHUMG00000040720.2|OTTHUMT00000097869.2|NOC2L-201|NOC2L|2757|protein_coding|	550	GCAGC	93.61313253012048	2.891058823529412	0.0056959036144578305	0.62	93.41	2.705	0.00498	-0.43201201895296426
ENST00000327044.7|ENSG00000188976.11|OTTHUMG00000040720.2|OTTHUMT00000097869.2|NOC2L-201|NOC2L|2757|protein_coding|	551	CAGCT	111.55031914893614	3.2996526315789474	0.007671276595744681	-0.004999999999999999	111.74000000000001	2.4085	0.00598	0.09260020913210178
ENST00000327044.7|ENSG00000188976.11|OTTHUMG00000040720.2|OTTHUMT00000097869.2|NOC2L-201|NOC2L|2757|protein_coding|	552	AGCTG	119.4461403508772	3.0242241379310344	0.006057192982456139	0.36	119.08500000000001	2.8095	0.00498	-0.1481058766391452
ENST00000327044.7|ENSG00000188976.11|OTTHUMG00000040720.2|OTTHUMT00000097869.2|NOC2L-201|NOC2L|2757|protein_coding|	553	GCTGT	85.13857142857144	2.5854642857142864	0.0058224999999999996	0.16	84.7	2.29	0.00465	-0.09281954887218023
ENST00000327044.7|ENSG00000188976.11|OTTHUMG00000040720.2|OTTHUMT00000097869.2|NOC2L-201|NOC2L|2757|protein_coding|	554	CTGTG	100.09210526315788	5.058749999999999	0.005860909090909089	0.07	100.01	4.348	0.00531	0.3382936507936506
ENST00000327044.7|ENSG00000188976.11|OTTHUMG00000040720.2|OTTHUMT00000097869.2|NOC2L-201|NOC2L|2757|protein_coding|	555	TGTGG	91.44130434782609	4.691173913043479	0.004361363636363636	-0.6221739130434784	87.2	3.243	0.00365	-0.5158747251761115
ENST00000327044.7|ENSG00000188976.11|OTTHUMG00000040720.2|OTTHUMT00000097869.2|NOC2L-201|NOC2L|2757|protein_coding|	556	GTGGC	96.18195652173912	4.4557111111111105	0.007809347826086955	-0.14130434782608695	97.4	3.415	0.006144999999999999	0.11671957671957651
ENST00000327044.7|ENSG00000188976.11|OTTHUMG00000040720.2|OTTHUMT00000097869.2|NOC2L-201|NOC2L|2757|protein_coding|	557	TGGCC	103.92625	5.37564	0.0073295999999999995	0.0	103.71	5.19	0.00531	0.012361581920903983
ENST00000327044.7|ENSG00000188976.11|OTTHUMG00000040720.2|OTTHUMT00000097869.2|NOC2L-201|NOC2L|2757|protein_coding|	558	GGCCA	103.60936708860758	3.714240506329114	0.007749367088607597	0.11734177215189873	103.515	3.4905	0.005475	0.12894848216690394
ENST00000327044.7|ENSG00000188976.11|OTTHUMG00000040720.2|OTTHUMT00000097869.2|NOC2L-201|NOC2L|2757|protein_coding|	559	GCCAC	71.13444444444445	2.4056944444444444	0.005558571428571429	-0.21416666666666667	70.485	2.0395	0.004815	0.1401395471300685
ENST00000327044.7|ENSG00000188976.11|OTTHUMG00000040720.2|OTTHUMT00000097869.2|NOC2L-201|NOC2L|2757|protein_coding|	560	CCACC	73.09789473684211	1.294846153846154	0.005433684210526315	0.06	72.66	1.191	0.00498	-0.3112520458265138
ENST00000327044.7|ENSG00000188976.11|OTTHUMG00000040720.2|OTTHUMT00000097869.2|NOC2L-201|NOC2L|2757|protein_coding|	561	CACCA	77.15105263157893	1.4620540540540539	0.0047576923076923065	0.29	76.63	1.348	0.00432	-0.4796960661729346
ENST00000327044.7|ENSG00000188976.11|OTTHUMG00000040720.2|OTTHUMT00000097869.2|NOC2L-201|NOC2L|2757|protein_coding|	562	ACCAC	75.3841304347826	1.158577777777778	0.005123695652173913	0.5191304347826087	75.49	1.143	0.00398	-0.4509110057925223
ENST00000327044.7|ENSG00000188976.11|OTTHUMG00000040720.2|OTTHUMT00000097869.2|NOC2L-201|NOC2L|2757|protein_coding|	563	CCACC	72.95906976744186	1.3601666666666665	0.005675714285714286	0.265	73.19	1.366	0.005145	-0.2765070921985816
ENST00000327044.7|ENSG00000188976.11|OTTHUMG00000040720.2|OTTHUMT00000097869.2|NOC2L-201|NOC2L|2757|protein_coding|	564	CACCC	76.92542857142857	1.521142857142857	0.004655999999999999	0.5079999999999999	76.63	1.41	0.00432	-0.4586680223690901
ENST00000327044.7|ENSG00000188976.11|OTTHUMG00000040720.2|OTTHUMT00000097869.2|NOC2L-201|NOC2L|2757|protein_coding|	565	ACCCG	64.12693548387095	2.572161290322581	0.0057596825396825395	1.1	68.24	1.932	0.00465	0.24258999532491846
ENST00000327044.7|ENSG00000188976.11|OTTHUMG00000040720.2|OTTHUMT00000097869.2|NOC2L-201|NOC2L|2757|protein_coding|	566	CCCGA	83.16955555555556	2.5852765957446806	0.00517911111111111	-0.04	83.44	2.469	0.00432	-0.070044390019899
ENST00000327044.7|ENSG00000188976.11|OTTHUMG00000040720.2|OTTHUMT00000097869.2|NOC2L-201|NOC2L|2757|protein_coding|	567	CCGAG	98.49224137931033	2.790263157894737	0.005900862068965517	0.55	98.59	2.81	0.00432	-0.300685925339665
ENST00000327044.7|ENSG00000188976.11|OTTHUMG00000040720.2|OTTHUMT00000097869.2|NOC2L-201|NOC2L|2757|protein_coding|	568	CGAGG	109.98976190476189	4.353232558139536	0.006442857142857143	-0.05	110.63	4.296	0.00564	-0.23493276658356144
ENST00000327044.7|ENSG00000188976.11|OTTHUMG00000040720.2|OTTHUMT00000097869.2|NOC2L-201|NOC2L|2757|protein_coding|	569	GAGGG	111.33655172413792	5.531642857142856	0.0038806896551724143	-0.32	111.91	5.529	0.00332	-0.294433309037901
ENST00000327044.7|ENSG00000188976.11|OTTHUMG00000040720.2|OTTHUMT00000097869.2|NOC2L-201|NOC2L|2757|protein_coding|	570	AGGGG	110.70100000000002	4.854495495495496	0.007991944444444446	-0.5549999999999999	110.515	4.865500000000001	0.006144999999999999	0.19864086308530776
ENST00000327044.7|ENSG00000188976.11|OTTHUMG00000040720.2|OTTHUMT00000097869.2|NOC2L-201|NOC2L|2757|protein_coding|	571	GGGGA	114.32653846153848	5.026692307692307	0.0081004	-0.08769230769230771	113.995	5.223	0.00647	0.2411585944919277
ENST00000327044.7|ENSG00000188976.11|OTTHUMG00000040720.2|OTTHUMT00000097869.2|NOC2L-201|NOC2L|2757|protein_coding|	572	GGGAC	117.15283333333335	4.305918032786886	0.007869836065573772	-0.28500000000000003	116.925	4.232	0.006805	0.358333764286084
ENST00000327044.7|ENSG00000188976.11|OTTHUMG00000040720.2|OTTHUMT00000097869.2|NOC2L-201|NOC2L|2757|protein_coding|	573	GGACC	118.57652173913044	5.210636363636365	0.005598636363636364	-0.10217391304347831	119.51	5.593	0.00398	0.08781552476750826
ENST00000327044.7|ENSG00000188976.11|OTTHUMG00000040720.2|OTTHUMT00000097869.2|NOC2L-201|NOC2L|2757|protein_coding|	574	GACCA	78.82475409836066	2.486864406779661	0.005644499999999999	-0.015	78.93	2.149	0.00432	-0.1149948730321492
ENST00000327044.7|ENSG00000188976.11|OTTHUMG00000040720.2|OTTHUMT00000097869.2|NOC2L-201|NOC2L|2757|protein_coding|	575	ACCAG	71.95125	1.8389583333333335	0.005401666666666667	-0.3	71.49	1.731	0.00465	-0.1284557661927329
ENST00000327044.7|ENSG00000188976.11|OTTHUMG00000040720.2|OTTHUMT00000097869.2|NOC2L-201|NOC2L|2757|protein_coding|	576	CCAGG	96.65103448275862	5.607206896551724	0.00483	0.7303448275862068	97.525	5.1594999999999995	0.004314999999999999	0.10161235688638984
ENST00000327044.7|ENSG00000188976.11|OTTHUMG00000040720.2|OTTHUMT00000097869.2|NOC2L-201|NOC2L|2757|protein_coding|	577	CAGGA	100.57880952380951	4.607926829268293	0.007416829268292685	0.57	103.84	4.899	0.00564	-0.41225423096067687
ENST00000327044.7|ENSG00000188976.11|OTTHUMG00000040720.2|OTTHUMT00000097869.2|NOC2L-201|NOC2L|2757|protein_coding|	578	AGGAA	117.429875	4.4831358024691355	0.0076647500000000006	0.04	117.57	4.282	0.00564	0.41423842349184087
ENST00000327044.7|ENSG00000188976.11|OTTHUMG00000040720.2|OTTHUMT00000097869.2|NOC2L-201|NOC2L|2757|protein_coding|	579	GGAAA	118.83704545454545	5.034599999999999	0.005806046511627907	-0.01	120.56	4.933	0.00398	-0.09449640287769791
ENST00000327044.7|ENSG00000188976.11|OTTHUMG00000040720.2|OTTHUMT00000097869.2|NOC2L-201|NOC2L|2757|protein_coding|	580	GAAAG	104.966375	3.4409038461538466	0.0070206369426751595	0.515	105.59	3.1109999999999998	0.00498	0.2839193455797934
ENST00000327044.7|ENSG00000188976.11|OTTHUMG00000040720.2|OTTHUMT00000097869.2|NOC2L-201|NOC2L|2757|protein_coding|	581	AAAGT	108.97258064516129	4.77425	0.007553666666666666	0.030645161290322583	108.065	4.9495000000000005	0.00631	0.17592364532019725
ENST00000327044.7|ENSG00000188976.11|OTTHUMG00000040720.2|OTTHUMT00000097869.2|NOC2L-201|NOC2L|2757|protein_coding|	582	AAGTG	119.39507692307691	4.533110294117647	0.007965294117647058	0.715	119.725	4.334	0.005475	0.12484126404904393
ENST00000327044.7|ENSG00000188976.11|OTTHUMG00000040720.2|OTTHUMT00000097869.2|NOC2L-201|NOC2L|2757|protein_coding|	583	AGTGC	106.93444444444445	10.616259259259259	0.006333076923076923	0.41	108.57	11.2	0.00531	0.09558919084202883
ENST00000327044.7|ENSG00000188976.11|OTTHUMG00000040720.2|OTTHUMT00000097869.2|NOC2L-201|NOC2L|2757|protein_coding|	584	GTGCT	90.25259999999999	2.9574489795918373	0.0061116326530612245	0.32	90.625	2.7515	0.00498	-0.05512812153615419
ENST00000327044.7|ENSG00000188976.11|OTTHUMG00000040720.2|OTTHUMT00000097869.2|NOC2L-201|NOC2L|2757|protein_coding|	585	TGCTG	107.934	4.714511111111111	0.0054371111111111104	-0.023333333333333345	108.58000000000001	3.9815	0.00432	0.32803129890453847
ENST00000327044.7|ENSG00000188976.11|OTTHUMG00000040720.2|OTTHUMT00000097869.2|NOC2L-201|NOC2L|2757|protein_coding|	586	GCTGA	85.97540540540541	2.511027027027027	0.004389166666666666	-1.0994594594594596	84.705	2.569	0.00332	-0.1189378852536747
ENST00000327044.7|ENSG00000188976.11|OTTHUMG00000040720.2|OTTHUMT00000097869.2|NOC2L-201|NOC2L|2757|protein_coding|	587	CTGAG	104.74527272727273	3.5132545454545463	0.0053670370370370365	-0.27	104.345	3.144	0.004815	-0.21753796315043517
ENST00000327044.7|ENSG00000188976.11|OTTHUMG00000040720.2|OTTHUMT00000097869.2|NOC2L-201|NOC2L|2757|protein_coding|	588	TGAGG	114.75210526315787	6.835366666666667	0.007704137931034483	0.175	114.555	6.5285	0.006475	0.20129466900995902
ENST00000327044.7|ENSG00000188976.11|OTTHUMG00000040720.2|OTTHUMT00000097869.2|NOC2L-201|NOC2L|2757|protein_coding|	589	GAGGC	110.81205882352943	9.618028571428573	0.00954	0.33	114.46	8.62	0.00797	0.22678935860058327
ENST00000327044.7|ENSG00000188976.11|OTTHUMG00000040720.2|OTTHUMT00000097869.2|NOC2L-201|NOC2L|2757|protein_coding|	590	AGGCC	111.86698113207547	9.827943396226415	0.008229019607843138	0.3928301886792453	112.65	10.996	0.00531	0.8508367977827525
ENST00000327044.7|ENSG00000188976.11|OTTHUMG00000040720.2|OTTHUMT00000097869.2|NOC2L-201|NOC2L|2757|protein_coding|	591	GGCCA	102.64352112676059	5.494513888888888	0.006051714285714285	0.15	103.22	4.1685	0.00398	0.6700650118203307
ENST00000327044.7|ENSG00000188976.11|OTTHUMG00000040720.2|OTTHUMT00000097869.2|NOC2L-201|NOC2L|2757|protein_coding|	592	GCCAA	72.64859375	1.6240317460317462	0.006634590163934424	0.01	73.11	1.596	0.00564	-0.2303167080418264
ENST00000327044.7|ENSG00000188976.11|OTTHUMG00000040720.2|OTTHUMT00000097869.2|NOC2L-201|NOC2L|2757|protein_coding|	593	CCAAC	85.2578947368421	1.5980675675675675	0.0051084	0.22	86.02	1.608	0.00432	-0.47083855378557365
ENST00000327044.7|ENSG00000188976.11|OTTHUMG00000040720.2|OTTHUMT00000097869.2|NOC2L-201|NOC2L|2757|protein_coding|	594	CAACA	93.65295454545453	2.0609999999999995	0.005440227272727272	0.46	93.51	1.79	0.00432	-0.4026086956521741
ENST00000327044.7|ENSG00000188976.11|OTTHUMG00000040720.2|OTTHUMT00000097869.2|NOC2L-201|NOC2L|2757|protein_coding|	595	AACAA	88.05830508474577	2.0866666666666664	0.0062689999999999985	0.14	87.94	2.0765000000000002	0.00581	-0.3438155136268345
ENST00000327044.7|ENSG00000188976.11|OTTHUMG00000040720.2|OTTHUMT00000097869.2|NOC2L-201|NOC2L|2757|protein_coding|	596	ACAAA	84.8760465116279	2.751666666666667	0.0058993023255813955	0.745	84.925	2.748	0.004815	-0.08885209713024274
ENST00000327044.7|ENSG00000188976.11|OTTHUMG00000040720.2|OTTHUMT00000097869.2|NOC2L-201|NOC2L|2757|protein_coding|	597	CAAAT	111.07103448275863	2.39183870967742	0.006308387096774193	0.97	112.97	2.2965	0.00564	-0.10752286952335086
ENST00000327044.7|ENSG00000188976.11|OTTHUMG00000040720.2|OTTHUMT00000097869.2|NOC2L-201|NOC2L|2757|protein_coding|	598	AAATT	115.68638297872343	2.063468085106383	0.005191063829787234	0.03	115.765	1.9465	0.003985	-0.3365054388725456
ENST00000327044.7|ENSG00000188976.11|OTTHUMG00000040720.2|OTTHUMT00000097869.2|NOC2L-201|NOC2L|2757|protein_coding|	599	AATTC	99.13155172413792	3.1294107142857146	0.0052948275862068975	-0.3858620689655173	98.9	3.095	0.00432	-0.4341029449754585
ENST00000327044.7|ENSG00000188976.11|OTTHUMG00000040720.2|OTTHUMT00000097869.2|NOC2L-201|NOC2L|2757|protein_coding|	600	ATTCC	78.25703910614524	1.801688524590164	0.005591564245810057	-0.17	77.33	1.63	0.00398	-0.12961907024629754
ENST00000327044.7|ENSG00000188976.11|OTTHUMG00000040720.2|OTTHUMT00000097869.2|NOC2L-201|NOC2L|2757|protein_coding|	601	TTCCA	67.23372340425531	1.5765698924731184	0.0077872826086956524	-1.11	67.045	1.5785	0.00531	-0.31453482935951366
ENST00000327044.7|ENSG00000188976.11|OTTHUMG00000040720.2|OTTHUMT00000097869.2|NOC2L-201|NOC2L|2757|protein_coding|	602	TCCAG	72.99058823529413	2.8973823529411766	0.004696470588235294	0.23	73.17	2.914	0.00432	0.37316699191524966
ENST00000327044.7|ENSG00000188976.11|OTTHUMG00000040720.2|OTTHUMT00000097869.2|NOC2L-201|NOC2L|2757|protein_coding|	603	CCAGG	95.273	5.612666666666668	0.006570689655172415	0.72	96.485	5.6135	0.0053100000000000005	0.10268500327439445
ENST00000327044.7|ENSG00000188976.11|OTTHUMG00000040720.2|OTTHUMT00000097869.2|NOC2L-201|NOC2L|2757|protein_coding|	604	CAGGT	109.10366666666667	5.9438387096774195	0.0065626666666666654	-0.73	107.96	6.029	0.00498	inf
ENST00000327044.7|ENSG00000188976.11|OTTHUMG00000040720.2|OTTHUMT00000097869.2|NOC2L-201|NOC2L|2757|protein_coding|	605	AGGTC	115.62473684210528	5.458280701754386	0.007357500000000001	-0.20350877192982456	115.82	5.222	0.00498	0.6196678640220731
ENST00000327044.7|ENSG00000188976.11|OTTHUMG00000040720.2|OTTHUMT00000097869.2|NOC2L-201|NOC2L|2757|protein_coding|	606	GGTCA	108.20761904761903	8.106428571428571	0.0062415	-0.5919047619047619	108.44	7.891	0.00498	0.33549070369498696
ENST00000327044.7|ENSG00000188976.11|OTTHUMG00000040720.2|OTTHUMT00000097869.2|NOC2L-201|NOC2L|2757|protein_coding|	607	GTCAC	75.44413793103449	1.939896551724138	0.007406896551724137	-0.04	75.315	1.783	0.00465	inf
ENST00000327044.7|ENSG00000188976.11|OTTHUMG00000040720.2|OTTHUMT00000097869.2|NOC2L-201|NOC2L|2757|protein_coding|	608	TCACG	75.2525	1.3588450704225354	0.005846388888888889	-0.32	75.02	1.24	0.00465	-0.27721006892418326
ENST00000327044.7|ENSG00000188976.11|OTTHUMG00000040720.2|OTTHUMT00000097869.2|NOC2L-201|NOC2L|2757|protein_coding|	609	CACGG	80.56687500000001	2.937753846153846	0.007127272727272727	0.35	80.93	2.816	0.00564	-0.07617803580067742
ENST00000327044.7|ENSG00000188976.11|OTTHUMG00000040720.2|OTTHUMT00000097869.2|NOC2L-201|NOC2L|2757|protein_coding|	610	ACGGA	96.56183098591548	6.761133333333333	0.005111232876712329	0.4	97.61	7.4	0.00432	0.35765729585006684
ENST00000327044.7|ENSG00000188976.11|OTTHUMG00000040720.2|OTTHUMT00000097869.2|NOC2L-201|NOC2L|2757|protein_coding|	611	CGGAC	120.56975609756098	3.5847499999999997	0.006494634146341464	-0.0846341463414634	120.63	2.7145	0.00498	0.13083596214511034
ENST00000327044.7|ENSG00000188976.11|OTTHUMG00000040720.2|OTTHUMT00000097869.2|NOC2L-201|NOC2L|2757|protein_coding|	612	GGACA	114.125	8.829407407407407	0.0050448	-0.51	114.7	7.936	0.00398	0.8433000850537384
ENST00000327044.7|ENSG00000188976.11|OTTHUMG00000040720.2|OTTHUMT00000097869.2|NOC2L-201|NOC2L|2757|protein_coding|	613	GACAG	82.28435897435897	2.799461538461538	0.005600789473684209	0.32897435897435895	82.155	2.3529999999999998	0.00465	-0.11966618287373024
ENST00000327044.7|ENSG00000188976.11|OTTHUMG00000040720.2|OTTHUMT00000097869.2|NOC2L-201|NOC2L|2757|protein_coding|	614	ACAGT	89.78	4.346743589743589	0.004566756756756757	-0.22	88.69	4.294	0.00398	-0.14602287038436362
ENST00000327044.7|ENSG00000188976.11|OTTHUMG00000040720.2|OTTHUMT00000097869.2|NOC2L-201|NOC2L|2757|protein_coding|	615	CAGTG	124.61123529411762	4.406711656441717	0.007760363636363637	1.22	125.785	4.1555	0.006475	0.09347683782672861
ENST00000327044.7|ENSG00000188976.11|OTTHUMG00000040720.2|OTTHUMT00000097869.2|NOC2L-201|NOC2L|2757|protein_coding|	616	AGTGC	112.95965517241379	11.67343103448276	0.0056985454545454535	0.09	111.775	11.184000000000001	0.005145	0.20468844525105895
ENST00000327044.7|ENSG00000188976.11|OTTHUMG00000040720.2|OTTHUMT00000097869.2|NOC2L-201|NOC2L|2757|protein_coding|	617	GTGCT	91.37444444444445	2.753103448275862	0.0057001123595505606	0.44	91.78	2.46	0.00432	-0.12041423377767982
ENST00000327044.7|ENSG00000188976.11|OTTHUMG00000040720.2|OTTHUMT00000097869.2|NOC2L-201|NOC2L|2757|protein_coding|	618	TGCTG	106.69637931034482	4.405637931034482	0.005505862068965517	-0.31	105.71	4.309	0.00432	0.24102476930548794
ENST00000327044.7|ENSG00000188976.11|OTTHUMG00000040720.2|OTTHUMT00000097869.2|NOC2L-201|NOC2L|2757|protein_coding|	619	GCTGC	81.74517857142857	2.1443508771929825	0.00649125	-0.46410714285714283	80.96	1.883	0.00531	-0.24759618344105883
ENST00000327044.7|ENSG00000188976.11|OTTHUMG00000040720.2|OTTHUMT00000097869.2|NOC2L-201|NOC2L|2757|protein_coding|	620	CTGCA	93.8427027027027	2.437818181818182	0.006229454545454545	-0.24927927927927926	93.975	2.2255000000000003	0.00432	-0.22114435085681086
ENST00000327044.7|ENSG00000188976.11|OTTHUMG00000040720.2|OTTHUMT00000097869.2|NOC2L-201|NOC2L|2757|protein_coding|	621	TGCAT	105.62400000000001	4.513762711864407	0.0056779310344827584	-0.0856666666666667	105.655	4.3485	0.004815	0.16936857820321435
ENST00000327044.7|ENSG00000188976.11|OTTHUMG00000040720.2|OTTHUMT00000097869.2|NOC2L-201|NOC2L|2757|protein_coding|	622	GCATT	84.19314285714286	1.6718382352941177	0.00528235294117647	-0.3464285714285715	83.58500000000001	1.6175000000000002	0.00498	-0.21509942004970997
ENST00000327044.7|ENSG00000188976.11|OTTHUMG00000040720.2|OTTHUMT00000097869.2|NOC2L-201|NOC2L|2757|protein_coding|	623	CATTC	83.37733333333333	2.0923000000000003	0.006790322580645161	-0.51	85.98	1.956	0.00564	-0.6216455696202531
ENST00000327044.7|ENSG00000188976.11|OTTHUMG00000040720.2|OTTHUMT00000097869.2|NOC2L-201|NOC2L|2757|protein_coding|	624	ATTCA	77.11903846153847	1.4015	0.00535381818181818	0.0	77.93	1.2425000000000002	0.00531	-0.3229468599033816
ENST00000327044.7|ENSG00000188976.11|OTTHUMG00000040720.2|OTTHUMT00000097869.2|NOC2L-201|NOC2L|2757|protein_coding|	625	TTCAA	76.98	1.8190217391304346	0.005109782608695651	0.345	79.95	1.6280000000000001	0.00398	-0.20912098298676748
ENST00000327044.7|ENSG00000188976.11|OTTHUMG00000040720.2|OTTHUMT00000097869.2|NOC2L-201|NOC2L|2757|protein_coding|	626	TCAAT	90.46333333333332	1.6747948717948715	0.005031153846153846	0.365	90.465	1.569	0.00432	-0.4454321616573273
ENST00000327044.7|ENSG00000188976.11|OTTHUMG00000040720.2|OTTHUMT00000097869.2|NOC2L-201|NOC2L|2757|protein_coding|	627	CAATG	101.95545454545456	3.6794242424242425	0.0048759375	0.02	102.83	3.477	0.00365	0.18309461171197514
ENST00000327044.7|ENSG00000188976.11|OTTHUMG00000040720.2|OTTHUMT00000097869.2|NOC2L-201|NOC2L|2757|protein_coding|	628	AATGC	77.97793650793652	3.7337656249999998	0.005536451612903226	-0.33999999999999997	78.67500000000001	3.6755000000000004	0.004484999999999999	inf
ENST00000327044.7|ENSG00000188976.11|OTTHUMG00000040720.2|OTTHUMT00000097869.2|NOC2L-201|NOC2L|2757|protein_coding|	629	ATGCT	89.08032258064516	2.93179365079365	0.0050974193548387085	0.55	88.805	2.768	0.00432	-0.06332471220650158
ENST00000327044.7|ENSG00000188976.11|OTTHUMG00000040720.2|OTTHUMT00000097869.2|NOC2L-201|NOC2L|2757|protein_coding|	630	TGCTC	111.49709677419357	3.830066666666667	0.005536451612903225	0.37	110.62	3.97	0.00398	0.07889201877934292
ENST00000327044.7|ENSG00000188976.11|OTTHUMG00000040720.2|OTTHUMT00000097869.2|NOC2L-201|NOC2L|2757|protein_coding|	631	GCTCT	80.45884615384617	2.6215384615384614	0.005514615384615385	0.24	81.01	2.099	0.00398	-0.08016194331983814
ENST00000327044.7|ENSG00000188976.11|OTTHUMG00000040720.2|OTTHUMT00000097869.2|NOC2L-201|NOC2L|2757|protein_coding|	632	CTCTG	78.61138461538462	1.5888749999999998	0.005970769230769231	-0.14938461538461537	78.505	1.399	0.004815	-0.23242753623188409
ENST00000327044.7|ENSG00000188976.11|OTTHUMG00000040720.2|OTTHUMT00000097869.2|NOC2L-201|NOC2L|2757|protein_coding|	633	TCTGG	85.31106382978724	2.09925	0.005696999999999999	0.5349999999999999	87.14500000000001	1.9874999999999998	0.00465	-0.26342105263157894
ENST00000327044.7|ENSG00000188976.11|OTTHUMG00000040720.2|OTTHUMT00000097869.2|NOC2L-201|NOC2L|2757|protein_coding|	634	CTGGT	105.57800000000002	2.53825925925926	0.005255849056603772	0.072	106.04	2.37	0.00465	-0.3638447971781304
ENST00000327044.7|ENSG00000188976.11|OTTHUMG00000040720.2|OTTHUMT00000097869.2|NOC2L-201|NOC2L|2757|protein_coding|	635	TGGTT	115.0227027027027	3.443621621621622	0.005994444444444445	-0.8618918918918919	114.33	3.454	0.00432	0.021846178522736466
ENST00000327044.7|ENSG00000188976.11|OTTHUMG00000040720.2|OTTHUMT00000097869.2|NOC2L-201|NOC2L|2757|protein_coding|	636	GGTTA	103.41111111111113	5.413297297297296	0.005185675675675675	-0.615	103.095	5.318	0.004484999999999999	-0.2772633781979578
ENST00000327044.7|ENSG00000188976.11|OTTHUMG00000040720.2|OTTHUMT00000097869.2|NOC2L-201|NOC2L|2757|protein_coding|	637	GTTAC	81.89653061224489	1.8420599999999998	0.005430999999999999	-0.08530612244897962	81.31	1.764	0.00432	-0.25119512195121957
ENST00000327044.7|ENSG00000188976.11|OTTHUMG00000040720.2|OTTHUMT00000097869.2|NOC2L-201|NOC2L|2757|protein_coding|	638	TTACC	77.31492537313433	1.3753731343283584	0.00571205882352941	0.3	77.5	1.307	0.00498	-0.3450604122245913
ENST00000327044.7|ENSG00000188976.11|OTTHUMG00000040720.2|OTTHUMT00000097869.2|NOC2L-201|NOC2L|2757|protein_coding|	639	TACCT	79.91448275862071	1.6471379310344827	0.004858	0.33499999999999996	79.94	1.4815	0.00465	-0.4138299177813229
ENST00000327044.7|ENSG00000188976.11|OTTHUMG00000040720.2|OTTHUMT00000097869.2|NOC2L-201|NOC2L|2757|protein_coding|	640	ACCTT	69.36173913043478	1.5892553191489363	0.006848541666666667	-0.5	70.535	1.3980000000000001	0.005645	-0.3237211407876867
ENST00000327044.7|ENSG00000188976.11|OTTHUMG00000040720.2|OTTHUMT00000097869.2|NOC2L-201|NOC2L|2757|protein_coding|	641	CCTTC	75.58862068965517	1.203586206896552	0.005849655172413793	0.135	75.66499999999999	1.233	0.005475	-0.5026503277286976
ENST00000327044.7|ENSG00000188976.11|OTTHUMG00000040720.2|OTTHUMT00000097869.2|NOC2L-201|NOC2L|2757|protein_coding|	642	CTTCT	77.20838709677419	1.231258064516129	0.0054006666666666665	-0.31774193548387103	76.7	1.259	0.00432	-0.4051893408134642
ENST00000327044.7|ENSG00000188976.11|OTTHUMG00000040720.2|OTTHUMT00000097869.2|NOC2L-201|NOC2L|2757|protein_coding|	643	TTCTG	80.65895833333333	1.4134130434782608	0.004937234042553191	0.40375000000000005	80.8	1.3365	0.00498	-0.31719176643562275
ENST00000327044.7|ENSG00000188976.11|OTTHUMG00000040720.2|OTTHUMT00000097869.2|NOC2L-201|NOC2L|2757|protein_coding|	644	TCTGC	83.99142857142857	1.796595238095238	0.006315952380952381	-0.04	83.76	1.75	0.00531	-0.3696157059314955
ENST00000327044.7|ENSG00000188976.11|OTTHUMG00000040720.2|OTTHUMT00000097869.2|NOC2L-201|NOC2L|2757|protein_coding|	645	CTGCA	96.10975308641974	2.103012345679012	0.006307875	0.31	96.06	2.094	0.00498	-0.3281110716680472
ENST00000327044.7|ENSG00000188976.11|OTTHUMG00000040720.2|OTTHUMT00000097869.2|NOC2L-201|NOC2L|2757|protein_coding|	646	TGCAT	108.27225352112674	4.574211267605634	0.007860281690140846	0.535	108.70500000000001	4.4625	0.00531	0.18502882580456834
ENST00000327044.7|ENSG00000188976.11|OTTHUMG00000040720.2|OTTHUMT00000097869.2|NOC2L-201|NOC2L|2757|protein_coding|	647	GCATC	81.80319148936171	2.4360208333333335	0.005913541666666667	0.25	81.055	1.915	0.00465	0.1436717527386543
ENST00000327044.7|ENSG00000188976.11|OTTHUMG00000040720.2|OTTHUMT00000097869.2|NOC2L-201|NOC2L|2757|protein_coding|	648	CATCA	87.02575757575758	2.6427272727272726	0.004852941176470588	0.195	88.02	2.5585	0.00432	-0.5363636363636364
ENST00000327044.7|ENSG00000188976.11|OTTHUMG00000040720.2|OTTHUMT00000097869.2|NOC2L-201|NOC2L|2757|protein_coding|	649	ATCAG	79.11	2.512212121212121	0.00571235294117647	0.95	79.21	2.169	0.00564	0.09226613965744405
ENST00000327044.7|ENSG00000188976.11|OTTHUMG00000040720.2|OTTHUMT00000097869.2|NOC2L-201|NOC2L|2757|protein_coding|	650	TCAGA	105.21434782608695	5.222173913043477	0.005037826086956523	0.68	105.51	5.301	0.00398	0.02596736994960258
ENST00000327044.7|ENSG00000188976.11|OTTHUMG00000040720.2|OTTHUMT00000097869.2|NOC2L-201|NOC2L|2757|protein_coding|	651	CAGAG	112.17866666666669	4.635101694915254	0.006877833333333333	0.76	112.22	4.65	0.00564	-0.21037449831085966
ENST00000327044.7|ENSG00000188976.11|OTTHUMG00000040720.2|OTTHUMT00000097869.2|NOC2L-201|NOC2L|2757|protein_coding|	652	AGAGA	130.8071186440678	3.8755333333333324	0.006487966101694915	0.4462711864406779	130.905	3.5205	0.005475	-0.31888693614528435
ENST00000327044.7|ENSG00000188976.11|OTTHUMG00000040720.2|OTTHUMT00000097869.2|NOC2L-201|NOC2L|2757|protein_coding|	653	GAGAC	118.35166666666667	5.0601290322580645	0.0051123333333333324	-0.6530000000000001	116.62	4.652	0.00398	-0.1379677968895972
ENST00000327044.7|ENSG00000188976.11|OTTHUMG00000040720.2|OTTHUMT00000097869.2|NOC2L-201|NOC2L|2757|protein_coding|	654	AGACC	127.70349397590358	4.58646590909091	0.007221022727272727	0.41	127.42	4.316	0.00631	-0.04249145947997711
ENST00000327044.7|ENSG00000188976.11|OTTHUMG00000040720.2|OTTHUMT00000097869.2|NOC2L-201|NOC2L|2757|protein_coding|	655	GACCT	80.82454545454546	4.5657575757575755	0.004396363636363637	0.5	81.08	3.485	0.00432	0.6248247600560767
ENST00000327044.7|ENSG00000188976.11|OTTHUMG00000040720.2|OTTHUMT00000097869.2|NOC2L-201|NOC2L|2757|protein_coding|	656	ACCTC	70.41696428571429	1.795736842105263	0.0051552631578947366	0.505	70.865	1.436	0.00465	-0.23585666293393062
ENST00000327044.7|ENSG00000188976.11|OTTHUMG00000040720.2|OTTHUMT00000097869.2|NOC2L-201|NOC2L|2757|protein_coding|	657	CCTCA	73.74264705882354	1.5301666666666667	0.0050711111111111104	0.21	73.77	1.463	0.00465	-0.4630994152046784
ENST00000327044.7|ENSG00000188976.11|OTTHUMG00000040720.2|OTTHUMT00000097869.2|NOC2L-201|NOC2L|2757|protein_coding|	658	CTCAT	80.21166666666666	1.5967608695652173	0.00467595744680851	0.17520833333333333	80.17	1.443	0.00415	-0.30575614366729675
ENST00000327044.7|ENSG00000188976.11|OTTHUMG00000040720.2|OTTHUMT00000097869.2|NOC2L-201|NOC2L|2757|protein_coding|	659	TCATT	89.27776119402988	1.6163731343283583	0.0045250769230769225	0.63	90.11	1.5715	0.00415	-0.24113937355476134
ENST00000327044.7|ENSG00000188976.11|OTTHUMG00000040720.2|OTTHUMT00000097869.2|NOC2L-201|NOC2L|2757|protein_coding|	660	CATTG	93.389375	2.066242424242424	0.0047287878787878775	0.39437500000000003	93.3	1.877	0.00365	-0.6263576086360897
ENST00000327044.7|ENSG00000188976.11|OTTHUMG00000040720.2|OTTHUMT00000097869.2|NOC2L-201|NOC2L|2757|protein_coding|	661	ATTGG	87.19117647058825	2.2175882352941176	0.006142058823529412	0.32	86.86	2.174	0.00498	-0.1631742508324084
ENST00000327044.7|ENSG00000188976.11|OTTHUMG00000040720.2|OTTHUMT00000097869.2|NOC2L-201|NOC2L|2757|protein_coding|	662	TTGGC	101.3375	3.175954545454545	0.006036363636363635	0.5	102.42	2.918	0.00465	inf
ENST00000327044.7|ENSG00000188976.11|OTTHUMG00000040720.2|OTTHUMT00000097869.2|NOC2L-201|NOC2L|2757|protein_coding|	663	TGGCT	109.88483870967741	3.989322580645161	0.004979333333333332	0.1874193548387097	108.89	3.776	0.00398	-0.2487151448879169
ENST00000327044.7|ENSG00000188976.11|OTTHUMG00000040720.2|OTTHUMT00000097869.2|NOC2L-201|NOC2L|2757|protein_coding|	664	GGCTG	111.44496240601504	5.144537313432835	0.00816976923076923	0.03744360902255638	111.195	4.9990000000000006	0.006475	0.44916544040361556
ENST00000327044.7|ENSG00000188976.11|OTTHUMG00000040720.2|OTTHUMT00000097869.2|NOC2L-201|NOC2L|2757|protein_coding|	665	GCTGT	82.67965517241379	2.0435087719298246	0.005428596491228069	-0.4467241379310345	82.29	1.94	0.00465	-0.282979378270237
ENST00000327044.7|ENSG00000188976.11|OTTHUMG00000040720.2|OTTHUMT00000097869.2|NOC2L-201|NOC2L|2757|protein_coding|	666	CTGTC	97.25701754385966	2.80475	0.005558727272727272	-0.25192982456140356	97.5	2.737	0.00432	-0.2580026455026455
ENST00000327044.7|ENSG00000188976.11|OTTHUMG00000040720.2|OTTHUMT00000097869.2|NOC2L-201|NOC2L|2757|protein_coding|	667	TGTCT	115.2009375	6.61384375	0.0042838709677419365	0.59	116.695	6.624499999999999	0.003815	0.08959534596375614
ENST00000327044.7|ENSG00000188976.11|OTTHUMG00000040720.2|OTTHUMT00000097869.2|NOC2L-201|NOC2L|2757|protein_coding|	668	GTCTC	76.17089552238805	1.632953846153846	0.0065358208955223875	-0.15000000000000002	75.705	1.487	0.00581	-0.21113340765514682
ENST00000327044.7|ENSG00000188976.11|OTTHUMG00000040720.2|OTTHUMT00000097869.2|NOC2L-201|NOC2L|2757|protein_coding|	669	TCTCC	74.62166666666667	1.9265833333333333	0.0045225	-0.21	75.17	1.65	0.00432	-0.3240058479532164
ENST00000327044.7|ENSG00000188976.11|OTTHUMG00000040720.2|OTTHUMT00000097869.2|NOC2L-201|NOC2L|2757|protein_coding|	670	CTCCA	69.14709677419354	1.419709677419355	0.004186774193548387	-0.235	69.05000000000001	1.3085	0.00398	-0.38273492286114996
ENST00000327044.7|ENSG00000188976.11|OTTHUMG00000040720.2|OTTHUMT00000097869.2|NOC2L-201|NOC2L|2757|protein_coding|	671	TCCAG	74.6812	2.16684	0.004301666666666666	0.13	72.88	1.9625	0.00398	0.026938388625592526
ENST00000327044.7|ENSG00000188976.11|OTTHUMG00000040720.2|OTTHUMT00000097869.2|NOC2L-201|NOC2L|2757|protein_coding|	672	CCAGA	80.51343750000001	4.634787878787879	0.0055915625	0.61	80.34	4.845	0.00332	-0.08943263678037736
ENST00000327044.7|ENSG00000188976.11|OTTHUMG00000040720.2|OTTHUMT00000097869.2|NOC2L-201|NOC2L|2757|protein_coding|	673	CAGAA	112.14341463414634	4.924146341463415	0.0056988095238095235	0.38	111.315	4.412	0.004815	-0.16113350230606216
ENST00000327044.7|ENSG00000188976.11|OTTHUMG00000040720.2|OTTHUMT00000097869.2|NOC2L-201|NOC2L|2757|protein_coding|	674	AGAAG	125.56037037037039	4.92047619047619	0.006480434782608696	0.39	126.14	3.919	0.00498	-0.11502226789996572
ENST00000327044.7|ENSG00000188976.11|OTTHUMG00000040720.2|OTTHUMT00000097869.2|NOC2L-201|NOC2L|2757|protein_coding|	675	GAAGC	101.96617647058825	6.165823529411765	0.007711428571428572	0.94	102.55	6.505	0.00598	0.5186757461605334
ENST00000327044.7|ENSG00000188976.11|OTTHUMG00000040720.2|OTTHUMT00000097869.2|NOC2L-201|NOC2L|2757|protein_coding|	676	AAGCT	111.16000000000001	5.073131578947367	0.007312162162162163	0.165	110.655	4.404	0.005475	0.6798448936911813
ENST00000327044.7|ENSG00000188976.11|OTTHUMG00000040720.2|OTTHUMT00000097869.2|NOC2L-201|NOC2L|2757|protein_coding|	677	AGCTG	117.83024390243905	3.9794761904761904	0.007237	0.16	117.81	3.681	0.00664	0.12097920858484242
ENST00000327044.7|ENSG00000188976.11|OTTHUMG00000040720.2|OTTHUMT00000097869.2|NOC2L-201|NOC2L|2757|protein_coding|	678	GCTGC	84.66767441860465	2.5721951219512196	0.006678837209302325	0.375	84.58	2.0134999999999996	0.005145	-0.09747539580658965
ENST00000327044.7|ENSG00000188976.11|OTTHUMG00000040720.2|OTTHUMT00000097869.2|NOC2L-201|NOC2L|2757|protein_coding|	679	CTGCT	98.06264705882353	2.315411764705882	0.004617272727272728	0.2894117647058824	98.91499999999999	2.286	0.00398	-0.26025183236233806
ENST00000327044.7|ENSG00000188976.11|OTTHUMG00000040720.2|OTTHUMT00000097869.2|NOC2L-201|NOC2L|2757|protein_coding|	680	TGCTG	109.57147058823529	4.171818181818182	0.004717878787878787	0.44999999999999996	109.755	4.202999999999999	0.00398	0.1751600512163893
ENST00000327044.7|ENSG00000188976.11|OTTHUMG00000040720.2|OTTHUMT00000097869.2|NOC2L-201|NOC2L|2757|protein_coding|	681	GCTGT	86.28672413793103	2.159421052631579	0.005614827586206897	0.405	85.78999999999999	2.105	0.004484999999999999	-0.24230840258541086
ENST00000327044.7|ENSG00000188976.11|OTTHUMG00000040720.2|OTTHUMT00000097869.2|NOC2L-201|NOC2L|2757|protein_coding|	682	CTGTT	103.36646153846154	3.513046153846154	0.005617301587301585	0.475	104.375	3.0229999999999997	0.00465	-0.0706227106227105
ENST00000327044.7|ENSG00000188976.11|OTTHUMG00000040720.2|OTTHUMT00000097869.2|NOC2L-201|NOC2L|2757|protein_coding|	683	TGTTT	106.78270270270272	5.90954054054054	0.005487222222222222	-0.27540540540540537	106.84	6.323	0.00465	-0.21100927362609614
ENST00000327044.7|ENSG00000188976.11|OTTHUMG00000040720.2|OTTHUMT00000097869.2|NOC2L-201|NOC2L|2757|protein_coding|	684	GTTTG	79.1230303030303	1.7395074626865672	0.006615074626865673	0.045	79.02	1.488	0.00465	-0.11700128797636182
ENST00000327044.7|ENSG00000188976.11|OTTHUMG00000040720.2|OTTHUMT00000097869.2|NOC2L-201|NOC2L|2757|protein_coding|	685	TTTGG	85.95314814814813	1.9326037735849053	0.005226111111111111	-0.16	86.03999999999999	1.9129999999999998	0.004484999999999999	-0.27071555713777157
ENST00000327044.7|ENSG00000188976.11|OTTHUMG00000040720.2|OTTHUMT00000097869.2|NOC2L-201|NOC2L|2757|protein_coding|	686	TTGGA	102.19417721518988	2.330948717948718	0.004919615384615384	-0.655	102.06	2.297	0.00398	-0.4158023263286421
ENST00000327044.7|ENSG00000188976.11|OTTHUMG00000040720.2|OTTHUMT00000097869.2|NOC2L-201|NOC2L|2757|protein_coding|	687	TGGAA	119.74047904191615	2.546701219512195	0.00707664596273292	-0.16269461077844308	119.955	2.492	0.00498	-0.1966242209740709
ENST00000327044.7|ENSG00000188976.11|OTTHUMG00000040720.2|OTTHUMT00000097869.2|NOC2L-201|NOC2L|2757|protein_coding|	688	GGAAA	120.29249999999999	6.305028571428571	0.005409411764705882	0.02	120.61	6.051	0.00465	0.13399794450154168
ENST00000327044.7|ENSG00000188976.11|OTTHUMG00000040720.2|OTTHUMT00000097869.2|NOC2L-201|NOC2L|2757|protein_coding|	689	GAAAG	103.49177777777778	3.2446739130434774	0.004806590909090909	-0.10044444444444446	103.38	2.26	0.00432	0.21069922128487956
ENST00000327044.7|ENSG00000188976.11|OTTHUMG00000040720.2|OTTHUMT00000097869.2|NOC2L-201|NOC2L|2757|protein_coding|	690	AAAGG	110.01426470588234	3.4998529411764707	0.006805147058823529	0.3294117647058824	110.24	2.405	0.00531	-0.13796725586786426
ENST00000327044.7|ENSG00000188976.11|OTTHUMG00000040720.2|OTTHUMT00000097869.2|NOC2L-201|NOC2L|2757|protein_coding|	691	AAGGT	118.24444444444444	5.130518518518518	0.007413703703703704	0.66	122.03	4.947	0.00398	-0.3455971277399849
ENST00000327044.7|ENSG00000188976.11|OTTHUMG00000040720.2|OTTHUMT00000097869.2|NOC2L-201|NOC2L|2757|protein_coding|	692	AGGTG	118.14964912280702	5.373327586206897	0.0064769090909090905	0.21	117.94	4.7645	0.00465	0.5944592243937379
ENST00000327044.7|ENSG00000188976.11|OTTHUMG00000040720.2|OTTHUMT00000097869.2|NOC2L-201|NOC2L|2757|protein_coding|	693	GGTGG	104.73904761904762	8.516545454545453	0.005567727272727273	0.41809523809523813	106.525	9.234	0.00564	-0.12109954029458689
ENST00000327044.7|ENSG00000188976.11|OTTHUMG00000040720.2|OTTHUMT00000097869.2|NOC2L-201|NOC2L|2757|protein_coding|	694	GTGGC	96.9975	3.963212765957447	0.005961739130434781	0.022083333333333333	96.83	3.3255	0.00498	-0.006713592491867922
ENST00000327044.7|ENSG00000188976.11|OTTHUMG00000040720.2|OTTHUMT00000097869.2|NOC2L-201|NOC2L|2757|protein_coding|	695	TGGCA	105.77964285714283	4.7072413793103465	0.006046785714285714	-0.1	104.17	4.196	0.00531	-0.11351386453665785
ENST00000327044.7|ENSG00000188976.11|OTTHUMG00000040720.2|OTTHUMT00000097869.2|NOC2L-201|NOC2L|2757|protein_coding|	696	GGCAA	110.4627927927928	6.053504504504504	0.005931495327102804	0.27	110.31	5.991	0.00432	0.5682654156747421
ENST00000327044.7|ENSG00000188976.11|OTTHUMG00000040720.2|OTTHUMT00000097869.2|NOC2L-201|NOC2L|2757|protein_coding|	697	GCAAA	83.7118032786885	2.3921475409836064	0.006174666666666666	-0.19426229508196718	83.225	2.159	0.00465	-0.20789816523721644
ENST00000327044.7|ENSG00000188976.11|OTTHUMG00000040720.2|OTTHUMT00000097869.2|NOC2L-201|NOC2L|2757|protein_coding|	698	CAAAG	103.78295081967211	2.617950819672132	0.005818032786885245	0.51	104.11	2.559	0.00498	-0.023152679226816495
ENST00000327044.7|ENSG00000188976.11|OTTHUMG00000040720.2|OTTHUMT00000097869.2|NOC2L-201|NOC2L|2757|protein_coding|	699	AAAGG	110.87958333333331	2.363208333333333	0.005109130434782609	0.5	110.925	2.2365000000000004	0.00415	-0.41792898193760264
ENST00000327044.7|ENSG00000188976.11|OTTHUMG00000040720.2|OTTHUMT00000097869.2|NOC2L-201|NOC2L|2757|protein_coding|	700	AAGGA	114.60315789473684	3.74121052631579	0.006889000000000001	-0.09	112.655	3.6159999999999997	0.00631	-0.5228047798066595
ENST00000327044.7|ENSG00000188976.11|OTTHUMG00000040720.2|OTTHUMT00000097869.2|NOC2L-201|NOC2L|2757|protein_coding|	701	AGGAT	120.76	4.371771428571429	0.005468529411764705	0.10114285714285717	120.24	4.209	0.00398	0.37910770617395234
ENST00000327044.7|ENSG00000188976.11|OTTHUMG00000040720.2|OTTHUMT00000097869.2|NOC2L-201|NOC2L|2757|protein_coding|	702	GGATA	133.47144144144147	3.547265765765766	0.006220825688073394	0.9776126126126125	134.15	3.158	0.00498	-0.3044576929871047
ENST00000327044.7|ENSG00000188976.11|OTTHUMG00000040720.2|OTTHUMT00000097869.2|NOC2L-201|NOC2L|2757|protein_coding|	703	GATAG	88.91140350877194	5.381473684210526	0.005571636363636363	0.025	89.175	5.004	0.00465	-0.14307743881997995
ENST00000327044.7|ENSG00000188976.11|OTTHUMG00000040720.2|OTTHUMT00000097869.2|NOC2L-201|NOC2L|2757|protein_coding|	704	ATAGC	90.45534391534392	3.050732620320856	0.005692834224598931	-0.21000000000000002	90.155	2.666	0.00432	-0.19292787822199572
ENST00000327044.7|ENSG00000188976.11|OTTHUMG00000040720.2|OTTHUMT00000097869.2|NOC2L-201|NOC2L|2757|protein_coding|	705	TAGCA	103.87708333333335	2.9059565217391308	0.004409565217391304	0.0	105.19999999999999	2.6189999999999998	0.00365	-0.03776274114598319
ENST00000327044.7|ENSG00000188976.11|OTTHUMG00000040720.2|OTTHUMT00000097869.2|NOC2L-201|NOC2L|2757|protein_coding|	706	AGCAG	113.95171875	3.3714843750000005	0.006028571428571427	0.3625	113.95	3.437	0.00531	-0.12655845207253869
ENST00000327044.7|ENSG00000188976.11|OTTHUMG00000040720.2|OTTHUMT00000097869.2|NOC2L-201|NOC2L|2757|protein_coding|	707	GCAGC	91.25905660377357	3.2986792452830187	0.0058005660377358475	0.265	91.13	3.1790000000000003	0.00531	-0.3519294213589354
ENST00000327044.7|ENSG00000188976.11|OTTHUMG00000040720.2|OTTHUMT00000097869.2|NOC2L-201|NOC2L|2757|protein_coding|	708	CAGCA	108.15970588235295	3.5381212121212124	0.006423484848484849	0.08499999999999999	108.595	2.9555	0.00498	0.17156331527192464
ENST00000327044.7|ENSG00000188976.11|OTTHUMG00000040720.2|OTTHUMT00000097869.2|NOC2L-201|NOC2L|2757|protein_coding|	709	AGCAG	113.92833333333334	4.633617021276597	0.006406595744680848	0.5	114.26	4.445	0.00598	0.20041891742917015
ENST00000327044.7|ENSG00000188976.11|OTTHUMG00000040720.2|OTTHUMT00000097869.2|NOC2L-201|NOC2L|2757|protein_coding|	710	GCAGG	89.62583333333333	6.000805555555555	0.007396666666666667	0.65	91.27	6.299	0.00664	0.1789401877319362
ENST00000327044.7|ENSG00000188976.11|OTTHUMG00000040720.2|OTTHUMT00000097869.2|NOC2L-201|NOC2L|2757|protein_coding|	711	CAGGA	102.44488372093024	5.854581395348838	0.007258139534883722	0.365	101.505	5.974	0.00415	-0.2532421689606074
ENST00000327044.7|ENSG00000188976.11|OTTHUMG00000040720.2|OTTHUMT00000097869.2|NOC2L-201|NOC2L|2757|protein_coding|	712	AGGAT	120.88721698113207	5.439445497630332	0.008356682692307693	0.12	120.67	5.743	0.00564	0.7159134061925337
ENST00000327044.7|ENSG00000188976.11|OTTHUMG00000040720.2|OTTHUMT00000097869.2|NOC2L-201|NOC2L|2757|protein_coding|	713	GGATG	125.11680555555556	5.497253333333332	0.008057972972972973	0.15	126.67	4.08	0.00598	0.0778928104575162
ENST00000327044.7|ENSG00000188976.11|OTTHUMG00000040720.2|OTTHUMT00000097869.2|NOC2L-201|NOC2L|2757|protein_coding|	714	GATGC	72.44560606060605	3.3635681818181817	0.00719060606060606	-0.37	73.54	2.979	0.00498	-0.13086093493070242
ENST00000327044.7|ENSG00000188976.11|OTTHUMG00000040720.2|OTTHUMT00000097869.2|NOC2L-201|NOC2L|2757|protein_coding|	715	ATGCT	82.39115384615386	3.2171923076923084	0.006409615384615383	-1.0550000000000002	80.6	3.004	0.00581	0.027856967313836568
ENST00000327044.7|ENSG00000188976.11|OTTHUMG00000040720.2|OTTHUMT00000097869.2|NOC2L-201|NOC2L|2757|protein_coding|	716	TGCTG	106.07142857142857	4.258333333333333	0.004639756097560976	-0.439047619047619	106.705	4.2635	0.00432	0.19953051643192482
ENST00000327044.7|ENSG00000188976.11|OTTHUMG00000040720.2|OTTHUMT00000097869.2|NOC2L-201|NOC2L|2757|protein_coding|	717	GCTGC	83.7215	2.4150512820512815	0.004097631578947367	0.185	83.5	2.214	0.003815	-0.1526135852451644
ENST00000327044.7|ENSG00000188976.11|OTTHUMG00000040720.2|OTTHUMT00000097869.2|NOC2L-201|NOC2L|2757|protein_coding|	718	CTGCA	92.53425	3.0792631578947374	0.006043846153846153	-0.735	91.91499999999999	2.6835	0.00581	-0.016209853707751607
ENST00000327044.7|ENSG00000188976.11|OTTHUMG00000040720.2|OTTHUMT00000097869.2|NOC2L-201|NOC2L|2757|protein_coding|	719	TGCAG	101.16863636363634	4.716361702127659	0.006755652173913043	0.3	102.05	4.666	0.00564	0.2218553632455076
ENST00000327044.7|ENSG00000188976.11|OTTHUMG00000040720.2|OTTHUMT00000097869.2|NOC2L-201|NOC2L|2757|protein_coding|	720	GCAGC	87.53756097560975	2.801560975609756	0.004939756097560975	-0.30731707317073165	88.405	2.585	0.00432	-0.4495950932004409
ENST00000327044.7|ENSG00000188976.11|OTTHUMG00000040720.2|OTTHUMT00000097869.2|NOC2L-201|NOC2L|2757|protein_coding|	721	CAGCC	104.67952380952379	2.7184186046511627	0.004771162790697674	0.33999999999999997	105.205	2.376	0.00398	-0.09986138918835673
ENST00000327044.7|ENSG00000188976.11|OTTHUMG00000040720.2|OTTHUMT00000097869.2|NOC2L-201|NOC2L|2757|protein_coding|	722	AGCCG	110.42027397260274	3.060328767123288	0.006511571428571429	0.1178082191780822	110.75	2.599	0.00598	-0.06980888537286076
ENST00000327044.7|ENSG00000188976.11|OTTHUMG00000040720.2|OTTHUMT00000097869.2|NOC2L-201|NOC2L|2757|protein_coding|	723	GCCGT	77.1621568627451	2.38748	0.0061546	0.0484313725490196	77.01	2.039	0.00498	-0.14119424460431648
ENST00000327044.7|ENSG00000188976.11|OTTHUMG00000040720.2|OTTHUMT00000097869.2|NOC2L-201|NOC2L|2757|protein_coding|	724	CCGTC	90.32860215053763	2.8190430107526883	0.00604086956521739	0.325	90.57	2.7995	0.005475	-0.07572360303190544
ENST00000327044.7|ENSG00000188976.11|OTTHUMG00000040720.2|OTTHUMT00000097869.2|NOC2L-201|NOC2L|2757|protein_coding|	725	CGTCC	104.23057142857144	6.149742857142858	0.004738484848484849	0.12	103.11	6.075	0.00432	0.013137208755001245
ENST00000327044.7|ENSG00000188976.11|OTTHUMG00000040720.2|OTTHUMT00000097869.2|NOC2L-201|NOC2L|2757|protein_coding|	726	GTCCA	68.64644444444444	2.1681111111111115	0.005697045454545455	-0.03844444444444441	69.42	1.8	0.00531	-0.05734299516908187
ENST00000327044.7|ENSG00000188976.11|OTTHUMG00000040720.2|OTTHUMT00000097869.2|NOC2L-201|NOC2L|2757|protein_coding|	727	TCCAG	74.89280898876405	1.7660333333333336	0.0059988372093023245	0.895	74.935	1.5430000000000001	0.00531	-0.16301737756714044
ENST00000327044.7|ENSG00000188976.11|OTTHUMG00000040720.2|OTTHUMT00000097869.2|NOC2L-201|NOC2L|2757|protein_coding|	728	CCAGC	92.14295454545454	2.722755555555556	0.004107906976744185	-0.10909090909090909	91.48	2.706	0.00398	-0.4650774939969438
ENST00000327044.7|ENSG00000188976.11|OTTHUMG00000040720.2|OTTHUMT00000097869.2|NOC2L-201|NOC2L|2757|protein_coding|	729	CAGCA	109.5315873015873	2.505396825396825	0.00515109375	0.41	109.47	2.331	0.00432	-0.17039840218648183
ENST00000327044.7|ENSG00000188976.11|OTTHUMG00000040720.2|OTTHUMT00000097869.2|NOC2L-201|NOC2L|2757|protein_coding|	730	AGCAG	112.51540540540542	3.183222222222222	0.0066135135135135135	0.04864864864864866	112.73	2.824	0.00498	-0.17533103051237764
ENST00000327044.7|ENSG00000188976.11|OTTHUMG00000040720.2|OTTHUMT00000097869.2|NOC2L-201|NOC2L|2757|protein_coding|	731	GCAGC	89.58780487804877	2.7815238095238093	0.0056517073170731695	-0.07500000000000001	88.97	2.542	0.00465	-0.4535316680699785
ENST00000327044.7|ENSG00000188976.11|OTTHUMG00000040720.2|OTTHUMT00000097869.2|NOC2L-201|NOC2L|2757|protein_coding|	732	CAGCC	104.12745098039217	2.6441399999999993	0.006863265306122449	0.17	104.58	2.596	0.00531	-0.12445695364238435
ENST00000327044.7|ENSG00000188976.11|OTTHUMG00000040720.2|OTTHUMT00000097869.2|NOC2L-201|NOC2L|2757|protein_coding|	733	AGCCC	110.44906976744187	3.634651162790698	0.005326904761904762	-0.019999999999999997	110.765	3.723	0.00432	0.1047571923375982
ENST00000327044.7|ENSG00000188976.11|OTTHUMG00000040720.2|OTTHUMT00000097869.2|NOC2L-201|NOC2L|2757|protein_coding|	734	GCCCG	63.50808823529411	2.9692941176470584	0.006524202898550723	-0.535	63.595	2.3885	0.00398	0.43444160272804766
ENST00000327044.7|ENSG00000188976.11|OTTHUMG00000040720.2|OTTHUMT00000097869.2|NOC2L-201|NOC2L|2757|protein_coding|	735	CCCGC	78.22238095238096	1.9577142857142857	0.0059442857142857145	0.39309523809523805	78.35	1.856	0.00564	-0.29578622816032885
ENST00000327044.7|ENSG00000188976.11|OTTHUMG00000040720.2|OTTHUMT00000097869.2|NOC2L-201|NOC2L|2757|protein_coding|	736	CCGCT	89.89907692307692	2.387393939393939	0.006088307692307692	0.15000000000000002	89.67	2.2565	0.005475	-0.08177156177156197
ENST00000327044.7|ENSG00000188976.11|OTTHUMG00000040720.2|OTTHUMT00000097869.2|NOC2L-201|NOC2L|2757|protein_coding|	737	CGCTC	101.38846153846153	3.937846153846152	0.0051129999999999995	-0.255	100.96	3.9105	0.004484999999999999	0.10925243770314153
ENST00000327044.7|ENSG00000188976.11|OTTHUMG00000040720.2|OTTHUMT00000097869.2|NOC2L-201|NOC2L|2757|protein_coding|	738	GCTCT	80.22148148148148	2.248222222222222	0.005606666666666667	0.15	79.92	2.231	0.00498	-0.211150097465887
ENST00000327044.7|ENSG00000188976.11|OTTHUMG00000040720.2|OTTHUMT00000097869.2|NOC2L-201|NOC2L|2757|protein_coding|	739	CTCTG	79.07663551401868	1.5844	0.0058167619047619044	0.026448598130841123	79.34	1.548	0.00465	-0.23458937198067625
ENST00000327044.7|ENSG00000188976.11|OTTHUMG00000040720.2|OTTHUMT00000097869.2|NOC2L-201|NOC2L|2757|protein_coding|	740	TCTGG	85.49949999999998	2.1810508474576276	0.006037796610169491	-0.43	84.88	1.936	0.00432	-0.23471900089206052
ENST00000327044.7|ENSG00000188976.11|OTTHUMG00000040720.2|OTTHUMT00000097869.2|NOC2L-201|NOC2L|2757|protein_coding|	741	CTGGG	101.62773584905659	3.4088301886792456	0.005259607843137255	0.295	103.025	3.0549999999999997	0.004484999999999999	-0.1456565943159786
ENST00000327044.7|ENSG00000188976.11|OTTHUMG00000040720.2|OTTHUMT00000097869.2|NOC2L-201|NOC2L|2757|protein_coding|	742	TGGGG	112.539375	4.69365625	0.007536	0.135	112.005	4.9	0.007135	0.15892746913580255
ENST00000327044.7|ENSG00000188976.11|OTTHUMG00000040720.2|OTTHUMT00000097869.2|NOC2L-201|NOC2L|2757|protein_coding|	743	GGGGG	108.821	4.53162	0.006764583333333333	-0.36619999999999997	109.495	4.7515	0.005475	0.11891851851851862
ENST00000327044.7|ENSG00000188976.11|OTTHUMG00000040720.2|OTTHUMT00000097869.2|NOC2L-201|NOC2L|2757|protein_coding|	744	GGGGA	113.73193548387094	4.503387096774194	0.009714193548387097	0.02	114.66	4.529	0.00764	0.11194743130227018
ENST00000327044.7|ENSG00000188976.11|OTTHUMG00000040720.2|OTTHUMT00000097869.2|NOC2L-201|NOC2L|2757|protein_coding|	745	GGGAA	119.599375	4.086562499999999	0.005846451612903226	-0.2821875	118.52	4.0185	0.00531	0.2891364353312301
ENST00000327044.7|ENSG00000188976.11|OTTHUMG00000040720.2|OTTHUMT00000097869.2|NOC2L-201|NOC2L|2757|protein_coding|	746	GGAAG	115.37277777777778	6.126166666666666	0.005218676470588234	-0.0527777777777778	116.85499999999999	6.3420000000000005	0.00531	0.1018285371702638
ENST00000327044.7|ENSG00000188976.11|OTTHUMG00000040720.2|OTTHUMT00000097869.2|NOC2L-201|NOC2L|2757|protein_coding|	747	GAAGC	101.6385	6.41620253164557	0.009218461538461536	0.20837499999999998	102.62	6.555	0.0078	0.5803454511442293
ENST00000327044.7|ENSG00000188976.11|OTTHUMG00000040720.2|OTTHUMT00000097869.2|NOC2L-201|NOC2L|2757|protein_coding|	748	AAGCT	109.66795454545453	5.1632	0.01024590909090909	-0.42	108.44	5.232	0.0073	0.7096688741721854
ENST00000327044.7|ENSG00000188976.11|OTTHUMG00000040720.2|OTTHUMT00000097869.2|NOC2L-201|NOC2L|2757|protein_coding|	749	AGCTT	117.79470588235294	5.022705882352941	0.005593333333333333	-0.0847058823529412	118.66999999999999	4.609500000000001	0.0053100000000000005	0.41484672742336376
ENST00000327044.7|ENSG00000188976.11|OTTHUMG00000040720.2|OTTHUMT00000097869.2|NOC2L-201|NOC2L|2757|protein_coding|	750	GCTTC	77.14653846153846	2.811576923076923	0.006836666666666667	1.2	80.21	2.643	0.00531	0.161808645899555
ENST00000327044.7|ENSG00000188976.11|OTTHUMG00000040720.2|OTTHUMT00000097869.2|NOC2L-201|NOC2L|2757|protein_coding|	751	CTTCG	78.88089552238807	1.2379852941176472	0.007318382352941176	0.345	78.83500000000001	1.1684999999999999	0.006144999999999999	-0.4019394714407501
ENST00000327044.7|ENSG00000188976.11|OTTHUMG00000040720.2|OTTHUMT00000097869.2|NOC2L-201|NOC2L|2757|protein_coding|	752	TTCGT	81.51639639639637	1.571490909090909	0.007195925925925927	-0.006071428571428581	81.535	1.6315	0.005145	-0.31674308300395254
ENST00000327044.7|ENSG00000188976.11|OTTHUMG00000040720.2|OTTHUMT00000097869.2|NOC2L-201|NOC2L|2757|protein_coding|	753	TCGTG	91.28844621513944	2.851805785123967	0.005916422764227641	0.3335856573705179	91.69999999999999	2.568	0.00498	-0.06498170979542064
ENST00000327044.7|ENSG00000188976.11|OTTHUMG00000040720.2|OTTHUMT00000097869.2|NOC2L-201|NOC2L|2757|protein_coding|	754	CGTGT	86.85828571428571	5.112176470588234	0.004647647058823529	0.44	86.63	4.288	0.00398	-0.4724276088144237
ENST00000327044.7|ENSG00000188976.11|OTTHUMG00000040720.2|OTTHUMT00000097869.2|NOC2L-201|NOC2L|2757|protein_coding|	755	GTGTG	92.92221674876846	3.9053681592039804	0.006271250000000001	0.51	93.17	3.2295	0.00465	0.03316617968359275
ENST00000327044.7|ENSG00000188976.11|OTTHUMG00000040720.2|OTTHUMT00000097869.2|NOC2L-201|NOC2L|2757|protein_coding|	756	TGTGG	97.96827586206894	4.807966666666667	0.007592	-0.12275862068965512	96.71	4.301	0.00465	-0.5038218094255246
ENST00000327044.7|ENSG00000188976.11|OTTHUMG00000040720.2|OTTHUMT00000097869.2|NOC2L-201|NOC2L|2757|protein_coding|	757	GTGGA	102.50119402985075	4.191575757575758	0.006010923076923077	-0.03	102.93	3.203	0.00564	0.05052023999392424
ENST00000327044.7|ENSG00000188976.11|OTTHUMG00000040720.2|OTTHUMT00000097869.2|NOC2L-201|NOC2L|2757|protein_coding|	758	TGGAC	116.20354430379747	3.864317073170732	0.007065555555555555	-0.12000000000000001	116.705	2.8925	0.00498	0.21902746787720254
ENST00000327044.7|ENSG00000188976.11|OTTHUMG00000040720.2|OTTHUMT00000097869.2|NOC2L-201|NOC2L|2757|protein_coding|	759	GGACA	119.8873076923077	6.266642857142856	0.005558518518518518	0.56	121.22	6.4635	0.005145	0.30827617059349816
ENST00000327044.7|ENSG00000188976.11|OTTHUMG00000040720.2|OTTHUMT00000097869.2|NOC2L-201|NOC2L|2757|protein_coding|	760	GACAT	85.17394736842104	2.039736842105263	0.006124473684210526	0.71	85.27	1.754	0.00465	-0.35857332009268467
ENST00000327044.7|ENSG00000188976.11|OTTHUMG00000040720.2|OTTHUMT00000097869.2|NOC2L-201|NOC2L|2757|protein_coding|	761	ACATC	77.42999999999999	1.533725	0.00527025	-0.3	77.9	1.451	0.00465	-0.2799413145539906
ENST00000327044.7|ENSG00000188976.11|OTTHUMG00000040720.2|OTTHUMT00000097869.2|NOC2L-201|NOC2L|2757|protein_coding|	762	CATCA	90.40787234042556	2.474204081632653	0.005256458333333334	0.62	90.53999999999999	2.5035	0.00398	-0.5659291084854995
ENST00000327044.7|ENSG00000188976.11|OTTHUMG00000040720.2|OTTHUMT00000097869.2|NOC2L-201|NOC2L|2757|protein_coding|	763	ATCAA	79.28486486486487	1.9108108108108113	0.005508918918918917	0.13351351351351354	79.575	1.9665	0.00465	-0.16921269095182112
ENST00000327044.7|ENSG00000188976.11|OTTHUMG00000040720.2|OTTHUMT00000097869.2|NOC2L-201|NOC2L|2757|protein_coding|	764	TCAAG	87.01808823529413	2.088313432835821	0.004710000000000001	0.32323529411764707	87.145	1.9745	0.00398	-0.3085054858159534
ENST00000327044.7|ENSG00000188976.11|OTTHUMG00000040720.2|OTTHUMT00000097869.2|NOC2L-201|NOC2L|2757|protein_coding|	765	CAAGG	108.81382352941178	4.235030303030303	0.007243030303030303	0.705	109.465	4.0085	0.006475	0.04311091207642945
ENST00000327044.7|ENSG00000188976.11|OTTHUMG00000040720.2|OTTHUMT00000097869.2|NOC2L-201|NOC2L|2757|protein_coding|	766	AAGGC	115.10416666666667	7.475083333333334	0.008757083333333332	0.445	117.945	8.159	0.00813	-0.04654549319727881
ENST00000327044.7|ENSG00000188976.11|OTTHUMG00000040720.2|OTTHUMT00000097869.2|NOC2L-201|NOC2L|2757|protein_coding|	767	AGGCT	122.04808510638297	7.9405624999999995	0.006060425531914894	0.545	123.83	8.238	0.004314999999999999	0.49539783427495293
ENST00000327044.7|ENSG00000188976.11|OTTHUMG00000040720.2|OTTHUMT00000097869.2|NOC2L-201|NOC2L|2757|protein_coding|	768	GGCTT	109.71215189873418	6.567784810126582	0.007553421052631581	-0.18	110.9	6.771	0.00498	0.8500802282046712
ENST00000327044.7|ENSG00000188976.11|OTTHUMG00000040720.2|OTTHUMT00000097869.2|NOC2L-201|NOC2L|2757|protein_coding|	769	GCTTA	73.96735294117647	1.6845294117647058	0.005829411764705882	-1.2011764705882353	73.61	1.642	0.00531	-0.30391346621293147
ENST00000327044.7|ENSG00000188976.11|OTTHUMG00000040720.2|OTTHUMT00000097869.2|NOC2L-201|NOC2L|2757|protein_coding|	770	CTTAC	82.40677966101696	1.6262931034482762	0.005411228070175438	0.20779661016949152	82.13	1.437	0.00465	-0.33890524250070075
ENST00000327044.7|ENSG00000188976.11|OTTHUMG00000040720.2|OTTHUMT00000097869.2|NOC2L-201|NOC2L|2757|protein_coding|	771	TTACC	68.46916666666667	1.9147428571428573	0.006271111111111113	0.92	76.135	1.579	0.00498	inf
ENST00000327044.7|ENSG00000188976.11|OTTHUMG00000040720.2|OTTHUMT00000097869.2|NOC2L-201|NOC2L|2757|protein_coding|	772	TACCT	79.821	1.8498620689655172	0.007613103448275861	0.2313333333333333	79.985	1.789	0.005974999999999999	-0.34168609645355263
ENST00000327044.7|ENSG00000188976.11|OTTHUMG00000040720.2|OTTHUMT00000097869.2|NOC2L-201|NOC2L|2757|protein_coding|	773	ACCTG	71.00434782608696	1.858027777777778	0.006663239436619717	0.33	71.52	1.602	0.00564	-0.20934988179669023
ENST00000327044.7|ENSG00000188976.11|OTTHUMG00000040720.2|OTTHUMT00000097869.2|NOC2L-201|NOC2L|2757|protein_coding|	774	CCTGG	86.07796875	1.9712424242424242	0.006804848484848485	-0.43	86.14	1.94	0.00531	-0.30833599149388624
ENST00000327044.7|ENSG00000188976.11|OTTHUMG00000040720.2|OTTHUMT00000097869.2|NOC2L-201|NOC2L|2757|protein_coding|	775	CTGGG	106.7075	3.6240344827586206	0.007018928571428572	0.9675	107.33	3.252	0.00498	-0.09172068101287709
ENST00000327044.7|ENSG00000188976.11|OTTHUMG00000040720.2|OTTHUMT00000097869.2|NOC2L-201|NOC2L|2757|protein_coding|	776	TGGGC	114.62839285714287	5.794448275862068	0.008115892857142856	0.22999999999999998	114.00999999999999	5.8705	0.00631	inf
ENST00000327044.7|ENSG00000188976.11|OTTHUMG00000040720.2|OTTHUMT00000097869.2|NOC2L-201|NOC2L|2757|protein_coding|	777	GGGCT	117.59750000000001	5.224600000000001	0.005136842105263159	0.642	119.625	4.6935	0.0028250000000000003	-0.016082862523540308
ENST00000327044.7|ENSG00000188976.11|OTTHUMG00000040720.2|OTTHUMT00000097869.2|NOC2L-201|NOC2L|2757|protein_coding|	778	GGCTC	110.99489999999997	5.096168316831683	0.007623030303030304	-0.08	110.98	5.033	0.00598	0.43554037093850234
ENST00000327044.7|ENSG00000188976.11|OTTHUMG00000040720.2|OTTHUMT00000097869.2|NOC2L-201|NOC2L|2757|protein_coding|	779	GCTCG	74.82790697674419	2.2626279069767445	0.004948809523809524	-0.6	73.83	2.079	0.00432	-0.20609547123623
ENST00000327044.7|ENSG00000188976.11|OTTHUMG00000040720.2|OTTHUMT00000097869.2|NOC2L-201|NOC2L|2757|protein_coding|	780	CTCGG	81.38133333333333	2.2047741935483876	0.005621666666666666	-0.29	81.48	2.086	0.00432	-0.04140252454417925
ENST00000327044.7|ENSG00000188976.11|OTTHUMG00000040720.2|OTTHUMT00000097869.2|NOC2L-201|NOC2L|2757|protein_coding|	781	TCGGC	94.67034482758619	2.934	0.005231724137931034	0.295	94.815	2.7635	0.004815	-0.4108433734939759
ENST00000327044.7|ENSG00000188976.11|OTTHUMG00000040720.2|OTTHUMT00000097869.2|NOC2L-201|NOC2L|2757|protein_coding|	782	CGGCC	94.58323529411764	3.191294117647059	0.007343636363636364	-0.08	99.93	2.926	0.00581	-0.3990029910269192
ENST00000327044.7|ENSG00000188976.11|OTTHUMG00000040720.2|OTTHUMT00000097869.2|NOC2L-201|NOC2L|2757|protein_coding|	783	GGCCA	102.92644628099175	4.231553719008264	0.006545042016806723	-0.02	102.995	3.9775	0.005145	0.28618654073199523
ENST00000327044.7|ENSG00000188976.11|OTTHUMG00000040720.2|OTTHUMT00000097869.2|NOC2L-201|NOC2L|2757|protein_coding|	784	GCCAT	72.52619047619048	1.5721627906976747	0.005095813953488371	-0.25	72.475	1.3655	0.003815	-0.2548991513281162
ENST00000327044.7|ENSG00000188976.11|OTTHUMG00000040720.2|OTTHUMT00000097869.2|NOC2L-201|NOC2L|2757|protein_coding|	785	CCATA	86.60013422818793	1.8650805369127512	0.005657534246575341	0.06093959731543625	86.58500000000001	1.7125	0.00365	-0.12437533478274586
ENST00000327044.7|ENSG00000188976.11|OTTHUMG00000040720.2|OTTHUMT00000097869.2|NOC2L-201|NOC2L|2757|protein_coding|	786	CATAC	84.41142857142856	2.6974761904761904	0.0058095454545454535	-0.685	84.855	2.5125	0.005645	-0.5704655747649379
ENST00000327044.7|ENSG00000188976.11|OTTHUMG00000040720.2|OTTHUMT00000097869.2|NOC2L-201|NOC2L|2757|protein_coding|	787	ATACA	77.33266666666667	1.639457627118644	0.006827666666666667	0.355	77.41499999999999	1.59	0.005475	-0.21930589184826477
ENST00000327044.7|ENSG00000188976.11|OTTHUMG00000040720.2|OTTHUMT00000097869.2|NOC2L-201|NOC2L|2757|protein_coding|	788	TACAG	83.04720000000002	1.66406	0.006205714285714286	0.8393999999999999	83.935	1.516	0.00465	-0.47671069182389936
ENST00000327044.7|ENSG00000188976.11|OTTHUMG00000040720.2|OTTHUMT00000097869.2|NOC2L-201|NOC2L|2757|protein_coding|	789	ACAGC	88.17117647058824	2.5672898550724637	0.005893382352941175	-0.04	87.36500000000001	2.656	0.00498	-0.49562085362034114
ENST00000327044.7|ENSG00000188976.11|OTTHUMG00000040720.2|OTTHUMT00000097869.2|NOC2L-201|NOC2L|2757|protein_coding|	790	CAGCT	116.16000000000001	3.119666666666667	0.0058028571428571435	1.1400000000000001	115.775	2.862	0.005145	0.033002207505518806
ENST00000327044.7|ENSG00000188976.11|OTTHUMG00000040720.2|OTTHUMT00000097869.2|NOC2L-201|NOC2L|2757|protein_coding|	791	AGCTG	119.56435294117644	2.9559880952380957	0.0068573809523809525	0.54	119.755	2.6559999999999997	0.00498	-0.16732729711602934
ENST00000327044.7|ENSG00000188976.11|OTTHUMG00000040720.2|OTTHUMT00000097869.2|NOC2L-201|NOC2L|2757|protein_coding|	792	GCTGG	87.21441860465117	2.6011627906976744	0.006070714285714286	0.775	88.46000000000001	2.298	0.005145	-0.08731130150958795
ENST00000327044.7|ENSG00000188976.11|OTTHUMG00000040720.2|OTTHUMT00000097869.2|NOC2L-201|NOC2L|2757|protein_coding|	793	CTGGT	104.91381249999999	2.641128834355828	0.006585063291139241	-0.06418750000000001	105.13499999999999	2.638	0.004815	-0.3380629487830005
ENST00000327044.7|ENSG00000188976.11|OTTHUMG00000040720.2|OTTHUMT00000097869.2|NOC2L-201|NOC2L|2757|protein_coding|	794	TGGTG	115.66644444444444	4.9858	0.004732558139534884	0.21	116.58	4.7035	0.00415	0.4794658753709199
ENST00000327044.7|ENSG00000188976.11|OTTHUMG00000040720.2|OTTHUMT00000097869.2|NOC2L-201|NOC2L|2757|protein_coding|	795	GGTGT	80.25283018867925	6.299923076923077	0.005272549019607842	-0.9869811320754716	84.68	4.553	0.00432	-0.3498531396364213
ENST00000327044.7|ENSG00000188976.11|OTTHUMG00000040720.2|OTTHUMT00000097869.2|NOC2L-201|NOC2L|2757|protein_coding|	796	GTGTC	91.51166666666666	3.7927446808510643	0.006058958333333334	0.46	92.78	3.199	0.00531	0.003371608690757806
ENST00000327044.7|ENSG00000188976.11|OTTHUMG00000040720.2|OTTHUMT00000097869.2|NOC2L-201|NOC2L|2757|protein_coding|	797	TGTCC	111.741	5.871172413793105	0.005152068965517242	-0.01	111.91	5.6975	0.004815	-0.03275578026472736
ENST00000327044.7|ENSG00000188976.11|OTTHUMG00000040720.2|OTTHUMT00000097869.2|NOC2L-201|NOC2L|2757|protein_coding|	798	GTCCT	69.89116279069766	1.6620238095238093	0.0050493023255813955	-0.07795454545454544	69.89500000000001	1.4304999999999999	0.003815	-0.2773809523809524
ENST00000327044.7|ENSG00000188976.11|OTTHUMG00000040720.2|OTTHUMT00000097869.2|NOC2L-201|NOC2L|2757|protein_coding|	799	TCCTG	73.02393442622953	1.4907704918032787	0.0059705	0.505	73.15	1.4215	0.00465	-0.36562957795605167
ENST00000327044.7|ENSG00000188976.11|OTTHUMG00000040720.2|OTTHUMT00000097869.2|NOC2L-201|NOC2L|2757|protein_coding|	800	CCTGT	83.44687499999999	1.7660634920634917	0.006392222222222222	-0.82	83.74	1.7	0.00531	-0.38032859927596785
ENST00000327044.7|ENSG00000188976.11|OTTHUMG00000040720.2|OTTHUMT00000097869.2|NOC2L-201|NOC2L|2757|protein_coding|	801	CTGTC	101.01055555555557	2.4475904761904763	0.005666	0.5135185185185185	100.87	2.401	0.00498	-0.3524892920131015
ENST00000327044.7|ENSG00000188976.11|OTTHUMG00000040720.2|OTTHUMT00000097869.2|NOC2L-201|NOC2L|2757|protein_coding|	802	TGTCT	108.15128205128204	6.690102564102565	0.00594157894736842	-0.47974358974358966	108.33	7.812	0.00465	0.10215857728213588
ENST00000327044.7|ENSG00000188976.11|OTTHUMG00000040720.2|OTTHUMT00000097869.2|NOC2L-201|NOC2L|2757|protein_coding|	803	GTCTG	78.59233333333331	1.965	0.005012833333333333	0.48	78.56	1.661	0.00365	-0.050724637681159306
ENST00000327044.7|ENSG00000188976.11|OTTHUMG00000040720.2|OTTHUMT00000097869.2|NOC2L-201|NOC2L|2757|protein_coding|	804	TCTGT	83.51775	1.5151153846153846	0.006399873417721519	-0.4	83.435	1.4425	0.00498	-0.46838056680161944
ENST00000327044.7|ENSG00000188976.11|OTTHUMG00000040720.2|OTTHUMT00000097869.2|NOC2L-201|NOC2L|2757|protein_coding|	805	CTGTC	98.88499999999999	2.4149112903225807	0.0049983064516129026	0.09330708661417325	99.79	2.264	0.00398	-0.3611345792797405
ENST00000327044.7|ENSG00000188976.11|OTTHUMG00000040720.2|OTTHUMT00000097869.2|NOC2L-201|NOC2L|2757|protein_coding|	806	TGTCG	108.71057142857143	5.866702702702701	0.005198285714285714	-0.01	108.01	5.539	0.00465	-0.03349214123513984
ENST00000327044.7|ENSG00000188976.11|OTTHUMG00000040720.2|OTTHUMT00000097869.2|NOC2L-201|NOC2L|2757|protein_coding|	807	GTCGG	79.52865671641791	2.2343134328358207	0.006175230769230768	0.09	79.31	2.196	0.00531	-0.028559377027903954
ENST00000327044.7|ENSG00000188976.11|OTTHUMG00000040720.2|OTTHUMT00000097869.2|NOC2L-201|NOC2L|2757|protein_coding|	808	TCGGA	98.38127272727273	5.408999999999999	0.006098888888888888	-0.725	96.875	5.140499999999999	0.005475	0.0861445783132527
ENST00000327044.7|ENSG00000188976.11|OTTHUMG00000040720.2|OTTHUMT00000097869.2|NOC2L-201|NOC2L|2757|protein_coding|	809	CGGAG	123.55604166666667	3.681416666666667	0.00452063829787234	0.36	124.34	3.481	0.00398	0.16133017875920092
ENST00000327044.7|ENSG00000188976.11|OTTHUMG00000040720.2|OTTHUMT00000097869.2|NOC2L-201|NOC2L|2757|protein_coding|	810	GGAGA	117.81916666666666	4.176041666666666	0.00437304347826087	-0.22624999999999998	116.11500000000001	3.7875	0.0034850000000000003	-0.2660735207967195
ENST00000327044.7|ENSG00000188976.11|OTTHUMG00000040720.2|OTTHUMT00000097869.2|NOC2L-201|NOC2L|2757|protein_coding|	811	GAGAC	124.29166666666667	4.408	0.006162608695652174	0.12916666666666662	126.505	3.767	0.00498	-0.2490630323679727
ENST00000327044.7|ENSG00000188976.11|OTTHUMG00000040720.2|OTTHUMT00000097869.2|NOC2L-201|NOC2L|2757|protein_coding|	812	AGACG	132.245	3.8210131578947366	0.006542666666666666	0.67	131.65	3.125	0.00564	inf
ENST00000327044.7|ENSG00000188976.11|OTTHUMG00000040720.2|OTTHUMT00000097869.2|NOC2L-201|NOC2L|2757|protein_coding|	813	GACGA	75.4525	4.1673230769230765	0.0069134375	-0.13	75.025	3.8485	0.005475	inf
ENST00000327044.7|ENSG00000188976.11|OTTHUMG00000040720.2|OTTHUMT00000097869.2|NOC2L-201|NOC2L|2757|protein_coding|	814	ACGAC	83.55624999999999	4.008193548387096	0.004946774193548387	-0.355	84.01	3.899	0.00398	0.004559786563181919
ENST00000327044.7|ENSG00000188976.11|OTTHUMG00000040720.2|OTTHUMT00000097869.2|NOC2L-201|NOC2L|2757|protein_coding|	815	CGACG	109.15416666666667	7.4065	0.004429142857142856	-0.29861111111111105	108.84	6.218	0.00365	0.5462421711899792
ENST00000327044.7|ENSG00000188976.11|OTTHUMG00000040720.2|OTTHUMT00000097869.2|NOC2L-201|NOC2L|2757|protein_coding|	816	GACGG	80.2702564102564	2.8006184210526315	0.006227599999999999	0.62	80.13	2.738	0.00498	-0.1193023833167826
ENST00000327044.7|ENSG00000188976.11|OTTHUMG00000040720.2|OTTHUMT00000097869.2|NOC2L-201|NOC2L|2757|protein_coding|	817	ACGGT	88.69265306122448	3.7875306122448977	0.006543333333333334	-0.37	86.715	3.7880000000000003	0.00531	-0.2394516842881732
ENST00000327044.7|ENSG00000188976.11|OTTHUMG00000040720.2|OTTHUMT00000097869.2|NOC2L-201|NOC2L|2757|protein_coding|	818	CGGTG	119.58987951807228	5.639702380952381	0.006029382716049383	0.6599999999999999	120.625	5.045	0.00498	0.6735021901935849
ENST00000327044.7|ENSG00000188976.11|OTTHUMG00000040720.2|OTTHUMT00000097869.2|NOC2L-201|NOC2L|2757|protein_coding|	819	GGTGT	99.03481481481482	9.65085185185185	0.005631153846153846	0.59	99.93	9.96	0.00465	-0.004040056568436411
ENST00000327044.7|ENSG00000188976.11|OTTHUMG00000040720.2|OTTHUMT00000097869.2|NOC2L-201|NOC2L|2757|protein_coding|	820	GTGTT	96.03474358974358	2.8898421052631575	0.004840394736842105	0.19884615384615384	96.92	2.633	0.00398	-0.23549150654413817
ENST00000327044.7|ENSG00000188976.11|OTTHUMG00000040720.2|OTTHUMT00000097869.2|NOC2L-201|NOC2L|2757|protein_coding|	821	TGTTG	112.10619047619048	5.774255813953489	0.005746666666666666	0.77	113.75	5.421	0.00465	-0.22907131989940072
ENST00000327044.7|ENSG00000188976.11|OTTHUMG00000040720.2|OTTHUMT00000097869.2|NOC2L-201|NOC2L|2757|protein_coding|	822	GTTGG	83.85605633802817	2.4989710144927533	0.0065195652173913035	-0.2469014084507043	83.87	2.305	0.00531	-0.05699207000273458
ENST00000327044.7|ENSG00000188976.11|OTTHUMG00000040720.2|OTTHUMT00000097869.2|NOC2L-201|NOC2L|2757|protein_coding|	823	TTGGC	101.16061224489796	4.4506000000000006	0.005106808510638296	0.185	101.17500000000001	4.1905	0.00398	0.11543859649122815
ENST00000327044.7|ENSG00000188976.11|OTTHUMG00000040720.2|OTTHUMT00000097869.2|NOC2L-201|NOC2L|2757|protein_coding|	824	TGGCG	111.11859649122808	6.332842105263157	0.005578571428571428	0.5105263157894736	110.60499999999999	6.8475	0.004484999999999999	0.1926256318763008
ENST00000327044.7|ENSG00000188976.11|OTTHUMG00000040720.2|OTTHUMT00000097869.2|NOC2L-201|NOC2L|2757|protein_coding|	825	GGCGG	95.85541666666666	6.89428	0.005019200000000001	0.04	95.09	6.297	0.00465	-0.17827413587604293
ENST00000327044.7|ENSG00000188976.11|OTTHUMG00000040720.2|OTTHUMT00000097869.2|NOC2L-201|NOC2L|2757|protein_coding|	826	GCGGC	89.59694915254238	3.347706896551724	0.0061975438596491225	-0.14137931034482756	90.03	3.455	0.00531	-0.32776969948760565
ENST00000327044.7|ENSG00000188976.11|OTTHUMG00000040720.2|OTTHUMT00000097869.2|NOC2L-201|NOC2L|2757|protein_coding|	827	CGGCC	107.29425531914893	4.642787234042554	0.006455744680851063	0.63	107.655	5.1335	0.004484999999999999	-0.12565212164923656
ENST00000327044.7|ENSG00000188976.11|OTTHUMG00000040720.2|OTTHUMT00000097869.2|NOC2L-201|NOC2L|2757|protein_coding|	828	GGCCG	106.8931884057971	3.8498260869565213	0.00632686567164179	0.6624637681159421	106.97	3.665	0.00564	0.17015990485000645
ENST00000327044.7|ENSG00000188976.11|OTTHUMG00000040720.2|OTTHUMT00000097869.2|NOC2L-201|NOC2L|2757|protein_coding|	829	GCCGT	77.54916666666666	2.297858823529412	0.007501904761904763	0.23	77.56	2.225	0.00631	-0.17343207786711795
ENST00000327044.7|ENSG00000188976.11|OTTHUMG00000040720.2|OTTHUMT00000097869.2|NOC2L-201|NOC2L|2757|protein_coding|	830	CCGTG	89.82576271186443	4.376637931034483	0.007194655172413793	0.05	90.24	3.23	0.00631	0.43496325607687975
ENST00000327044.7|ENSG00000188976.11|OTTHUMG00000040720.2|OTTHUMT00000097869.2|NOC2L-201|NOC2L|2757|protein_coding|	831	CGTGC	94.18052631578949	4.430487179487179	0.004404864864864863	0.53	96.25	3.234	0.00332	-0.5427773808578762
ENST00000327044.7|ENSG00000188976.11|OTTHUMG00000040720.2|OTTHUMT00000097869.2|NOC2L-201|NOC2L|2757|protein_coding|	832	GTGCT	91.67788732394366	2.8501884057971014	0.00590942857142857	0.5900000000000001	91.935	2.5675	0.00465	-0.08939667546418482
ENST00000327044.7|ENSG00000188976.11|OTTHUMG00000040720.2|OTTHUMT00000097869.2|NOC2L-201|NOC2L|2757|protein_coding|	833	TGCTG	106.61303571428572	3.8346727272727277	0.006723818181818181	-0.3192857142857143	106.94999999999999	3.947	0.00498	0.08018950064020504
ENST00000327044.7|ENSG00000188976.11|OTTHUMG00000040720.2|OTTHUMT00000097869.2|NOC2L-201|NOC2L|2757|protein_coding|	834	GCTGC	82.58119402985075	2.0006363636363638	0.00585	-0.24000000000000002	82.02	1.912	0.00465	-0.2980223285486443
ENST00000327044.7|ENSG00000188976.11|OTTHUMG00000040720.2|OTTHUMT00000097869.2|NOC2L-201|NOC2L|2757|protein_coding|	835	CTGCG	93.46489473684207	2.600896174863388	0.0057446486486486485	-0.13821052631578948	93.48	2.435	0.00432	-0.16904275563470034
ENST00000327044.7|ENSG00000188976.11|OTTHUMG00000040720.2|OTTHUMT00000097869.2|NOC2L-201|NOC2L|2757|protein_coding|	836	TGCGG	100.42624999999998	5.047791666666666	0.0042291304347826094	0.14875000000000002	101.87	4.801	0.003815	-0.3983561779896704
ENST00000327044.7|ENSG00000188976.11|OTTHUMG00000040720.2|OTTHUMT00000097869.2|NOC2L-201|NOC2L|2757|protein_coding|	837	GCGGC	89.97641791044776	3.543507692307692	0.005873692307692307	-0.05447761194029848	90.66	3.165	0.00398	-0.2884522706209454
ENST00000327044.7|ENSG00000188976.11|OTTHUMG00000040720.2|OTTHUMT00000097869.2|NOC2L-201|NOC2L|2757|protein_coding|	838	CGGCA	107.03512195121952	3.45775	0.0076283333333333325	0.32999999999999996	108.61	3.1285	0.00598	-0.34882297551789077
ENST00000327044.7|ENSG00000188976.11|OTTHUMG00000040720.2|OTTHUMT00000097869.2|NOC2L-201|NOC2L|2757|protein_coding|	839	GGCAC	109.6937142857143	3.185557471264368	0.006844082840236686	-0.31	109.66	2.729	0.00498	-0.17472604371389422
ENST00000327044.7|ENSG00000188976.11|OTTHUMG00000040720.2|OTTHUMT00000097869.2|NOC2L-201|NOC2L|2757|protein_coding|	840	GCACA	72.4141	1.579659793814433	0.006199183673469388	-0.4	72.03	1.418	0.00531	-0.15975542882211005
ENST00000327044.7|ENSG00000188976.11|OTTHUMG00000040720.2|OTTHUMT00000097869.2|NOC2L-201|NOC2L|2757|protein_coding|	841	CACAT	83.81535714285714	1.8845357142857144	0.006064642857142857	0.6000000000000001	83.375	1.8565	0.005475	-0.4073787061994609
ENST00000327044.7|ENSG00000188976.11|OTTHUMG00000040720.2|OTTHUMT00000097869.2|NOC2L-201|NOC2L|2757|protein_coding|	842	ACATC	79.44898734177217	1.7588075313807532	0.006363549783549784	0.34	79.66	1.66	0.00465	-0.17426876460997498
ENST00000327044.7|ENSG00000188976.11|OTTHUMG00000040720.2|OTTHUMT00000097869.2|NOC2L-201|NOC2L|2757|protein_coding|	843	CATCA	86.99399999999997	2.1173333333333333	0.0054448	-0.3	85.22	1.881	0.00465	-0.6285380116959065
ENST00000327044.7|ENSG00000188976.11|OTTHUMG00000040720.2|OTTHUMT00000097869.2|NOC2L-201|NOC2L|2757|protein_coding|	844	ATCAG	78.08822222222221	1.766195652173913	0.005203478260869565	0.69	78.36	1.531	0.00465	-0.2320888468809073
ENST00000327044.7|ENSG00000188976.11|OTTHUMG00000040720.2|OTTHUMT00000097869.2|NOC2L-201|NOC2L|2757|protein_coding|	845	TCAGC	93.56745098039215	2.745489795918367	0.00575230769230769	0.585	94.195	2.6055	0.005145	-0.46061104205925996
ENST00000327044.7|ENSG00000188976.11|OTTHUMG00000040720.2|OTTHUMT00000097869.2|NOC2L-201|NOC2L|2757|protein_coding|	846	CAGCG	110.55784615384616	2.9049843749999997	0.0074566153846153845	0.515	111.03999999999999	2.7325	0.005645	-0.038084644039735195
ENST00000327044.7|ENSG00000188976.11|OTTHUMG00000040720.2|OTTHUMT00000097869.2|NOC2L-201|NOC2L|2757|protein_coding|	847	AGCGT	104.23826086956524	6.678478260869566	0.009310869565217391	0.19	110.01	5.87	0.00598	-0.20399543970565368
ENST00000327044.7|ENSG00000188976.11|OTTHUMG00000040720.2|OTTHUMT00000097869.2|NOC2L-201|NOC2L|2757|protein_coding|	848	GCGTG	82.96442622950819	4.189316666666667	0.007121333333333333	-0.085	82.86500000000001	3.3195	0.006144999999999999	0.37354644808743176
ENST00000327044.7|ENSG00000188976.11|OTTHUMG00000040720.2|OTTHUMT00000097869.2|NOC2L-201|NOC2L|2757|protein_coding|	849	CGTGC	85.66461538461539	7.9608974358974365	0.006009999999999999	0.21	91.99	7.327	0.00398	-0.17844195707972788
ENST00000327044.7|ENSG00000188976.11|OTTHUMG00000040720.2|OTTHUMT00000097869.2|NOC2L-201|NOC2L|2757|protein_coding|	850	GTGCT	91.52252631578949	3.8077608695652176	0.006556413043478261	0.36947368421052623	92.68	2.632	0.00498	0.21653701903042102
ENST00000327044.7|ENSG00000188976.11|OTTHUMG00000040720.2|OTTHUMT00000097869.2|NOC2L-201|NOC2L|2757|protein_coding|	851	TGCTG	105.53219999999999	4.896448979591836	0.006063673469387755	-0.5476	105.78999999999999	4.9505	0.004815	0.37928140270192556
ENST00000327044.7|ENSG00000188976.11|OTTHUMG00000040720.2|OTTHUMT00000097869.2|NOC2L-201|NOC2L|2757|protein_coding|	852	GCTGG	85.32226666666665	2.9113424657534246	0.00663054054054054	-0.095	85.04499999999999	2.3225	0.00465	0.021523672194184034
ENST00000327044.7|ENSG00000188976.11|OTTHUMG00000040720.2|OTTHUMT00000097869.2|NOC2L-201|NOC2L|2757|protein_coding|	853	CTGGT	102.78277777777778	2.8162222222222217	0.0048874999999999995	-0.46	102.95	2.794	0.00432	-0.2941798941798943
ENST00000327044.7|ENSG00000188976.11|OTTHUMG00000040720.2|OTTHUMT00000097869.2|NOC2L-201|NOC2L|2757|protein_coding|	854	TGGTG	119.6336144578313	3.8775000000000013	0.006336071428571429	1.0	119.65	3.5355	0.004484999999999999	0.15059347181008936
ENST00000327044.7|ENSG00000188976.11|OTTHUMG00000040720.2|OTTHUMT00000097869.2|NOC2L-201|NOC2L|2757|protein_coding|	855	GGTGC	89.5288	11.4826	0.0051870833333333335	0.21	85.38	12.468	0.00432	0.1849948400412797
ENST00000327044.7|ENSG00000188976.11|OTTHUMG00000040720.2|OTTHUMT00000097869.2|NOC2L-201|NOC2L|2757|protein_coding|	856	GTGCC	84.45132352941175	4.596757575757575	0.006818507462686567	0.1960294117647059	84.79499999999999	2.824	0.00498	0.46861264401200486
ENST00000327044.7|ENSG00000188976.11|OTTHUMG00000040720.2|OTTHUMT00000097869.2|NOC2L-201|NOC2L|2757|protein_coding|	857	TGCCC	101.7367901234568	3.738890243902439	0.006086543209876543	-0.07	102.13	3.392	0.00432	0.13644080361776265
ENST00000327044.7|ENSG00000188976.11|OTTHUMG00000040720.2|OTTHUMT00000097869.2|NOC2L-201|NOC2L|2757|protein_coding|	858	GCCCT	66.39222222222222	2.598106382978723	0.005474	-0.12	66.03	2.209	0.00432	inf
ENST00000327044.7|ENSG00000188976.11|OTTHUMG00000040720.2|OTTHUMT00000097869.2|NOC2L-201|NOC2L|2757|protein_coding|	859	CCCTG	71.94756756756757	2.365972972972973	0.004872702702702702	0.475	72.93	2.018	0.00432	0.006797009775733172
ENST00000327044.7|ENSG00000188976.11|OTTHUMG00000040720.2|OTTHUMT00000097869.2|NOC2L-201|NOC2L|2757|protein_coding|	860	CCTGC	84.3408064516129	2.412836065573771	0.006171639344262293	0.29	85.31	1.948	0.00498	-0.15339085418464185
ENST00000327044.7|ENSG00000188976.11|OTTHUMG00000040720.2|OTTHUMT00000097869.2|NOC2L-201|NOC2L|2757|protein_coding|	861	CTGCT	98.61584415584416	2.9642875	0.005561688311688311	0.65	99.15	2.5164999999999997	0.005145	-0.05294329073482419
ENST00000327044.7|ENSG00000188976.11|OTTHUMG00000040720.2|OTTHUMT00000097869.2|NOC2L-201|NOC2L|2757|protein_coding|	862	TGCTT	103.99105263157894	4.089538461538461	0.006639729729729729	-0.98	104.61	4.149	0.00564	0.15198266522210171
ENST00000327044.7|ENSG00000188976.11|OTTHUMG00000040720.2|OTTHUMT00000097869.2|NOC2L-201|NOC2L|2757|protein_coding|	863	GCTTC	76.9825	1.4697575757575756	0.005595294117647058	-0.3225	76.88	1.1204999999999998	0.004484999999999999	-0.3926621587778613
ENST00000327044.7|ENSG00000188976.11|OTTHUMG00000040720.2|OTTHUMT00000097869.2|NOC2L-201|NOC2L|2757|protein_coding|	864	CTTCC	74.88828571428571	1.0771553398058251	0.005523235294117647	0.25676190476190475	75.0	1.072	0.00498	-0.4796351015430796
ENST00000327044.7|ENSG00000188976.11|OTTHUMG00000040720.2|OTTHUMT00000097869.2|NOC2L-201|NOC2L|2757|protein_coding|	865	TTCCT	72.69375000000001	1.6030600000000004	0.005575714285714287	0.13	72.01	1.403	0.00432	-0.3030173913043476
ENST00000327044.7|ENSG00000188976.11|OTTHUMG00000040720.2|OTTHUMT00000097869.2|NOC2L-201|NOC2L|2757|protein_coding|	866	TCCTG	71.18626865671641	1.9766875	0.005841791044776119	-0.21	70.74	1.727	0.00465	-0.15885638297872345
ENST00000327044.7|ENSG00000188976.11|OTTHUMG00000040720.2|OTTHUMT00000097869.2|NOC2L-201|NOC2L|2757|protein_coding|	867	CCTGA	90.46873239436621	2.454125	0.007144929577464787	-0.9777464788732395	90.60499999999999	2.402	0.00581	-0.1389035087719299
ENST00000327044.7|ENSG00000188976.11|OTTHUMG00000040720.2|OTTHUMT00000097869.2|NOC2L-201|NOC2L|2757|protein_coding|	868	CTGAC	108.56321428571428	2.976589285714286	0.0053410714285714285	0.31	108.91	2.976	0.00432	-0.3370625198854597
ENST00000327044.7|ENSG00000188976.11|OTTHUMG00000040720.2|OTTHUMT00000097869.2|NOC2L-201|NOC2L|2757|protein_coding|	869	TGACC	119.10893617021274	6.107795918367347	0.005678333333333334	0.27	118.52	6.009	0.00432	0.2751139704315964
ENST00000327044.7|ENSG00000188976.11|OTTHUMG00000040720.2|OTTHUMT00000097869.2|NOC2L-201|NOC2L|2757|protein_coding|	870	GACCT	80.61684210526315	4.090947368421052	0.003955277777777778	0.46499999999999997	81.62	3.8365	0.00332	0.4558531560217266
ENST00000327044.7|ENSG00000188976.11|OTTHUMG00000040720.2|OTTHUMT00000097869.2|NOC2L-201|NOC2L|2757|protein_coding|	871	ACCTT	69.82237288135592	1.585157894736842	0.004824999999999999	-0.7864406779661018	69.77	1.376	0.00432	-0.325464725643897
ENST00000327044.7|ENSG00000188976.11|OTTHUMG00000040720.2|OTTHUMT00000097869.2|NOC2L-201|NOC2L|2757|protein_coding|	872	CCTTC	75.28052631578947	1.6242631578947369	0.009213500000000003	-0.034999999999999996	75.21000000000001	1.4015	0.007135	inf
ENST00000327044.7|ENSG00000188976.11|OTTHUMG00000040720.2|OTTHUMT00000097869.2|NOC2L-201|NOC2L|2757|protein_coding|	873	CTTCC	74.1325806451613	1.2587580645161294	0.005415081967213115	0.02	74.26	1.203	0.00465	-0.39190431665887465
ENST00000327044.7|ENSG00000188976.11|OTTHUMG00000040720.2|OTTHUMT00000097869.2|NOC2L-201|NOC2L|2757|protein_coding|	874	TTCCC	67.56282608695653	1.3536041666666667	0.0053695652173913035	-0.2	67.485	1.355	0.00465	-0.41147644927536225
ENST00000327044.7|ENSG00000188976.11|OTTHUMG00000040720.2|OTTHUMT00000097869.2|NOC2L-201|NOC2L|2757|protein_coding|	875	TCCCC	65.7942857142857	1.1936571428571425	0.003943823529411764	0.1	65.095	1.0925	0.0034850000000000003	-0.4233540372670809
ENST00000327044.7|ENSG00000188976.11|OTTHUMG00000040720.2|OTTHUMT00000097869.2|NOC2L-201|NOC2L|2757|protein_coding|	876	CCCCA	62.80015384615385	1.1499848484848485	0.005124687499999999	-0.07	62.65	1.167	0.00398	-0.44445176401698133
ENST00000327044.7|ENSG00000188976.11|OTTHUMG00000040720.2|OTTHUMT00000097869.2|NOC2L-201|NOC2L|2757|protein_coding|	877	CCCAA	73.01615384615384	1.8344307692307695	0.005022580645161289	-0.15046153846153848	72.99	1.787	0.00432	-0.13060153117025136
ENST00000327044.7|ENSG00000188976.11|OTTHUMG00000040720.2|OTTHUMT00000097869.2|NOC2L-201|NOC2L|2757|protein_coding|	878	CCAAG	88.72666666666666	2.6497209302325584	0.0053427272727272716	0.6771111111111109	89.32	2.693	0.00432	-0.12260896349915286
ENST00000327044.7|ENSG00000188976.11|OTTHUMG00000040720.2|OTTHUMT00000097869.2|NOC2L-201|NOC2L|2757|protein_coding|	879	CAAGC	100.23326923076925	4.574754716981132	0.00710943396226415	-0.44999999999999996	100.435	4.9	0.00697	0.12678687610372716
ENST00000327044.7|ENSG00000188976.11|OTTHUMG00000040720.2|OTTHUMT00000097869.2|NOC2L-201|NOC2L|2757|protein_coding|	880	AAGCA	108.02977777777777	3.0195714285714286	0.006708320610687023	0.17014814814814816	107.98	2.672	0.00498	-0.0001419110690633923
ENST00000327044.7|ENSG00000188976.11|OTTHUMG00000040720.2|OTTHUMT00000097869.2|NOC2L-201|NOC2L|2757|protein_coding|	881	AGCAG	113.1754716981132	4.0123962264150945	0.006664807692307692	0.23000000000000004	112.3	3.588	0.00564	0.039480887672304316
ENST00000327044.7|ENSG00000188976.11|OTTHUMG00000040720.2|OTTHUMT00000097869.2|NOC2L-201|NOC2L|2757|protein_coding|	882	GCAGT	92.50163461538462	3.7864757281553403	0.006603861386138615	0.42	93.88	3.314	0.00432	-0.2560951418162396
ENST00000327044.7|ENSG00000188976.11|OTTHUMG00000040720.2|OTTHUMT00000097869.2|NOC2L-201|NOC2L|2757|protein_coding|	883	CAGTG	121.91571428571429	6.0143571428571425	0.005655	0.84	122.58	4.833	0.00498	0.49239631336405515
ENST00000327044.7|ENSG00000188976.11|OTTHUMG00000040720.2|OTTHUMT00000097869.2|NOC2L-201|NOC2L|2757|protein_coding|	884	AGTGC	100.77235294117648	10.874029411764708	0.0055752941176470585	-1.145	96.055	11.892	0.00415	0.12219085776725577
ENST00000327044.7|ENSG00000188976.11|OTTHUMG00000040720.2|OTTHUMT00000097869.2|NOC2L-201|NOC2L|2757|protein_coding|	885	GTGCC	85.17509090909091	3.6542830188679245	0.00702074074074074	0.47	85.42	2.433	0.00631	0.16750256193863405
ENST00000327044.7|ENSG00000188976.11|OTTHUMG00000040720.2|OTTHUMT00000097869.2|NOC2L-201|NOC2L|2757|protein_coding|	886	TGCCG	101.26324324324325	4.1209999999999996	0.005590270270270271	-0.1791891891891892	100.955	3.8040000000000003	0.004484999999999999	0.25258358662613967
ENST00000327044.7|ENSG00000188976.11|OTTHUMG00000040720.2|OTTHUMT00000097869.2|NOC2L-201|NOC2L|2757|protein_coding|	887	GCCGC	77.11548672566371	2.0541981981981983	0.005314910714285714	0.3	77.32499999999999	2.0495	0.004815	-0.2610797848207919
ENST00000327044.7|ENSG00000188976.11|OTTHUMG00000040720.2|OTTHUMT00000097869.2|NOC2L-201|NOC2L|2757|protein_coding|	888	CCGCA	88.26275362318839	2.7777499999999997	0.005797681159420289	0.35	88.07	2.383	0.00465	0.06836538461538447
ENST00000327044.7|ENSG00000188976.11|OTTHUMG00000040720.2|OTTHUMT00000097869.2|NOC2L-201|NOC2L|2757|protein_coding|	889	CGCAT	97.62933333333332	5.471717391304349	0.005908863636363637	-0.355	97.935	5.324	0.005475	0.41754336562288835
ENST00000327044.7|ENSG00000188976.11|OTTHUMG00000040720.2|OTTHUMT00000097869.2|NOC2L-201|NOC2L|2757|protein_coding|	890	GCATG	79.15960526315789	2.242473684210526	0.006670400000000001	-0.5	79.31	2.254	0.00531	0.05280454657771177
ENST00000327044.7|ENSG00000188976.11|OTTHUMG00000040720.2|OTTHUMT00000097869.2|NOC2L-201|NOC2L|2757|protein_coding|	891	CATGC	77.35428571428571	2.1173370786516856	0.006169550561797753	-0.16780219780219782	76.47	2.1630000000000003	0.00531	-0.45288447580059804
ENST00000327044.7|ENSG00000188976.11|OTTHUMG00000040720.2|OTTHUMT00000097869.2|NOC2L-201|NOC2L|2757|protein_coding|	892	ATGCT	88.25610389610392	2.455947368421053	0.0046782894736842094	0.38870129870129877	88.42	2.357	0.00398	-0.2153522784597275
ENST00000327044.7|ENSG00000188976.11|OTTHUMG00000040720.2|OTTHUMT00000097869.2|NOC2L-201|NOC2L|2757|protein_coding|	893	TGCTG	104.99309090909092	4.339888888888889	0.004942407407407406	-0.46499999999999997	106.02	4.139	0.003815	0.22250391236306735
ENST00000327044.7|ENSG00000188976.11|OTTHUMG00000040720.2|OTTHUMT00000097869.2|NOC2L-201|NOC2L|2757|protein_coding|	894	GCTGC	85.03674698795182	1.9797228915662644	0.005471604938271605	0.39292682926829264	84.425	1.8525	0.00465	-0.30536038892411776
ENST00000327044.7|ENSG00000188976.11|OTTHUMG00000040720.2|OTTHUMT00000097869.2|NOC2L-201|NOC2L|2757|protein_coding|	895	CTGCT	95.45847826086958	2.6099787234042555	0.00499391304347826	-0.3489130434782609	95.74	2.459	0.00365	-0.1661409829379375
ENST00000327044.7|ENSG00000188976.11|OTTHUMG00000040720.2|OTTHUMT00000097869.2|NOC2L-201|NOC2L|2757|protein_coding|	896	TGCTC	110.87803571428572	3.7767090909090912	0.005756428571428571	0.46196428571428566	110.965	3.8200000000000003	0.00432	0.06386171574903984
ENST00000327044.7|ENSG00000188976.11|OTTHUMG00000040720.2|OTTHUMT00000097869.2|NOC2L-201|NOC2L|2757|protein_coding|	897	GCTCA	74.71948275862069	2.1154210526315795	0.005754385964912281	-0.6331034482758621	74.8	1.75	0.00465	-0.2577469990766388
ENST00000327044.7|ENSG00000188976.11|OTTHUMG00000040720.2|OTTHUMT00000097869.2|NOC2L-201|NOC2L|2757|protein_coding|	898	CTCAA	77.3330612244898	1.6562978723404258	0.004944583333333333	-0.38	77.97	1.4895	0.004815	-0.27987049028677136
ENST00000327044.7|ENSG00000188976.11|OTTHUMG00000040720.2|OTTHUMT00000097869.2|NOC2L-201|NOC2L|2757|protein_coding|	899	TCAAG	88.19116666666669	2.961150000000001	0.005576101694915254	0.8	88.83	2.936	0.00498	-0.019486754966887145
ENST00000327044.7|ENSG00000188976.11|OTTHUMG00000040720.2|OTTHUMT00000097869.2|NOC2L-201|NOC2L|2757|protein_coding|	900	CAAGA	112.84589743589743	5.02274358974359	0.005651842105263157	0.685	113.79499999999999	4.365	0.00531	0.23712896299103217
ENST00000327044.7|ENSG00000188976.11|OTTHUMG00000040720.2|OTTHUMT00000097869.2|NOC2L-201|NOC2L|2757|protein_coding|	901	AAGAG	125.66611111111109	4.1458571428571425	0.005748571428571428	0.4577777777777779	127.565	3.875	0.00498	-0.2937211000243369
ENST00000327044.7|ENSG00000188976.11|OTTHUMG00000040720.2|OTTHUMT00000097869.2|NOC2L-201|NOC2L|2757|protein_coding|	902	AGAGA	132.21625	3.9023250000000003	0.006231794871794872	0.61125	132.07	3.7035	0.005145	-0.31417838312829527
ENST00000327044.7|ENSG00000188976.11|OTTHUMG00000040720.2|OTTHUMT00000097869.2|NOC2L-201|NOC2L|2757|protein_coding|	903	GAGAA	124.84130434782607	5.506739130434783	0.005809999999999999	-0.10521739130434786	123.88	5.156	0.00531	-0.06188430486630622
ENST00000327044.7|ENSG00000188976.11|OTTHUMG00000040720.2|OTTHUMT00000097869.2|NOC2L-201|NOC2L|2757|protein_coding|	904	AGAAT	131.19441176470588	4.828782608695652	0.006865652173913043	0.46	132.44	4.252	0.00498	-0.13151391929934317
ENST00000327044.7|ENSG00000188976.11|OTTHUMG00000040720.2|OTTHUMT00000097869.2|NOC2L-201|NOC2L|2757|protein_coding|	905	GAATG	109.07365384615383	3.682264150943397	0.006119999999999999	0.88	110.295	3.3945	0.00581	0.184007765576655
ENST00000327044.7|ENSG00000188976.11|OTTHUMG00000040720.2|OTTHUMT00000097869.2|NOC2L-201|NOC2L|2757|protein_coding|	906	AATGG	91.13037735849055	4.570981818181818	0.006483454545454546	0.665	92.47	4.689	0.00465	0.18113225276015968
ENST00000327044.7|ENSG00000188976.11|OTTHUMG00000040720.2|OTTHUMT00000097869.2|NOC2L-201|NOC2L|2757|protein_coding|	907	ATGGT	96.415	3.882898550724638	0.005874927536231883	0.013285714285714297	96.61	3.478	0.00531	-0.026842468490065753
ENST00000327044.7|ENSG00000188976.11|OTTHUMG00000040720.2|OTTHUMT00000097869.2|NOC2L-201|NOC2L|2757|protein_coding|	908	TGGTG	116.75193548387098	3.771032786885246	0.006854032258064516	0.18	116.28	3.681	0.00498	0.11900082696891563
ENST00000327044.7|ENSG00000188976.11|OTTHUMG00000040720.2|OTTHUMT00000097869.2|NOC2L-201|NOC2L|2757|protein_coding|	909	GGTGA	86.86016393442625	6.471416666666666	0.006329999999999999	-0.47	88.62	4.921	0.00498	-0.33215514275885794
ENST00000327044.7|ENSG00000188976.11|OTTHUMG00000040720.2|OTTHUMT00000097869.2|NOC2L-201|NOC2L|2757|protein_coding|	910	GTGAT	106.80000000000003	3.568066666666667	0.005802954545454545	0.435	106.67	3.364	0.00498	-0.20533036377134364
ENST00000327044.7|ENSG00000188976.11|OTTHUMG00000040720.2|OTTHUMT00000097869.2|NOC2L-201|NOC2L|2757|protein_coding|	911	TGATC	119.5706896551724	4.054098360655738	0.006473333333333333	-0.8400000000000001	117.765	3.9050000000000002	0.005145	-0.20507875281260035
ENST00000327044.7|ENSG00000188976.11|OTTHUMG00000040720.2|OTTHUMT00000097869.2|NOC2L-201|NOC2L|2757|protein_coding|	912	GATCG	92.57021276595745	4.355434782608696	0.0056295744680851054	-0.33	93.04	3.89	0.00432	-0.23588863463005338
ENST00000327044.7|ENSG00000188976.11|OTTHUMG00000040720.2|OTTHUMT00000097869.2|NOC2L-201|NOC2L|2757|protein_coding|	913	ATCGT	80.81163636363635	2.4697454545454542	0.006664181818181817	0.38	81.37	2.267	0.00598	0.07380237154150193
ENST00000327044.7|ENSG00000188976.11|OTTHUMG00000040720.2|OTTHUMT00000097869.2|NOC2L-201|NOC2L|2757|protein_coding|	914	TCGTA	91.25164835164837	2.552771739130435	0.0059645161290322575	-0.15	91.02	2.362	0.00498	-0.16302565930149668
ENST00000327044.7|ENSG00000188976.11|OTTHUMG00000040720.2|OTTHUMT00000097869.2|NOC2L-201|NOC2L|2757|protein_coding|	915	CGTAT	103.28857142857143	5.303543859649123	0.004411999999999999	0.36	104.34	4.541	0.00365	-0.3804271191998689
ENST00000327044.7|ENSG00000188976.11|OTTHUMG00000040720.2|OTTHUMT00000097869.2|NOC2L-201|NOC2L|2757|protein_coding|	916	GTATG	87.37675324675325	3.37773417721519	0.005958333333333334	0.49	87.73	2.915	0.00531	0.2843095730856236
ENST00000327044.7|ENSG00000188976.11|OTTHUMG00000040720.2|OTTHUMT00000097869.2|NOC2L-201|NOC2L|2757|protein_coding|	917	TATGG	83.65314814814813	4.461320754716981	0.005088653846153845	0.585	87.37	4.0115	0.00398	0.15279606065038268
ENST00000327044.7|ENSG00000188976.11|OTTHUMG00000040720.2|OTTHUMT00000097869.2|NOC2L-201|NOC2L|2757|protein_coding|	918	ATGGA	100.35724770642203	4.037575471698113	0.0056057547169811334	-0.034999999999999996	99.89500000000001	3.9930000000000003	0.00465	0.011923677117321481
ENST00000327044.7|ENSG00000188976.11|OTTHUMG00000040720.2|OTTHUMT00000097869.2|NOC2L-201|NOC2L|2757|protein_coding|	919	TGGAG	122.75896907216494	3.033381443298969	0.010418350515463918	0.64	122.7	2.963	0.00764	-0.04309733649874794
ENST00000327044.7|ENSG00000188976.11|OTTHUMG00000040720.2|OTTHUMT00000097869.2|NOC2L-201|NOC2L|2757|protein_coding|	920	GGAGC	122.9921052631579	4.489949999999999	0.006146410256410256	0.62	123.47	3.39	0.00631	-0.2109050966608086
ENST00000327044.7|ENSG00000188976.11|OTTHUMG00000040720.2|OTTHUMT00000097869.2|NOC2L-201|NOC2L|2757|protein_coding|	921	GAGCA	106.93185185185185	3.9745189873417717	0.006096125	0.1	107.27000000000001	3.2815	0.00465	0.3160658898482688
ENST00000327044.7|ENSG00000188976.11|OTTHUMG00000040720.2|OTTHUMT00000097869.2|NOC2L-201|NOC2L|2757|protein_coding|	922	AGCAC	118.8354716981132	3.1172264150943394	0.005350588235294116	0.62	119.73	2.567	0.00398	-0.19242838987193278
ENST00000327044.7|ENSG00000188976.11|OTTHUMG00000040720.2|OTTHUMT00000097869.2|NOC2L-201|NOC2L|2757|protein_coding|	923	GCACT	78.27627450980393	3.1668846153846157	0.0067789999999999994	0.905	78.595	2.727	0.00465	0.6845130932896893
ENST00000327044.7|ENSG00000188976.11|OTTHUMG00000040720.2|OTTHUMT00000097869.2|NOC2L-201|NOC2L|2757|protein_coding|	924	CACTG	86.4951282051282	2.3616153846153853	0.0053120512820512816	0.245	86.59	2.2675	0.00498	-0.1349394195548039
ENST00000327044.7|ENSG00000188976.11|OTTHUMG00000040720.2|OTTHUMT00000097869.2|NOC2L-201|NOC2L|2757|protein_coding|	925	ACTGG	87.98322033898307	1.7137758620689656	0.00485140350877193	0.23169491525423733	87.72	1.644	0.00432	-0.39867513611615246
ENST00000327044.7|ENSG00000188976.11|OTTHUMG00000040720.2|OTTHUMT00000097869.2|NOC2L-201|NOC2L|2757|protein_coding|	926	CTGGG	104.25150000000001	3.136897435897436	0.005431025641025641	0.5707692307692308	104.41499999999999	2.8609999999999998	0.0053100000000000005	-0.21381016644174536
ENST00000327044.7|ENSG00000188976.11|OTTHUMG00000040720.2|OTTHUMT00000097869.2|NOC2L-201|NOC2L|2757|protein_coding|	927	TGGGG	112.10026315789474	4.315859649122807	0.008021711711711713	0.09552631578947367	112.03	4.371	0.00664	0.06564435780810048
ENST00000327044.7|ENSG00000188976.11|OTTHUMG00000040720.2|OTTHUMT00000097869.2|NOC2L-201|NOC2L|2757|protein_coding|	928	GGGGA	114.65475609756096	5.004158536585365	0.006934050632911392	-0.028170731707317057	115.08	4.826	0.00564	0.23559470039144817
ENST00000327044.7|ENSG00000188976.11|OTTHUMG00000040720.2|OTTHUMT00000097869.2|NOC2L-201|NOC2L|2757|protein_coding|	929	GGGAA	120.02761904761903	4.547976190476191	0.007745756097560975	-0.17676190476190476	119.95	4.135	0.00598	0.4346928045666217
ENST00000327044.7|ENSG00000188976.11|OTTHUMG00000040720.2|OTTHUMT00000097869.2|NOC2L-201|NOC2L|2757|protein_coding|	930	GGAAG	117.04666666666668	6.714155555555554	0.007258666666666667	0.06	116.05	6.6045	0.00531	0.20758193445243792
ENST00000327044.7|ENSG00000188976.11|OTTHUMG00000040720.2|OTTHUMT00000097869.2|NOC2L-201|NOC2L|2757|protein_coding|	931	GAAGA	106.69314285714286	5.054400000000001	0.005877647058823529	0.26971428571428574	108.87	5.339	0.00332	0.24492610837438464
ENST00000327044.7|ENSG00000188976.11|OTTHUMG00000040720.2|OTTHUMT00000097869.2|NOC2L-201|NOC2L|2757|protein_coding|	932	AAGAG	120.49485714285711	5.098599999999999	0.008830857142857142	-0.255	119.925	5.1315	0.00564	-0.1314139693356049
ENST00000327044.7|ENSG00000188976.11|OTTHUMG00000040720.2|OTTHUMT00000097869.2|NOC2L-201|NOC2L|2757|protein_coding|	933	AGAGT	134.37666666666667	2.5134456521739135	0.006376304347826088	1.05	135.53	2.222	0.00465	-0.5582696569114388
ENST00000327044.7|ENSG00000188976.11|OTTHUMG00000040720.2|OTTHUMT00000097869.2|NOC2L-201|NOC2L|2757|protein_coding|	934	GAGTC	116.75616279069769	5.39875294117647	0.006216904761904762	-0.1	116.94	5.238	0.00498	0.33964092833163023
ENST00000327044.7|ENSG00000188976.11|OTTHUMG00000040720.2|OTTHUMT00000097869.2|NOC2L-201|NOC2L|2757|protein_coding|	935	AGTCT	125.83763636363638	5.274618181818181	0.004892075471698114	0.5	128.005	4.503	0.004314999999999999	-0.13103489591133757
ENST00000327044.7|ENSG00000188976.11|OTTHUMG00000040720.2|OTTHUMT00000097869.2|NOC2L-201|NOC2L|2757|protein_coding|	936	GTCTC	77.03441441441444	2.0193027522935774	0.005837000000000001	0.5	77.39	1.8265	0.00465	-0.024491424012764485
ENST00000327044.7|ENSG00000188976.11|OTTHUMG00000040720.2|OTTHUMT00000097869.2|NOC2L-201|NOC2L|2757|protein_coding|	937	TCTCT	81.04108108108107	1.7949999999999997	0.006110810810810811	0.42864864864864866	80.735	1.6644999999999999	0.00432	-0.3701754385964913
ENST00000327044.7|ENSG00000188976.11|OTTHUMG00000040720.2|OTTHUMT00000097869.2|NOC2L-201|NOC2L|2757|protein_coding|	938	CTCTG	79.85171806167399	1.678951111111111	0.006571473214285715	0.355	79.96000000000001	1.6085	0.00531	-0.18891250670960813
ENST00000327044.7|ENSG00000188976.11|OTTHUMG00000040720.2|OTTHUMT00000097869.2|NOC2L-201|NOC2L|2757|protein_coding|	939	TCTGC	82.96380597014927	1.5312611940298504	0.007034545454545454	-0.3	82.74	1.478	0.00465	-0.462715370515842
ENST00000327044.7|ENSG00000188976.11|OTTHUMG00000040720.2|OTTHUMT00000097869.2|NOC2L-201|NOC2L|2757|protein_coding|	940	CTGCG	96.310875	2.981871794871794	0.006890975609756096	0.5406172839506173	96.64	2.3055	0.006144999999999999	-0.047325305152781404
ENST00000327044.7|ENSG00000188976.11|OTTHUMG00000040720.2|OTTHUMT00000097869.2|NOC2L-201|NOC2L|2757|protein_coding|	941	TGCGG	97.81714285714284	5.393962962962963	0.006515925925925925	-0.0732142857142857	100.3	4.979	0.00564	-0.35709619035006407
ENST00000327044.7|ENSG00000188976.11|OTTHUMG00000040720.2|OTTHUMT00000097869.2|NOC2L-201|NOC2L|2757|protein_coding|	942	GCGGG	86.91173333333333	3.746317567567567	0.005859530201342281	-0.095	86.995	3.5685000000000002	0.00398	-0.24772739607076974
ENST00000327044.7|ENSG00000188976.11|OTTHUMG00000040720.2|OTTHUMT00000097869.2|NOC2L-201|NOC2L|2757|protein_coding|	943	CGGGT	113.34310344827585	5.4815964912280695	0.006214561403508772	-0.18	112.67	5.272	0.00531	0.3534806151180419
ENST00000327044.7|ENSG00000188976.11|OTTHUMG00000040720.2|OTTHUMT00000097869.2|NOC2L-201|NOC2L|2757|protein_coding|	944	GGGTG	116.76712765957447	6.059925531914893	0.006776739130434783	0.19648936170212764	116.68	4.895	0.00598	0.7981974872151018
ENST00000327044.7|ENSG00000188976.11|OTTHUMG00000040720.2|OTTHUMT00000097869.2|NOC2L-201|NOC2L|2757|protein_coding|	945	GGTGC	101.72169230769231	11.520830769230768	0.0059430645161290315	0.6375384615384615	103.25	12.381	0.00432	0.1889402238628244
ENST00000327044.7|ENSG00000188976.11|OTTHUMG00000040720.2|OTTHUMT00000097869.2|NOC2L-201|NOC2L|2757|protein_coding|	946	GTGCT	91.57666666666665	2.4964215686274507	0.005991214953271028	0.3790740740740741	91.67	2.436	0.00465	-0.20242122408068666
ENST00000327044.7|ENSG00000188976.11|OTTHUMG00000040720.2|OTTHUMT00000097869.2|NOC2L-201|NOC2L|2757|protein_coding|	947	TGCTG	107.84787878787878	4.901727272727273	0.004838787878787878	-0.05090909090909092	107.9	4.864	0.00415	0.3807682458386685
ENST00000327044.7|ENSG00000188976.11|OTTHUMG00000040720.2|OTTHUMT00000097869.2|NOC2L-201|NOC2L|2757|protein_coding|	948	GCTGG	86.41142857142856	2.6271219512195123	0.004600714285714285	0.17	86.09	2.542	0.00432	-0.07820282413350448
ENST00000327044.7|ENSG00000188976.11|OTTHUMG00000040720.2|OTTHUMT00000097869.2|NOC2L-201|NOC2L|2757|protein_coding|	949	CTGGC	103.43694444444444	3.7729714285714286	0.006194	0.375	104.24000000000001	3.6135	0.00598	-0.054393125671321194
ENST00000327044.7|ENSG00000188976.11|OTTHUMG00000040720.2|OTTHUMT00000097869.2|NOC2L-201|NOC2L|2757|protein_coding|	950	TGGCT	109.2667857142857	4.415366666666666	0.0075327586206896556	0.195	109.62	4.2219999999999995	0.00664	-0.168480853735091
ENST00000327044.7|ENSG00000188976.11|OTTHUMG00000040720.2|OTTHUMT00000097869.2|NOC2L-201|NOC2L|2757|protein_coding|	951	GGCTT	110.98511627906976	5.448477011494253	0.006627588235294118	-0.415	110.55	5.551	0.00465	0.5347822567589446
ENST00000327044.7|ENSG00000188976.11|OTTHUMG00000040720.2|OTTHUMT00000097869.2|NOC2L-201|NOC2L|2757|protein_coding|	952	GCTTT	79.64574712643677	1.3866190476190476	0.005673837209302325	-0.16517241379310343	80.21	1.319	0.00465	-0.4270169224714679
ENST00000327044.7|ENSG00000188976.11|OTTHUMG00000040720.2|OTTHUMT00000097869.2|NOC2L-201|NOC2L|2757|protein_coding|	953	CTTTC	78.10488721804512	1.3076969696969696	0.006335736434108527	0.16234848484848485	78.30000000000001	1.229	0.00465	-0.33619443162590373
ENST00000327044.7|ENSG00000188976.11|OTTHUMG00000040720.2|OTTHUMT00000097869.2|NOC2L-201|NOC2L|2757|protein_coding|	954	TTTCC	74.91057692307692	1.4402884615384615	0.006590377358490565	0.385	75.535	1.2905	0.0054800000000000005	-0.30420847268673357
ENST00000327044.7|ENSG00000188976.11|OTTHUMG00000040720.2|OTTHUMT00000097869.2|NOC2L-201|NOC2L|2757|protein_coding|	955	TTCCT	66.77354838709678	1.5193170731707317	0.006375737704918034	0.13	71.525	1.4849999999999999	0.00465	-0.3394273594909862
ENST00000327044.7|ENSG00000188976.11|OTTHUMG00000040720.2|OTTHUMT00000097869.2|NOC2L-201|NOC2L|2757|protein_coding|	956	TCCTG	70.18116666666667	1.4163898305084746	0.0063586440677966104	-0.4	70.18	1.359	0.00598	-0.3972809231878832
ENST00000327044.7|ENSG00000188976.11|OTTHUMG00000040720.2|OTTHUMT00000097869.2|NOC2L-201|NOC2L|2757|protein_coding|	957	CCTGG	87.30953488372094	2.4495227272727274	0.0052346511627906975	-0.245	86.995	2.377	0.00498	inf
ENST00000327044.7|ENSG00000188976.11|OTTHUMG00000040720.2|OTTHUMT00000097869.2|NOC2L-201|NOC2L|2757|protein_coding|	958	CTGGT	105.20978723404255	3.8755053763440857	0.006432688172043011	-0.025	105.095	3.3339999999999996	0.00531	inf
ENST00000327044.7|ENSG00000188976.11|OTTHUMG00000040720.2|OTTHUMT00000097869.2|NOC2L-201|NOC2L|2757|protein_coding|	959	TGGTC	116.53967741935485	3.6728709677419347	0.005855901639344262	0.58	116.79	3.011	0.00432	0.08987269072460966
ENST00000327044.7|ENSG00000188976.11|OTTHUMG00000040720.2|OTTHUMT00000097869.2|NOC2L-201|NOC2L|2757|protein_coding|	960	GGTCC	115.12885714285714	6.1104594594594595	0.007124285714285713	0.11	115.76	5.985	0.00498	0.006665479317868067
ENST00000327044.7|ENSG00000188976.11|OTTHUMG00000040720.2|OTTHUMT00000097869.2|NOC2L-201|NOC2L|2757|protein_coding|	961	GTCCT	69.09441666666665	1.444584745762712	0.00710635593220339	-0.39	68.99	1.283	0.00531	-0.3719196757553426
ENST00000327044.7|ENSG00000188976.11|OTTHUMG00000040720.2|OTTHUMT00000097869.2|NOC2L-201|NOC2L|2757|protein_coding|	962	TCCTC	71.24702702702702	1.459684210526316	0.00587078947368421	0.19	71.15	1.391	0.00498	-0.37885778275475923
ENST00000327044.7|ENSG00000188976.11|OTTHUMG00000040720.2|OTTHUMT00000097869.2|NOC2L-201|NOC2L|2757|protein_coding|	963	CCTCA	73.863	1.8554193548387095	0.004721935483870967	-0.265	73.045	1.528	0.00398	-0.3489756649688739
ENST00000327044.7|ENSG00000188976.11|OTTHUMG00000040720.2|OTTHUMT00000097869.2|NOC2L-201|NOC2L|2757|protein_coding|	964	CTCAG	79.25466666666667	1.7205593220338986	0.005892033898305084	0.5974999999999999	79.84	1.6255000000000002	0.004484999999999999	-0.2519307295504788
ENST00000327044.7|ENSG00000188976.11|OTTHUMG00000040720.2|OTTHUMT00000097869.2|NOC2L-201|NOC2L|2757|protein_coding|	965	TCAGC	91.2709375	2.0869090909090913	0.005725384615384614	0.2	91.6	1.898	0.00465	-0.5899982139667796
ENST00000327044.7|ENSG00000188976.11|OTTHUMG00000040720.2|OTTHUMT00000097869.2|NOC2L-201|NOC2L|2757|protein_coding|	966	CAGCA	107.10910256410254	3.384441558441559	0.005997466666666666	-0.08	107.67	2.833	0.00432	0.12067601272899305
ENST00000327044.7|ENSG00000188976.11|OTTHUMG00000040720.2|OTTHUMT00000097869.2|NOC2L-201|NOC2L|2757|protein_coding|	967	AGCAG	112.09954545454546	4.118377777777778	0.006114418604651162	0.05	112.43	3.816	0.00531	0.06693724812895804
ENST00000327044.7|ENSG00000188976.11|OTTHUMG00000040720.2|OTTHUMT00000097869.2|NOC2L-201|NOC2L|2757|protein_coding|	968	GCAGA	102.43555555555557	5.000259259259259	0.007278076923076924	0.38	102.56	4.114	0.00531	-0.017630793858691686
ENST00000327044.7|ENSG00000188976.11|OTTHUMG00000040720.2|OTTHUMT00000097869.2|NOC2L-201|NOC2L|2757|protein_coding|	969	CAGAG	112.945	3.9615806451612903	0.005729677419354839	0.821875	110.49000000000001	3.842	0.00564	-0.32511402978512943
ENST00000327044.7|ENSG00000188976.11|OTTHUMG00000040720.2|OTTHUMT00000097869.2|NOC2L-201|NOC2L|2757|protein_coding|	970	AGAGT	128.1065811965812	4.345779661016948	0.00835956896551724	0.03	128.15	3.59	0.00664	-0.23624259033094064
ENST00000327044.7|ENSG00000188976.11|OTTHUMG00000040720.2|OTTHUMT00000097869.2|NOC2L-201|NOC2L|2757|protein_coding|	971	GAGTC	117.8560759493671	6.480151898734177	0.006299210526315789	0.05594936708860759	118.5	6.685	0.00465	0.6079781386437163
ENST00000327044.7|ENSG00000188976.11|OTTHUMG00000040720.2|OTTHUMT00000097869.2|NOC2L-201|NOC2L|2757|protein_coding|	972	AGTCT	125.20857142857143	5.824423529411764	0.00598390243902439	-0.015595238095238117	125.24	5.63	0.00531	-0.040457408663630415
ENST00000327044.7|ENSG00000188976.11|OTTHUMG00000040720.2|OTTHUMT00000097869.2|NOC2L-201|NOC2L|2757|protein_coding|	973	GTCTG	77.74867647058824	2.363102941176471	0.005623823529411764	0.11499999999999999	77.745	1.958	0.00465	0.14159562375674936
ENST00000327044.7|ENSG00000188976.11|OTTHUMG00000040720.2|OTTHUMT00000097869.2|NOC2L-201|NOC2L|2757|protein_coding|	974	TCTGC	83.07208333333334	2.003851063829787	0.005243333333333333	-0.54	81.77	2.107	0.00465	-0.29689436356849586
ENST00000327044.7|ENSG00000188976.11|OTTHUMG00000040720.2|OTTHUMT00000097869.2|NOC2L-201|NOC2L|2757|protein_coding|	975	CTGCC	92.83356321839081	2.1753563218390806	0.005842183908045977	0.495	92.85	2.0385	0.004815	-0.3049979802431052
ENST00000327044.7|ENSG00000188976.11|OTTHUMG00000040720.2|OTTHUMT00000097869.2|NOC2L-201|NOC2L|2757|protein_coding|	976	TGCCG	101.30599999999997	4.647181818181818	0.007218837209302323	-0.18599999999999997	101.3	4.867	0.00498	0.41251726996407845
ENST00000327044.7|ENSG00000188976.11|OTTHUMG00000040720.2|OTTHUMT00000097869.2|NOC2L-201|NOC2L|2757|protein_coding|	977	GCCGG	74.8929292929293	2.2428299999999997	0.005464183673469388	-0.27	74.74000000000001	2.051	0.00432	-0.19322661870503605
ENST00000327044.7|ENSG00000188976.11|OTTHUMG00000040720.2|OTTHUMT00000097869.2|NOC2L-201|NOC2L|2757|protein_coding|	978	CCGGC	95.00945652173914	3.4075591397849463	0.006507222222222223	0.0036956521739130443	94.05	3.3605	0.00598	-0.31575117675001085
ENST00000327044.7|ENSG00000188976.11|OTTHUMG00000040720.2|OTTHUMT00000097869.2|NOC2L-201|NOC2L|2757|protein_coding|	979	CGGCA	107.36137931034482	3.626533333333334	0.006361290322580645	0.5	109.69	2.362	0.00498	-0.31703703703703684
ENST00000327044.7|ENSG00000188976.11|OTTHUMG00000040720.2|OTTHUMT00000097869.2|NOC2L-201|NOC2L|2757|protein_coding|	980	GGCAC	109.575	4.203094594594595	0.007308513513513512	-0.3364864864864865	109.7	4.22	0.00564	0.08888460999859978
ENST00000327044.7|ENSG00000188976.11|OTTHUMG00000040720.2|OTTHUMT00000097869.2|NOC2L-201|NOC2L|2757|protein_coding|	981	GCACA	74.14915254237287	1.6983389830508477	0.005345172413793103	0.40542372881355937	74.205	1.424	0.004815	-0.09662820050486817
ENST00000327044.7|ENSG00000188976.11|OTTHUMG00000040720.2|OTTHUMT00000097869.2|NOC2L-201|NOC2L|2757|protein_coding|	982	CACAA	82.81734939759036	2.1126746987951806	0.006015421686746987	0.2	82.61	1.839	0.00498	-0.3356368871713269
ENST00000327044.7|ENSG00000188976.11|OTTHUMG00000040720.2|OTTHUMT00000097869.2|NOC2L-201|NOC2L|2757|protein_coding|	983	ACAAG	81.46777777777777	2.89725	0.004420571428571427	0.48	80.26	2.462	0.00365	-0.040645695364238385
ENST00000327044.7|ENSG00000188976.11|OTTHUMG00000040720.2|OTTHUMT00000097869.2|NOC2L-201|NOC2L|2757|protein_coding|	984	CAAGA	111.45508771929823	4.244357142857142	0.006382982456140351	0.31	111.94999999999999	4.1065000000000005	0.005145	0.04540816326530602
ENST00000327044.7|ENSG00000188976.11|OTTHUMG00000040720.2|OTTHUMT00000097869.2|NOC2L-201|NOC2L|2757|protein_coding|	985	AAGAA	119.60571428571431	5.900805555555555	0.007825999999999998	0.02	122.0	4.724	0.006144999999999999	0.005247965171304141
ENST00000327044.7|ENSG00000188976.11|OTTHUMG00000040720.2|OTTHUMT00000097869.2|NOC2L-201|NOC2L|2757|protein_coding|	986	AGAAG	124.80222222222223	5.805739130434782	0.006846222222222221	0.25	125.255	4.9845	0.0053100000000000005	0.04419768532999685
ENST00000327044.7|ENSG00000188976.11|OTTHUMG00000040720.2|OTTHUMT00000097869.2|NOC2L-201|NOC2L|2757|protein_coding|	987	GAAGG	104.14873239436618	3.948563380281691	0.0059328571428571425	-0.05	104.59	3.273	0.00465	-0.027447443280371565
ENST00000327044.7|ENSG00000188976.11|OTTHUMG00000040720.2|OTTHUMT00000097869.2|NOC2L-201|NOC2L|2757|protein_coding|	988	AAGGA	112.638	5.9077755102040825	0.007940816326530611	-0.1312	110.345	5.296	0.00631	-0.2464572053311119
ENST00000327044.7|ENSG00000188976.11|OTTHUMG00000040720.2|OTTHUMT00000097869.2|NOC2L-201|NOC2L|2757|protein_coding|	989	AGGAC	115.35954198473283	6.186834586466165	0.006786124031007752	0.1	115.55000000000001	6.133	0.00465	0.9516828348473706
ENST00000327044.7|ENSG00000188976.11|OTTHUMG00000040720.2|OTTHUMT00000097869.2|NOC2L-201|NOC2L|2757|protein_coding|	990	GGACA	118.30653061224488	7.1589	0.005305000000000001	0.27	119.745	6.7515	0.004484999999999999	0.49455114822546975
ENST00000327044.7|ENSG00000188976.11|OTTHUMG00000040720.2|OTTHUMT00000097869.2|NOC2L-201|NOC2L|2757|protein_coding|	991	GACAC	86.46461538461539	2.9905882352941178	0.004661764705882353	0.55	86.705	2.545	0.00432	-0.05956344802071773
ENST00000327044.7|ENSG00000188976.11|OTTHUMG00000040720.2|OTTHUMT00000097869.2|NOC2L-201|NOC2L|2757|protein_coding|	992	ACACT	76.3315037593985	1.383735294117647	0.006497080291970803	-0.45	76.38499999999999	1.3205	0.00564	-0.26397058823529407
ENST00000327044.7|ENSG00000188976.11|OTTHUMG00000040720.2|OTTHUMT00000097869.2|NOC2L-201|NOC2L|2757|protein_coding|	993	CACTT	84.36999999999999	1.86532	0.0045276	-0.19730769230769235	84.04499999999999	1.6219999999999999	0.00398	-0.3167326007326007
ENST00000327044.7|ENSG00000188976.11|OTTHUMG00000040720.2|OTTHUMT00000097869.2|NOC2L-201|NOC2L|2757|protein_coding|	994	ACTTT	81.83244444444445	1.4701111111111111	0.0067951111111111085	-0.08	82.105	1.526	0.00564	-0.39251606978879705
ENST00000327044.7|ENSG00000188976.11|OTTHUMG00000040720.2|OTTHUMT00000097869.2|NOC2L-201|NOC2L|2757|protein_coding|	995	CTTTC	77.96373913043479	1.2188141592920354	0.006576756756756758	0.09373913043478259	77.75	1.215	0.00531	-0.3813126094964287
ENST00000327044.7|ENSG00000188976.11|OTTHUMG00000040720.2|OTTHUMT00000097869.2|NOC2L-201|NOC2L|2757|protein_coding|	996	TTTCC	75.13132352941176	1.2399558823529413	0.005722985074626865	-0.05529411764705883	75.0	1.211	0.00498	-0.4009874964478544
ENST00000327044.7|ENSG00000188976.11|OTTHUMG00000040720.2|OTTHUMT00000097869.2|NOC2L-201|NOC2L|2757|protein_coding|	997	TTCCT	70.65259615384616	1.2818490566037737	0.006213867924528302	-0.12	71.29	1.199	0.00531	-0.4426743232157505
ENST00000327044.7|ENSG00000188976.11|OTTHUMG00000040720.2|OTTHUMT00000097869.2|NOC2L-201|NOC2L|2757|protein_coding|	998	TCCTT	73.02304347826087	1.2915333333333334	0.006469777777777776	-0.09021739130434782	73.13499999999999	1.206	0.0054800000000000005	-0.4504113475177305
ENST00000327044.7|ENSG00000188976.11|OTTHUMG00000040720.2|OTTHUMT00000097869.2|NOC2L-201|NOC2L|2757|protein_coding|	999	CCTTG	78.32795918367347	1.9523673469387754	0.005110833333333333	0.2708163265306123	77.69	1.916	0.00365	-0.19323663349637377
ENST00000327044.7|ENSG00000188976.11|OTTHUMG00000040720.2|OTTHUMT00000097869.2|NOC2L-201|NOC2L|2757|protein_coding|	1000	CTTGG	86.98142857142858	1.9575901639344262	0.005616774193548385	-0.705	85.89	1.777	0.00432	-0.26128673059078256
ENST00000327044.7|ENSG00000188976.11|OTTHUMG00000040720.2|OTTHUMT00000097869.2|NOC2L-201|NOC2L|2757|protein_coding|	1001	TTGGC	99.14368421052633	4.936230769230769	0.008282894736842105	0.12	100.99	5.077	0.00797	0.23715056872951598
ENST00000327044.7|ENSG00000188976.11|OTTHUMG00000040720.2|OTTHUMT00000097869.2|NOC2L-201|NOC2L|2757|protein_coding|	1002	TGGCC	102.31272727272726	4.093272727272727	0.005672727272727273	-0.20363636363636364	101.24	4.572	0.00398	-0.2291388460879986
ENST00000327044.7|ENSG00000188976.11|OTTHUMG00000040720.2|OTTHUMT00000097869.2|NOC2L-201|NOC2L|2757|protein_coding|	1003	GGCCC	94.40773584905659	4.449735849056604	0.006073333333333333	0.01	103.88	4.511	0.00465	0.35250329758559396
ENST00000327044.7|ENSG00000188976.11|OTTHUMG00000040720.2|OTTHUMT00000097869.2|NOC2L-201|NOC2L|2757|protein_coding|	1004	GCCCC	63.62625	2.8702399999999995	0.0057767999999999995	-0.54	63.45	2.264	0.00531	0.38658937198067617
ENST00000327044.7|ENSG00000188976.11|OTTHUMG00000040720.2|OTTHUMT00000097869.2|NOC2L-201|NOC2L|2757|protein_coding|	1005	CCCCG	62.19576923076923	1.3489622641509436	0.003875576923076922	-0.405	62.355000000000004	1.2865	0.00299	-0.34832740862273254
ENST00000327044.7|ENSG00000188976.11|OTTHUMG00000040720.2|OTTHUMT00000097869.2|NOC2L-201|NOC2L|2757|protein_coding|	1006	CCCGT	78.2573333333333	1.9529555555555558	0.005025	0.07177777777777777	79.495	1.7885	0.00398	-0.2974980015987209
ENST00000327044.7|ENSG00000188976.11|OTTHUMG00000040720.2|OTTHUMT00000097869.2|NOC2L-201|NOC2L|2757|protein_coding|	1007	CCGTC	88.56344086021505	2.2862111111111107	0.005736451612903226	-0.10500000000000001	88.66499999999999	2.223	0.004815	-0.25042258652094723
ENST00000327044.7|ENSG00000188976.11|OTTHUMG00000040720.2|OTTHUMT00000097869.2|NOC2L-201|NOC2L|2757|protein_coding|	1008	CGTCC	97.44732142857143	7.572232142857142	0.007748035714285714	-0.595	97.33500000000001	7.657	0.005645	0.24748470228288985
ENST00000327044.7|ENSG00000188976.11|OTTHUMG00000040720.2|OTTHUMT00000097869.2|NOC2L-201|NOC2L|2757|protein_coding|	1009	GTCCT	70.05940000000001	1.622979591836735	0.004640408163265307	-0.06680000000000001	70.24	1.286	0.00398	-0.29435669920141955
ENST00000327044.7|ENSG00000188976.11|OTTHUMG00000040720.2|OTTHUMT00000097869.2|NOC2L-201|NOC2L|2757|protein_coding|	1010	TCCTC	71.88730769230769	1.1372830188679248	0.004609811320754716	0.37	71.95	1.127	0.00365	-0.5160497792051384
ENST00000327044.7|ENSG00000188976.11|OTTHUMG00000040720.2|OTTHUMT00000097869.2|NOC2L-201|NOC2L|2757|protein_coding|	1011	CCTCA	74.35120689655172	1.2887368421052634	0.005380344827586206	0.01	74.29	1.286	0.00398	-0.5478116343490304
ENST00000327044.7|ENSG00000188976.11|OTTHUMG00000040720.2|OTTHUMT00000097869.2|NOC2L-201|NOC2L|2757|protein_coding|	1012	CTCAA	79.1743956043956	1.3580666666666668	0.005230555555555556	-0.05	78.95	1.365	0.00432	-0.4095362318840579
ENST00000327044.7|ENSG00000188976.11|OTTHUMG00000040720.2|OTTHUMT00000097869.2|NOC2L-201|NOC2L|2757|protein_coding|	1013	TCAAG	87.02004347826087	1.9635260869565216	0.006737869565217392	0.435	87.29499999999999	1.964	0.00564	-0.34982579902101935
ENST00000327044.7|ENSG00000188976.11|OTTHUMG00000040720.2|OTTHUMT00000097869.2|NOC2L-201|NOC2L|2757|protein_coding|	1014	CAAGC	100.4364864864865	4.26892105263158	0.006334864864864864	-0.325	100.94	4.768	0.005475	0.05145838734767984
ENST00000327044.7|ENSG00000188976.11|OTTHUMG00000040720.2|OTTHUMT00000097869.2|NOC2L-201|NOC2L|2757|protein_coding|	1015	AAGCA	108.2144827586207	3.9472666666666667	0.005998999999999999	0.96	108.35	3.598	0.00531	0.3070419426048565
ENST00000327044.7|ENSG00000188976.11|OTTHUMG00000040720.2|OTTHUMT00000097869.2|NOC2L-201|NOC2L|2757|protein_coding|	1016	AGCAA	116.06409836065573	3.615934426229508	0.0064708474576271185	0.165	115.92500000000001	3.0275	0.00631	-0.06322942325660415
ENST00000327044.7|ENSG00000188976.11|OTTHUMG00000040720.2|OTTHUMT00000097869.2|NOC2L-201|NOC2L|2757|protein_coding|	1017	GCAAA	89.95365853658537	2.7070000000000003	0.0050125000000000005	1.3770731707317074	89.985	2.4370000000000003	0.00465	-0.10364238410596018
ENST00000327044.7|ENSG00000188976.11|OTTHUMG00000040720.2|OTTHUMT00000097869.2|NOC2L-201|NOC2L|2757|protein_coding|	1018	CAAAT	112.19189189189187	3.1755263157894733	0.005570540540540541	0.93	112.54	2.655	0.00398	0.1848978790259228
ENST00000327044.7|ENSG00000188976.11|OTTHUMG00000040720.2|OTTHUMT00000097869.2|NOC2L-201|NOC2L|2757|protein_coding|	1019	AAATG	113.14032258064516	3.532129032258065	0.0054478688524590155	0.9	114.36	3.18	0.00465	0.13573280780002092
ENST00000327044.7|ENSG00000188976.11|OTTHUMG00000040720.2|OTTHUMT00000097869.2|NOC2L-201|NOC2L|2757|protein_coding|	1020	AATGT	77.79642857142858	3.4160975609756097	0.0070914285714285714	-0.84	77.77	3.256	0.00531	-0.11728745194428693
ENST00000327044.7|ENSG00000188976.11|OTTHUMG00000040720.2|OTTHUMT00000097869.2|NOC2L-201|NOC2L|2757|protein_coding|	1021	ATGTA	89.60977272727271	3.7979772727272727	0.005598181818181818	0.09	88.94	3.305	0.00531	0.004755892255892301
ENST00000327044.7|ENSG00000188976.11|OTTHUMG00000040720.2|OTTHUMT00000097869.2|NOC2L-201|NOC2L|2757|protein_coding|	1022	TGTAC	107.46548387096773	9.33258064516129	0.004515	-0.5954838709677419	108.94	9.52	0.00398	0.09025474826650576
ENST00000327044.7|ENSG00000188976.11|OTTHUMG00000040720.2|OTTHUMT00000097869.2|NOC2L-201|NOC2L|2757|protein_coding|	1023	GTACA	76.25209302325582	2.080295454545455	0.006194090909090908	0.51	77.32	1.8195000000000001	0.00531	-0.00938311688311668
ENST00000327044.7|ENSG00000188976.11|OTTHUMG00000040720.2|OTTHUMT00000097869.2|NOC2L-201|NOC2L|2757|protein_coding|	1024	TACAT	83.39842857142857	2.1693043478260865	0.004989130434782608	-0.03	83.03	2.003	0.00398	-0.3178288214383376
ENST00000327044.7|ENSG00000188976.11|OTTHUMG00000040720.2|OTTHUMT00000097869.2|NOC2L-201|NOC2L|2757|protein_coding|	1025	ACATC	79.66773722627737	1.556235294117647	0.0055887218045112775	0.32	79.6	1.503	0.004484999999999999	-0.26937310135321735
ENST00000327044.7|ENSG00000188976.11|OTTHUMG00000040720.2|OTTHUMT00000097869.2|NOC2L-201|NOC2L|2757|protein_coding|	1026	CATCA	88.79362068965517	2.5934363636363633	0.005085438596491227	0.31	89.09	2.429	0.00465	-0.5450111642743223
ENST00000327044.7|ENSG00000188976.11|OTTHUMG00000040720.2|OTTHUMT00000097869.2|NOC2L-201|NOC2L|2757|protein_coding|	1027	ATCAC	80.17209677419356	1.8613387096774188	0.006164166666666666	0.59	80.2	1.862	0.00531	-0.19072230014025265
ENST00000327044.7|ENSG00000188976.11|OTTHUMG00000040720.2|OTTHUMT00000097869.2|NOC2L-201|NOC2L|2757|protein_coding|	1028	TCACG	75.57985401459852	1.8133093525179858	0.007087391304347827	0.11	75.84	1.711	0.00531	-0.03547374866064582
ENST00000327044.7|ENSG00000188976.11|OTTHUMG00000040720.2|OTTHUMT00000097869.2|NOC2L-201|NOC2L|2757|protein_coding|	1029	CACGT	84.3631914893617	2.509326530612245	0.007384285714285714	1.3050000000000002	85.045	2.526	0.005974999999999999	inf
ENST00000327044.7|ENSG00000188976.11|OTTHUMG00000040720.2|OTTHUMT00000097869.2|NOC2L-201|NOC2L|2757|protein_coding|	1030	ACGTA	98.58260869565216	5.089895833333333	0.00817255319148936	-0.5	97.755	5.227	0.006475	0.6688183060109291
ENST00000327044.7|ENSG00000188976.11|OTTHUMG00000040720.2|OTTHUMT00000097869.2|NOC2L-201|NOC2L|2757|protein_coding|	1031	CGTAT	96.54190476190476	4.714214285714286	0.005765121951219512	-0.215	97.66499999999999	4.49	0.00564	-0.4492740320427236
ENST00000327044.7|ENSG00000188976.11|OTTHUMG00000040720.2|OTTHUMT00000097869.2|NOC2L-201|NOC2L|2757|protein_coding|	1032	GTATG	88.07851351351353	2.8825135135135134	0.005938493150684932	0.5	88.24	2.754	0.00398	0.0960127427808036
ENST00000327044.7|ENSG00000188976.11|OTTHUMG00000040720.2|OTTHUMT00000097869.2|NOC2L-201|NOC2L|2757|protein_coding|	1033	TATGT	76.4031914893617	2.6580212765957447	0.006533829787234042	-0.475	77.20500000000001	2.6035	0.00564	-0.31317279674528564
ENST00000327044.7|ENSG00000188976.11|OTTHUMG00000040720.2|OTTHUMT00000097869.2|NOC2L-201|NOC2L|2757|protein_coding|	1034	ATGTG	87.83036363636361	3.781236363636364	0.005791111111111109	0.1525454545454545	88.24000000000001	3.4604999999999997	0.00432	0.00032708032708046194
ENST00000327044.7|ENSG00000188976.11|OTTHUMG00000040720.2|OTTHUMT00000097869.2|NOC2L-201|NOC2L|2757|protein_coding|	1035	TGTGA	87.18358974358975	3.4397631578947365	0.006155675675675675	-0.613076923076923	89.3	3.016	0.00531	-0.6450192819510076
ENST00000327044.7|ENSG00000188976.11|OTTHUMG00000040720.2|OTTHUMT00000097869.2|NOC2L-201|NOC2L|2757|protein_coding|	1036	GTGAG	98.99276595744682	3.734466666666667	0.006481304347826086	-0.16	98.32	3.508	0.00598	-0.16827023014105416
ENST00000327044.7|ENSG00000188976.11|OTTHUMG00000040720.2|OTTHUMT00000097869.2|NOC2L-201|NOC2L|2757|protein_coding|	1037	TGAGG	114.92385714285714	6.319416666666666	0.006981830985915493	0.095	114.96000000000001	6.3870000000000005	0.00531	0.11061804335090787
ENST00000327044.7|ENSG00000188976.11|OTTHUMG00000040720.2|OTTHUMT00000097869.2|NOC2L-201|NOC2L|2757|protein_coding|	1038	GAGGA	111.91551724137933	5.300137931034483	0.004149642857142857	-0.42	108.21	5.134	0.00332	-0.32396199859254043
ENST00000327044.7|ENSG00000188976.11|OTTHUMG00000040720.2|OTTHUMT00000097869.2|NOC2L-201|NOC2L|2757|protein_coding|	1039	AGGAA	117.26460992907802	5.4470354609929075	0.007647913669064747	-0.04574468085106384	118.0	5.048	0.00598	0.7183077164015481
ENST00000327044.7|ENSG00000188976.11|OTTHUMG00000040720.2|OTTHUMT00000097869.2|NOC2L-201|NOC2L|2757|protein_coding|	1040	GGAAC	123.71791666666667	6.964148648648648	0.006648888888888889	0.26430555555555557	123.75	7.3925	0.00465	0.2525447209799728
ENST00000327044.7|ENSG00000188976.11|OTTHUMG00000040720.2|OTTHUMT00000097869.2|NOC2L-201|NOC2L|2757|protein_coding|	1041	GAACT	101.7123076923077	3.614710526315789	0.0062086486486486485	0.21102564102564103	102.09	3.218	0.00531	0.0477421815408083
ENST00000327044.7|ENSG00000188976.11|OTTHUMG00000040720.2|OTTHUMT00000097869.2|NOC2L-201|NOC2L|2757|protein_coding|	1042	AACTG	92.7852380952381	2.4550317460317457	0.007173680000000001	-0.05809523809523808	92.9	2.211	0.00564	-0.1007209721495437
ENST00000327044.7|ENSG00000188976.11|OTTHUMG00000040720.2|OTTHUMT00000097869.2|NOC2L-201|NOC2L|2757|protein_coding|	1043	ACTGC	85.97765625	2.171769230769231	0.0054279365079365075	0.09	86.45	2.085	0.00465	-0.23797570850202418
ENST00000327044.7|ENSG00000188976.11|OTTHUMG00000040720.2|OTTHUMT00000097869.2|NOC2L-201|NOC2L|2757|protein_coding|	1044	CTGCA	96.75736842105262	2.207904761904762	0.006403795180722891	0.64	97.315	2.117	0.004815	-0.29459911760231244
ENST00000327044.7|ENSG00000188976.11|OTTHUMG00000040720.2|OTTHUMT00000097869.2|NOC2L-201|NOC2L|2757|protein_coding|	1045	TGCAA	105.82693548387097	5.5600625	0.006473225806451612	-0.010000000000000002	105.035	5.2775	0.00531	0.4404306994818653
ENST00000327044.7|ENSG00000188976.11|OTTHUMG00000040720.2|OTTHUMT00000097869.2|NOC2L-201|NOC2L|2757|protein_coding|	1046	GCAAG	83.72191176470588	2.6798307692307692	0.005146060606060607	0.525	83.87	2.3834999999999997	0.00432	-0.11263881813550689
ENST00000327044.7|ENSG00000188976.11|OTTHUMG00000040720.2|OTTHUMT00000097869.2|NOC2L-201|NOC2L|2757|protein_coding|	1047	CAAGT	104.46153846153844	3.9911538461538454	0.00844392156862745	0.135	105.17500000000001	3.857	0.007305	inf
ENST00000327044.7|ENSG00000188976.11|OTTHUMG00000040720.2|OTTHUMT00000097869.2|NOC2L-201|NOC2L|2757|protein_coding|	1048	AAGTT	122.04605633802818	4.863253521126762	0.008437999999999998	0.5084507042253522	123.145	4.026	0.0073	0.20676266032922117
ENST00000327044.7|ENSG00000188976.11|OTTHUMG00000040720.2|OTTHUMT00000097869.2|NOC2L-201|NOC2L|2757|protein_coding|	1049	AGTTC	109.04137931034482	8.889133333333335	0.006046428571428571	-1.54	107.56	9.099	0.004484999999999999	0.18680017801513152
ENST00000327044.7|ENSG00000188976.11|OTTHUMG00000040720.2|OTTHUMT00000097869.2|NOC2L-201|NOC2L|2757|protein_coding|	1050	GTTCA	76.77596774193547	1.4379833333333336	0.007619841269841269	-0.0019354838709677365	76.67	1.378	0.00564	-0.3053220611916262
ENST00000327044.7|ENSG00000188976.11|OTTHUMG00000040720.2|OTTHUMT00000097869.2|NOC2L-201|NOC2L|2757|protein_coding|	1051	TTCAC	78.78000000000002	1.2704222222222223	0.006315333333333333	0.69	78.965	1.194	0.00531	-0.4476425120772946
ENST00000327044.7|ENSG00000188976.11|OTTHUMG00000040720.2|OTTHUMT00000097869.2|NOC2L-201|NOC2L|2757|protein_coding|	1052	TCACC	74.22714285714287	1.088285714285714	0.006666349206349206	0.0	74.435	1.0830000000000002	0.004815	inf
ENST00000327044.7|ENSG00000188976.11|OTTHUMG00000040720.2|OTTHUMT00000097869.2|NOC2L-201|NOC2L|2757|protein_coding|	1053	CACCT	70.53848484848484	1.31659375	0.0070540625	-0.57	72.35	1.376	0.00697	inf
ENST00000327044.7|ENSG00000188976.11|OTTHUMG00000040720.2|OTTHUMT00000097869.2|NOC2L-201|NOC2L|2757|protein_coding|	1054	ACCTC	69.42445652173913	1.3495405405405407	0.007237967032967033	-0.08	69.17	1.386	0.00598	-0.4257274295572167
ENST00000327044.7|ENSG00000188976.11|OTTHUMG00000040720.2|OTTHUMT00000097869.2|NOC2L-201|NOC2L|2757|protein_coding|	1055	CCTCG	74.57372093023255	1.2324047619047616	0.007390952380952382	-0.11860465116279069	74.77	1.254	0.00598	-0.5675772765246451
ENST00000327044.7|ENSG00000188976.11|OTTHUMG00000040720.2|OTTHUMT00000097869.2|NOC2L-201|NOC2L|2757|protein_coding|	1056	CTCGC	79.51148148148148	1.6832452830188678	0.006213773584905658	-0.14	79.28	1.704	0.00531	-0.26815422477440526
ENST00000327044.7|ENSG00000188976.11|OTTHUMG00000040720.2|OTTHUMT00000097869.2|NOC2L-201|NOC2L|2757|protein_coding|	1057	TCGCC	86.7907894736842	2.1727631578947366	0.004935526315789473	0.81	87.13	2.099	0.00432	-0.16432186234817825
ENST00000327044.7|ENSG00000188976.11|OTTHUMG00000040720.2|OTTHUMT00000097869.2|NOC2L-201|NOC2L|2757|protein_coding|	1058	CGCCT	95.88747572815534	4.083631067961165	0.0067184158415841575	-0.2	95.87	4.08	0.00564	0.24122524862041492
ENST00000327044.7|ENSG00000188976.11|OTTHUMG00000040720.2|OTTHUMT00000097869.2|NOC2L-201|NOC2L|2757|protein_coding|	1059	GCCTG	70.60204545454545	1.6281136363636364	0.006597954545454546	0.22	70.605	1.5205	0.00564	-0.3071856866537718
ENST00000327044.7|ENSG00000188976.11|OTTHUMG00000040720.2|OTTHUMT00000097869.2|NOC2L-201|NOC2L|2757|protein_coding|	1060	CCTGG	89.5022448979592	2.5302244897959185	0.005456875	0.3336734693877551	89.14	2.457	0.00432	-0.1122019334049409
ENST00000327044.7|ENSG00000188976.11|OTTHUMG00000040720.2|OTTHUMT00000097869.2|NOC2L-201|NOC2L|2757|protein_coding|	1061	CTGGT	105.60020833333333	3.0144583333333332	0.004994468085106382	0.16	105.69	2.769	0.00465	-0.24449665831244785
ENST00000327044.7|ENSG00000188976.11|OTTHUMG00000040720.2|OTTHUMT00000097869.2|NOC2L-201|NOC2L|2757|protein_coding|	1062	TGGTG	116.03794871794871	7.71405	0.0075139473684210515	0.26	116.61500000000001	6.4670000000000005	0.00647	1.2890356083086054
ENST00000327044.7|ENSG00000188976.11|OTTHUMG00000040720.2|OTTHUMT00000097869.2|NOC2L-201|NOC2L|2757|protein_coding|	1063	GGTGC	89.34836734693879	12.953	0.005629999999999999	-0.34510204081632656	87.29	12.557	0.00432	0.3367389060887513
ENST00000327044.7|ENSG00000188976.11|OTTHUMG00000040720.2|OTTHUMT00000097869.2|NOC2L-201|NOC2L|2757|protein_coding|	1064	GTGCC	82.81396226415092	5.623759259259257	0.006409807692307692	-0.24	82.42	2.743	0.00498	0.7967281978464081
ENST00000327044.7|ENSG00000188976.11|OTTHUMG00000040720.2|OTTHUMT00000097869.2|NOC2L-201|NOC2L|2757|protein_coding|	1065	TGCCC	100.1775	4.835815789473684	0.003780000000000001	-0.42000000000000004	99.85	4.805	0.00332	0.4698528235482322
ENST00000327044.7|ENSG00000188976.11|OTTHUMG00000040720.2|OTTHUMT00000097869.2|NOC2L-201|NOC2L|2757|protein_coding|	1066	GCCCT	63.98367647058824	1.9815076923076924	0.005307313432835821	-0.8927941176470588	63.72	1.6880000000000002	0.00465	-0.04274990709773306
ENST00000327044.7|ENSG00000188976.11|OTTHUMG00000040720.2|OTTHUMT00000097869.2|NOC2L-201|NOC2L|2757|protein_coding|	1067	CCCTC	67.5	1.540034482758621	0.005312	-0.3266666666666667	67.14500000000001	1.5539999999999998	0.00432	-0.344666177549523
ENST00000327044.7|ENSG00000188976.11|OTTHUMG00000040720.2|OTTHUMT00000097869.2|NOC2L-201|NOC2L|2757|protein_coding|	1068	CCTCC	74.35639344262293	1.1404137931034484	0.005699166666666666	0.5267213114754098	74.44	1.179	0.00432	-0.5998548094373866
ENST00000327044.7|ENSG00000188976.11|OTTHUMG00000040720.2|OTTHUMT00000097869.2|NOC2L-201|NOC2L|2757|protein_coding|	1069	CTCCC	68.47446428571428	1.082125	0.006290526315789474	0.335	68.545	1.0194999999999999	0.005145	-0.5295108695652173
ENST00000327044.7|ENSG00000188976.11|OTTHUMG00000040720.2|OTTHUMT00000097869.2|NOC2L-201|NOC2L|2757|protein_coding|	1070	TCCCC	65.63019607843138	1.0396734693877552	0.005350980392156863	0.245	65.55	1.0019999999999998	0.00398	-0.497742285319925
ENST00000327044.7|ENSG00000188976.11|OTTHUMG00000040720.2|OTTHUMT00000097869.2|NOC2L-201|NOC2L|2757|protein_coding|	1071	CCCCT	63.72938461538461	1.1617777777777778	0.00667125	-0.3223076923076923	63.75	1.093	0.00498	-0.43875469672571116
ENST00000327044.7|ENSG00000188976.11|OTTHUMG00000040720.2|OTTHUMT00000097869.2|NOC2L-201|NOC2L|2757|protein_coding|	1072	CCCTT	70.33026548672566	1.3590438596491226	0.005772522522522523	0.06	70.7	1.136	0.00432	-0.4216834639790968
ENST00000327044.7|ENSG00000188976.11|OTTHUMG00000040720.2|OTTHUMT00000097869.2|NOC2L-201|NOC2L|2757|protein_coding|	1073	CCTTC	74.61566666666666	1.10355	0.005261999999999999	-0.155	74.445	1.1245	0.00398	-0.5439876033057851
ENST00000327044.7|ENSG00000188976.11|OTTHUMG00000040720.2|OTTHUMT00000097869.2|NOC2L-201|NOC2L|2757|protein_coding|	1074	CTTCA	77.7468085106383	1.1472028985507245	0.005263812949640288	0.01	77.67	1.1324999999999998	0.00432	-0.4457957011832248
ENST00000327044.7|ENSG00000188976.11|OTTHUMG00000040720.2|OTTHUMT00000097869.2|NOC2L-201|NOC2L|2757|protein_coding|	1075	TTCAT	80.36630769230769	1.3224242424242423	0.005114375	0.04	80.455	1.278	0.00365	-0.42503293807641634
ENST00000327044.7|ENSG00000188976.11|OTTHUMG00000040720.2|OTTHUMT00000097869.2|NOC2L-201|NOC2L|2757|protein_coding|	1076	TCATC	85.24084507042255	1.588514285714286	0.004835942028985509	0.06140845070422534	85.09	1.596	0.00432	-0.25421864520456056
ENST00000327044.7|ENSG00000188976.11|OTTHUMG00000040720.2|OTTHUMT00000097869.2|NOC2L-201|NOC2L|2757|protein_coding|	1077	CATCA	83.38966666666667	2.4914838709677416	0.005234666666666666	-0.52	82.86	2.185	0.00498	inf
ENST00000327044.7|ENSG00000188976.11|OTTHUMG00000040720.2|OTTHUMT00000097869.2|NOC2L-201|NOC2L|2757|protein_coding|	1078	ATCAG	76.72068181818182	1.649630434782609	0.0046480434782608685	0.32	77.0	1.464	0.00365	-0.2827693761814743
ENST00000327044.7|ENSG00000188976.11|OTTHUMG00000040720.2|OTTHUMT00000097869.2|NOC2L-201|NOC2L|2757|protein_coding|	1079	TCAGT	97.42454545454544	3.1641627906976737	0.005548809523809524	0.6438636363636364	96.64500000000001	3.029	0.00498	-0.37835701558002477
ENST00000327044.7|ENSG00000188976.11|OTTHUMG00000040720.2|OTTHUMT00000097869.2|NOC2L-201|NOC2L|2757|protein_coding|	1080	CAGTT	126.66037735849056	2.6114230769230766	0.005949901960784314	0.76	126.76	2.547	0.00465	-0.35200419927467086
ENST00000327044.7|ENSG00000188976.11|OTTHUMG00000040720.2|OTTHUMT00000097869.2|NOC2L-201|NOC2L|2757|protein_coding|	1081	AGTTT	114.10203125	6.537338461538462	0.006202539682539683	-0.895	112.72	6.425000000000001	0.00465	-0.12719112663037896
ENST00000327044.7|ENSG00000188976.11|OTTHUMG00000040720.2|OTTHUMT00000097869.2|NOC2L-201|NOC2L|2757|protein_coding|	1082	GTTTC	77.46682692307692	1.3891553398058252	0.007368627450980393	0.14	77.85	1.351	0.00564	-0.294845005174708
ENST00000327044.7|ENSG00000188976.11|OTTHUMG00000040720.2|OTTHUMT00000097869.2|NOC2L-201|NOC2L|2757|protein_coding|	1083	TTTCA	78.72949999999999	1.0523	0.005187	0.22225	78.94	1.164	0.00398	-0.49164251207729465
ENST00000327044.7|ENSG00000188976.11|OTTHUMG00000040720.2|OTTHUMT00000097869.2|NOC2L-201|NOC2L|2757|protein_coding|	1084	TTCAT	80.51999999999998	1.5113666666666665	0.006286666666666666	0.026774193548387087	80.55	1.333	0.00564	-0.3428840579710145
ENST00000327044.7|ENSG00000188976.11|OTTHUMG00000040720.2|OTTHUMT00000097869.2|NOC2L-201|NOC2L|2757|protein_coding|	1085	TCATG	84.62761904761905	2.41753488372093	0.0056902325581395345	0.815	85.61	2.16	0.00432	0.13499290315536627
ENST00000327044.7|ENSG00000188976.11|OTTHUMG00000040720.2|OTTHUMT00000097869.2|NOC2L-201|NOC2L|2757|protein_coding|	1086	CATGC	73.80672413793103	2.7669661016949156	0.00560396551724138	-0.495	75.27000000000001	2.5265	0.00465	-0.2850216791486006
ENST00000327044.7|ENSG00000188976.11|OTTHUMG00000040720.2|OTTHUMT00000097869.2|NOC2L-201|NOC2L|2757|protein_coding|	1087	ATGCA	84.49964912280701	2.435561403508772	0.005216964285714285	0.060517241379310326	84.435	2.455	0.00415	-0.22186536629112713
ENST00000327044.7|ENSG00000188976.11|OTTHUMG00000040720.2|OTTHUMT00000097869.2|NOC2L-201|NOC2L|2757|protein_coding|	1088	TGCAG	103.97131578947368	4.389855263157894	0.005957866666666666	0.17	103.91	4.347	0.00498	inf
ENST00000327044.7|ENSG00000188976.11|OTTHUMG00000040720.2|OTTHUMT00000097869.2|NOC2L-201|NOC2L|2757|protein_coding|	1089	GCAGT	93.1496875	4.107793650793651	0.0047434920634920625	0.43	92.93	3.384	0.00398	-0.19296784856706264
ENST00000327044.7|ENSG00000188976.11|OTTHUMG00000040720.2|OTTHUMT00000097869.2|NOC2L-201|NOC2L|2757|protein_coding|	1090	CAGTG	120.70555555555555	4.93074683544304	0.0075115	0.355	121.295	4.0895	0.00598	0.2235103810032357
ENST00000327044.7|ENSG00000188976.11|OTTHUMG00000040720.2|OTTHUMT00000097869.2|NOC2L-201|NOC2L|2757|protein_coding|	1091	AGTGG	108.43157894736841	8.455307692307693	0.006074864864864864	-0.09	109.48	8.378	0.00398	-0.1274192268000316
ENST00000327044.7|ENSG00000188976.11|OTTHUMG00000040720.2|OTTHUMT00000097869.2|NOC2L-201|NOC2L|2757|protein_coding|	1092	GTGGA	103.95721739130435	4.784850877192982	0.006114824561403509	0.26	104.88	3.266	0.004815	0.19921074616365453
ENST00000327044.7|ENSG00000188976.11|OTTHUMG00000040720.2|OTTHUMT00000097869.2|NOC2L-201|NOC2L|2757|protein_coding|	1093	TGGAC	117.76365384615386	3.4944615384615383	0.006825192307692308	0.175	118.125	2.958	0.00581	0.10235379762193639
ENST00000327044.7|ENSG00000188976.11|OTTHUMG00000040720.2|OTTHUMT00000097869.2|NOC2L-201|NOC2L|2757|protein_coding|	1094	GGACC	119.3648275862069	6.563099999999998	0.007669999999999998	0.09	119.78	5.743	0.005145	0.3701670146137782
ENST00000327044.7|ENSG00000188976.11|OTTHUMG00000040720.2|OTTHUMT00000097869.2|NOC2L-201|NOC2L|2757|protein_coding|	1095	GACCT	81.09904761904761	2.4731428571428573	0.005011190476190476	0.42	81.47	1.853	0.00465	-0.11987798678190133
ENST00000327044.7|ENSG00000188976.11|OTTHUMG00000040720.2|OTTHUMT00000097869.2|NOC2L-201|NOC2L|2757|protein_coding|	1096	ACCTT	73.09581818181817	2.1346545454545454	0.0055083928571428575	0.405	73.28	1.3065	0.004484999999999999	-0.09163636363636371
ENST00000327044.7|ENSG00000188976.11|OTTHUMG00000040720.2|OTTHUMT00000097869.2|NOC2L-201|NOC2L|2757|protein_coding|	1097	CCTTG	78.93500000000002	1.738686274509804	0.005005686274509804	0.58	79.55	1.557	0.00432	-0.28153459730999836
ENST00000327044.7|ENSG00000188976.11|OTTHUMG00000040720.2|OTTHUMT00000097869.2|NOC2L-201|NOC2L|2757|protein_coding|	1098	CTTGA	93.98194805194805	2.486051282051282	0.007217272727272727	0.615	93.845	2.306	0.00598	-0.06186744073536521
ENST00000327044.7|ENSG00000188976.11|OTTHUMG00000040720.2|OTTHUMT00000097869.2|NOC2L-201|NOC2L|2757|protein_coding|	1099	TTGAC	107.11698113207547	2.8552830188679246	0.0067841509433962275	0.89	108.83	2.855	0.00631	-0.3640795058200614
ENST00000327044.7|ENSG00000188976.11|OTTHUMG00000040720.2|OTTHUMT00000097869.2|NOC2L-201|NOC2L|2757|protein_coding|	1100	TGACG	121.04113207547168	4.621346153846154	0.004341764705882352	0.68	121.71	3.482	0.00398	-0.035209571222097204
ENST00000327044.7|ENSG00000188976.11|OTTHUMG00000040720.2|OTTHUMT00000097869.2|NOC2L-201|NOC2L|2757|protein_coding|	1101	GACGG	77.24207792207793	3.8865064935064932	0.006675131578947369	-0.16	76.89	3.68	0.00498	0.22217185330392863
ENST00000327044.7|ENSG00000188976.11|OTTHUMG00000040720.2|OTTHUMT00000097869.2|NOC2L-201|NOC2L|2757|protein_coding|	1102	ACGGA	93.82566037735847	8.866057692307692	0.006399019607843137	-0.41433962264150953	93.0	9.099	0.00564	0.7803328699413034
ENST00000327044.7|ENSG00000188976.11|OTTHUMG00000040720.2|OTTHUMT00000097869.2|NOC2L-201|NOC2L|2757|protein_coding|	1103	CGGAG	127.0307438016529	4.1832	0.008123305084745763	0.9870588235294119	127.49	3.263	0.00631	0.31962145110410106
ENST00000327044.7|ENSG00000188976.11|OTTHUMG00000040720.2|OTTHUMT00000097869.2|NOC2L-201|NOC2L|2757|protein_coding|	1104	GGAGC	124.1835593220339	6.8438	0.005097627118644066	0.315	123.565	7.5195	0.003815	0.2027768014059753
ENST00000327044.7|ENSG00000188976.11|OTTHUMG00000040720.2|OTTHUMT00000097869.2|NOC2L-201|NOC2L|2757|protein_coding|	1105	GAGCT	112.34406249999999	2.670957446808511	0.0064127368421052645	0.31	113.12	2.604	0.00465	-0.11557700436804269
ENST00000327044.7|ENSG00000188976.11|OTTHUMG00000040720.2|OTTHUMT00000097869.2|NOC2L-201|NOC2L|2757|protein_coding|	1106	AGCTG	121.34714285714286	2.866015873015874	0.00576328125	0.84	121.1	2.684	0.00465	-0.192671585065951
ENST00000327044.7|ENSG00000188976.11|OTTHUMG00000040720.2|OTTHUMT00000097869.2|NOC2L-201|NOC2L|2757|protein_coding|	1107	GCTGC	84.0305	3.100609756097561	0.005465365853658537	0.55	84.405	2.819	0.00531	0.08793324775353012
ENST00000327044.7|ENSG00000188976.11|OTTHUMG00000040720.2|OTTHUMT00000097869.2|NOC2L-201|NOC2L|2757|protein_coding|	1108	CTGCT	95.7336559139785	3.3672526315789475	0.005625222222222223	-0.24	95.84	3.074	0.00465	0.0757995628047756
ENST00000327044.7|ENSG00000188976.11|OTTHUMG00000040720.2|OTTHUMT00000097869.2|NOC2L-201|NOC2L|2757|protein_coding|	1109	TGCTG	106.111875	4.341387755102041	0.006760851063829786	-0.57	105.22	4.523	0.00564	0.22292612819775798
ENST00000327044.7|ENSG00000188976.11|OTTHUMG00000040720.2|OTTHUMT00000097869.2|NOC2L-201|NOC2L|2757|protein_coding|	1110	GCTGG	83.26152542372881	2.420241379310345	0.006576896551724137	-0.61	83.225	2.3609999999999998	0.00564	-0.15079249848759818
ENST00000327044.7|ENSG00000188976.11|OTTHUMG00000040720.2|OTTHUMT00000097869.2|NOC2L-201|NOC2L|2757|protein_coding|	1111	CTGGC	104.36578947368422	4.308538461538461	0.006997631578947368	0.48	105.17	3.965	0.00631	0.07983420088683232
ENST00000327044.7|ENSG00000188976.11|OTTHUMG00000040720.2|OTTHUMT00000097869.2|NOC2L-201|NOC2L|2757|protein_coding|	1112	TGGCC	103.1295238095238	4.604190476190477	0.006208	0.73	107.82	4.672	0.00398	-0.1329208142767462
ENST00000327044.7|ENSG00000188976.11|OTTHUMG00000040720.2|OTTHUMT00000097869.2|NOC2L-201|NOC2L|2757|protein_coding|	1113	GGCCC	107.03314285714285	4.588399999999999	0.006927027027027028	0.69	106.55	4.559	0.00531	0.3946504559270514
ENST00000327044.7|ENSG00000188976.11|OTTHUMG00000040720.2|OTTHUMT00000097869.2|NOC2L-201|NOC2L|2757|protein_coding|	1114	GCCCT	67.27714285714286	2.358163265306122	0.005176122448979592	0.66	67.57	2.01	0.00398	0.13920930691117023
ENST00000327044.7|ENSG00000188976.11|OTTHUMG00000040720.2|OTTHUMT00000097869.2|NOC2L-201|NOC2L|2757|protein_coding|	1115	CCCTG	72.13084745762713	1.9782796610169493	0.005334322033898305	0.21	72.19	1.875	0.00432	-0.15817886765236203
ENST00000327044.7|ENSG00000188976.11|OTTHUMG00000040720.2|OTTHUMT00000097869.2|NOC2L-201|NOC2L|2757|protein_coding|	1116	CCTGG	89.23557894736844	3.0859578947368425	0.0061090721649484534	0.43	89.805	3.0700000000000003	0.00465	0.0827922437673131
ENST00000327044.7|ENSG00000188976.11|OTTHUMG00000040720.2|OTTHUMT00000097869.2|NOC2L-201|NOC2L|2757|protein_coding|	1117	CTGGA	110.30020408163266	3.482208333333333	0.005853265306122448	0.74	111.725	3.2165	0.004815	-0.1272660818713452
ENST00000327044.7|ENSG00000188976.11|OTTHUMG00000040720.2|OTTHUMT00000097869.2|NOC2L-201|NOC2L|2757|protein_coding|	1118	TGGAG	121.28048780487805	3.623794871794872	0.004871749999999999	0.2704878048780488	122.06	3.184	0.00365	0.14315295640216785
ENST00000327044.7|ENSG00000188976.11|OTTHUMG00000040720.2|OTTHUMT00000097869.2|NOC2L-201|NOC2L|2757|protein_coding|	1119	GGAGC	119.19131147540982	7.4073174603174605	0.004626229508196721	0.22	121.23	6.685	0.00332	0.30181326191871
ENST00000327044.7|ENSG00000188976.11|OTTHUMG00000040720.2|OTTHUMT00000097869.2|NOC2L-201|NOC2L|2757|protein_coding|	1120	GAGCC	102.7462068965517	4.278385964912281	0.00696593220338983	0.25	104.05	3.648	0.00531	0.41668409434181486
ENST00000327044.7|ENSG00000188976.11|OTTHUMG00000040720.2|OTTHUMT00000097869.2|NOC2L-201|NOC2L|2757|protein_coding|	1121	AGCCG	110.82125	3.4851014492753625	0.005897083333333334	0.24	110.94	3.3375000000000004	0.00465	0.05930135236333205
ENST00000327044.7|ENSG00000188976.11|OTTHUMG00000040720.2|OTTHUMT00000097869.2|NOC2L-201|NOC2L|2757|protein_coding|	1122	GCCGG	76.93410256410257	3.9830789473684205	0.007286153846153845	0.33999999999999997	77.15	3.602	0.00564	0.4327622112836046
ENST00000327044.7|ENSG00000188976.11|OTTHUMG00000040720.2|OTTHUMT00000097869.2|NOC2L-201|NOC2L|2757|protein_coding|	1123	CCGGG	93.67535483870968	4.7163594771241835	0.008009867549668873	0.07500000000000001	93.3	4.702500000000001	0.00631	-0.052939864031288544
ENST00000327044.7|ENSG00000188976.11|OTTHUMG00000040720.2|OTTHUMT00000097869.2|NOC2L-201|NOC2L|2757|protein_coding|	1124	CGGGT	109.21905660377358	5.575660377358491	0.006885925925925925	-0.5	109.68	5.769	0.00531	0.37670626601444235
ENST00000327044.7|ENSG00000188976.11|OTTHUMG00000040720.2|OTTHUMT00000097869.2|NOC2L-201|NOC2L|2757|protein_coding|	1125	GGGTG	115.50102040816328	5.1793	0.0081668	-0.02	115.35	5.363	0.00598	0.5368842729970325
ENST00000327044.7|ENSG00000188976.11|OTTHUMG00000040720.2|OTTHUMT00000097869.2|NOC2L-201|NOC2L|2757|protein_coding|	1126	GGTGT	78.67377777777777	5.965212765957446	0.00772195652173913	-1.22	77.27	5.236	0.00498	-0.38439496739345236
ENST00000327044.7|ENSG00000188976.11|OTTHUMG00000040720.2|OTTHUMT00000097869.2|NOC2L-201|NOC2L|2757|protein_coding|	1127	GTGTG	91.02856115107913	5.921935251798562	0.007433014705882353	0.03151079136690647	91.3	5.496	0.00631	0.5666495375128472
ENST00000327044.7|ENSG00000188976.11|OTTHUMG00000040720.2|OTTHUMT00000097869.2|NOC2L-201|NOC2L|2757|protein_coding|	1128	TGTGG	99.98666666666668	6.020300000000001	0.0056531034482758605	0.09758620689655173	100.62	4.8085	0.00365	-0.37871001031991736
ENST00000327044.7|ENSG00000188976.11|OTTHUMG00000040720.2|OTTHUMT00000097869.2|NOC2L-201|NOC2L|2757|protein_coding|	1129	GTGGC	96.55211267605637	4.3598632075471695	0.009015188679245282	-0.03	96.78	4.444	0.00664	0.09269754575117024
ENST00000327044.7|ENSG00000188976.11|OTTHUMG00000040720.2|OTTHUMT00000097869.2|NOC2L-201|NOC2L|2757|protein_coding|	1130	TGGCC	99.76870967741937	5.8671612903225805	0.007746666666666668	-0.53	99.89	5.559	0.00564	0.1049267966709192
ENST00000327044.7|ENSG00000188976.11|OTTHUMG00000040720.2|OTTHUMT00000097869.2|NOC2L-201|NOC2L|2757|protein_coding|	1131	GGCCT	98.64297297297297	6.686875000000001	0.008955	-1.295	99.17	6.6645	0.006475	1.0324848024316111
ENST00000327044.7|ENSG00000188976.11|OTTHUMG00000040720.2|OTTHUMT00000097869.2|NOC2L-201|NOC2L|2757|protein_coding|	1132	GCCTA	62.358606557377044	2.225471074380166	0.0052166386554621845	-0.895	64.56	1.9855	0.00432	-0.05299103217865289
ENST00000327044.7|ENSG00000188976.11|OTTHUMG00000040720.2|OTTHUMT00000097869.2|NOC2L-201|NOC2L|2757|protein_coding|	1133	CCTAC	78.0155	1.4256999999999997	0.007155249999999999	-0.304	77.89	1.409	0.00631	-0.45790874524714836
ENST00000327044.7|ENSG00000188976.11|OTTHUMG00000040720.2|OTTHUMT00000097869.2|NOC2L-201|NOC2L|2757|protein_coding|	1134	CTACC	76.35194852941176	1.2331888888888887	0.0064428517110266155	-0.05959558823529411	76.18	1.2235	0.00465	-0.4127671957671959
ENST00000327044.7|ENSG00000188976.11|OTTHUMG00000040720.2|OTTHUMT00000097869.2|NOC2L-201|NOC2L|2757|protein_coding|	1135	TACCA	77.04148148148148	1.4311851851851853	0.007401481481481481	-0.2248148148148148	76.825	1.366	0.00614	-0.49068142875972054
ENST00000327044.7|ENSG00000188976.11|OTTHUMG00000040720.2|OTTHUMT00000097869.2|NOC2L-201|NOC2L|2757|protein_coding|	1136	ACCAG	71.28050458715597	1.4434115044247788	0.006030311111111112	-0.455	70.78999999999999	1.355	0.00465	-0.3159187182820953
ENST00000327044.7|ENSG00000188976.11|OTTHUMG00000040720.2|OTTHUMT00000097869.2|NOC2L-201|NOC2L|2757|protein_coding|	1137	CCAGC	93.65301886792456	2.913396226415094	0.00588132075471698	0.225	94.15	2.5140000000000002	0.00465	-0.42762353115617013
ENST00000327044.7|ENSG00000188976.11|OTTHUMG00000040720.2|OTTHUMT00000097869.2|NOC2L-201|NOC2L|2757|protein_coding|	1138	CAGCA	110.01270270270271	2.452891891891892	0.006752894736842105	1.21	112.58	2.393	0.00465	-0.18778414175765165
ENST00000327044.7|ENSG00000188976.11|OTTHUMG00000040720.2|OTTHUMT00000097869.2|NOC2L-201|NOC2L|2757|protein_coding|	1139	AGCAC	115.12555555555555	4.583814814814815	0.007178679245283016	-0.4	115.1	4.075	0.00598	0.18751679140280186
ENST00000327044.7|ENSG00000188976.11|OTTHUMG00000040720.2|OTTHUMT00000097869.2|NOC2L-201|NOC2L|2757|protein_coding|	1140	GCACG	73.90336787564766	2.0832031250000003	0.008452299465240643	-0.02	73.795	2.007	0.00531	0.10808676861702148
ENST00000327044.7|ENSG00000188976.11|OTTHUMG00000040720.2|OTTHUMT00000097869.2|NOC2L-201|NOC2L|2757|protein_coding|	1141	CACGC	78.70857142857142	3.7713714285714284	0.006288857142857143	0.12942857142857142	77.24	2.338	0.00564	0.18596585804132962
ENST00000327044.7|ENSG00000188976.11|OTTHUMG00000040720.2|OTTHUMT00000097869.2|NOC2L-201|NOC2L|2757|protein_coding|	1142	ACGCC	74.96888888888888	2.519296296296296	0.007353333333333332	0.41000000000000003	75.25999999999999	2.5775	0.00664	-0.031039886039886132
ENST00000327044.7|ENSG00000188976.11|OTTHUMG00000040720.2|OTTHUMT00000097869.2|NOC2L-201|NOC2L|2757|protein_coding|	1143	CGCCT	91.50083333333333	5.799583333333333	0.006131944444444444	-1.59	89.5	6.285	0.00432	0.7627912867274567
ENST00000327044.7|ENSG00000188976.11|OTTHUMG00000040720.2|OTTHUMT00000097869.2|NOC2L-201|NOC2L|2757|protein_coding|	1144	GCCTT	70.71818181818182	1.8378165137614682	0.006329345794392523	-0.04	70.77	1.743	0.00498	-0.21795041967597104
ENST00000327044.7|ENSG00000188976.11|OTTHUMG00000040720.2|OTTHUMT00000097869.2|NOC2L-201|NOC2L|2757|protein_coding|	1145	CCTTC	75.31792207792208	1.746786666666667	0.006084999999999999	0.0007792207792207749	75.39500000000001	1.329	0.004815	-0.2781873278236913
ENST00000327044.7|ENSG00000188976.11|OTTHUMG00000040720.2|OTTHUMT00000097869.2|NOC2L-201|NOC2L|2757|protein_coding|	1146	CTTCC	74.4606896551724	1.0680267857142858	0.006430526315789474	0.16	74.59	0.989	0.00465	-0.4840450310559006
ENST00000327044.7|ENSG00000188976.11|OTTHUMG00000040720.2|OTTHUMT00000097869.2|NOC2L-201|NOC2L|2757|protein_coding|	1147	TTCCT	72.20087719298245	1.1859473684210526	0.005346315789473683	0.07500000000000001	72.25999999999999	1.15	0.00432	-0.484370709382151
ENST00000327044.7|ENSG00000188976.11|OTTHUMG00000040720.2|OTTHUMT00000097869.2|NOC2L-201|NOC2L|2757|protein_coding|	1148	TCCTC	69.55481481481482	1.2811509433962263	0.006559999999999999	-0.13	70.45	1.211	0.00432	-0.4548293857888399
ENST00000327044.7|ENSG00000188976.11|OTTHUMG00000040720.2|OTTHUMT00000097869.2|NOC2L-201|NOC2L|2757|protein_coding|	1149	CCTCT	74.47093749999999	1.3664062500000003	0.0059219354838709656	-0.22812500000000002	74.07	1.271	0.00398	-0.5205592105263157
ENST00000327044.7|ENSG00000188976.11|OTTHUMG00000040720.2|OTTHUMT00000097869.2|NOC2L-201|NOC2L|2757|protein_coding|	1150	CTCTA	78.82160714285715	1.4023392857142858	0.005104285714285714	-0.29	78.39	1.4020000000000001	0.00465	inf
ENST00000327044.7|ENSG00000188976.11|OTTHUMG00000040720.2|OTTHUMT00000097869.2|NOC2L-201|NOC2L|2757|protein_coding|	1151	TCTAC	81.6144	1.4592399999999999	0.0042752	-0.195	81.37	1.3815	0.00332	-0.4451558935361217
ENST00000327044.7|ENSG00000188976.11|OTTHUMG00000040720.2|OTTHUMT00000097869.2|NOC2L-201|NOC2L|2757|protein_coding|	1152	CTACA	79.78076923076921	1.4507948717948718	0.005400731707317073	-0.06	79.24	1.369	0.00432	-0.3091452991452992
ENST00000327044.7|ENSG00000188976.11|OTTHUMG00000040720.2|OTTHUMT00000097869.2|NOC2L-201|NOC2L|2757|protein_coding|	1153	TACAT	82.91047619047619	1.2781428571428575	0.004805238095238094	-0.062380952380952384	82.505	1.2325	0.00415	-0.5980682839173405
ENST00000327044.7|ENSG00000188976.11|OTTHUMG00000040720.2|OTTHUMT00000097869.2|NOC2L-201|NOC2L|2757|protein_coding|	1154	ACATC	77.96083333333333	1.4799516129032262	0.005649016393442621	-0.26	77.87	1.4215	0.004815	-0.30518703619566845
ENST00000327044.7|ENSG00000188976.11|OTTHUMG00000040720.2|OTTHUMT00000097869.2|NOC2L-201|NOC2L|2757|protein_coding|	1155	CATCC	82.36136363636363	2.484666666666667	0.007471363636363638	-0.6813636363636364	81.02000000000001	2.2685	0.00664	-0.564093567251462
ENST00000327044.7|ENSG00000188976.11|OTTHUMG00000040720.2|OTTHUMT00000097869.2|NOC2L-201|NOC2L|2757|protein_coding|	1156	ATCCG	70.24588235294118	1.4281969696969694	0.00515353846153846	-0.31558823529411767	71.07	1.3385	0.00432	-0.3790447957839263
ENST00000327044.7|ENSG00000188976.11|OTTHUMG00000040720.2|OTTHUMT00000097869.2|NOC2L-201|NOC2L|2757|protein_coding|	1157	TCCGC	76.55021276595745	1.7693333333333332	0.005579787234042552	-0.17	75.97	1.68	0.00465	-0.3635491606714628
ENST00000327044.7|ENSG00000188976.11|OTTHUMG00000040720.2|OTTHUMT00000097869.2|NOC2L-201|NOC2L|2757|protein_coding|	1158	CCGCC	84.72467741935483	2.050606557377049	0.0054171666666666665	0.34	85.13	1.996	0.00465	-0.21130517023959652
ENST00000327044.7|ENSG00000188976.11|OTTHUMG00000040720.2|OTTHUMT00000097869.2|NOC2L-201|NOC2L|2757|protein_coding|	1159	CGCCA	94.68659574468086	4.604489795918368	0.00744875	-0.07	93.59	4.683	0.00664	0.39954097140375916
ENST00000327044.7|ENSG00000188976.11|OTTHUMG00000040720.2|OTTHUMT00000097869.2|NOC2L-201|NOC2L|2757|protein_coding|	1160	GCCAG	73.97933333333332	1.810633333333333	0.004017241379310345	1.12	73.85	1.71	0.00332	-0.14187993680884683
ENST00000327044.7|ENSG00000188976.11|OTTHUMG00000040720.2|OTTHUMT00000097869.2|NOC2L-201|NOC2L|2757|protein_coding|	1161	CCAGC	96.98823529411764	2.706588235294117	0.0044070588235294115	0.795	97.50999999999999	2.6125	0.00432	-0.4682537848145153
ENST00000327044.7|ENSG00000188976.11|OTTHUMG00000040720.2|OTTHUMT00000097869.2|NOC2L-201|NOC2L|2757|protein_coding|	1162	CAGCT	112.57029411764705	3.3014166666666664	0.007062432432432432	0.73	114.15	3.086	0.00564	0.0931843267108167
ENST00000327044.7|ENSG00000188976.11|OTTHUMG00000040720.2|OTTHUMT00000097869.2|NOC2L-201|NOC2L|2757|protein_coding|	1163	AGCTC	115.41692307692311	4.157774999999999	0.006598205128205128	-0.505	115.42	4.164	0.00531	0.1712042253521125
ENST00000327044.7|ENSG00000188976.11|OTTHUMG00000040720.2|OTTHUMT00000097869.2|NOC2L-201|NOC2L|2757|protein_coding|	1164	GCTCG	75.24118644067798	1.9960862068965517	0.006178813559322034	-0.725	75.18	1.748	0.00581	-0.29961887477313975
ENST00000327044.7|ENSG00000188976.11|OTTHUMG00000040720.2|OTTHUMT00000097869.2|NOC2L-201|NOC2L|2757|protein_coding|	1165	CTCGC	79.68529411764706	1.714060606060606	0.0054919999999999995	-0.06	79.62	1.554	0.00465	-0.25475625823451903
ENST00000327044.7|ENSG00000188976.11|OTTHUMG00000040720.2|OTTHUMT00000097869.2|NOC2L-201|NOC2L|2757|protein_coding|	1166	TCGCC	84.9964	2.0299375	0.005514897959183673	0.16399999999999995	84.41499999999999	1.87	0.004815	-0.21925480769230773
ENST00000327044.7|ENSG00000188976.11|OTTHUMG00000040720.2|OTTHUMT00000097869.2|NOC2L-201|NOC2L|2757|protein_coding|	1167	CGCCA	93.57228571428571	4.09097142857143	0.005291764705882352	-0.33599999999999997	94.0	4.148	0.00432	0.2434563612679117
ENST00000327044.7|ENSG00000188976.11|OTTHUMG00000040720.2|OTTHUMT00000097869.2|NOC2L-201|NOC2L|2757|protein_coding|	1168	GCCAT	73.39404255319148	1.648369565217391	0.00601891304347826	-0.128936170212766	73.38	1.53	0.00564	-0.21878219657943546
ENST00000327044.7|ENSG00000188976.11|OTTHUMG00000040720.2|OTTHUMT00000097869.2|NOC2L-201|NOC2L|2757|protein_coding|	1169	CCATA	86.07917293233082	1.8740671641791047	0.007131555555555554	0.11	86.54	1.829	0.00531	-0.1201562609487771
ENST00000327044.7|ENSG00000188976.11|OTTHUMG00000040720.2|OTTHUMT00000097869.2|NOC2L-201|NOC2L|2757|protein_coding|	1170	CATAC	84.73804347826086	2.7132325581395347	0.005975227272727272	-0.21000000000000002	85.24	2.504	0.005475	-0.5679565990223671
ENST00000327044.7|ENSG00000188976.11|OTTHUMG00000040720.2|OTTHUMT00000097869.2|NOC2L-201|NOC2L|2757|protein_coding|	1171	ATACA	77.68222222222222	1.778193548387097	0.005863225806451611	0.37	77.675	1.71	0.00498	-0.15324116743471575
ENST00000327044.7|ENSG00000188976.11|OTTHUMG00000040720.2|OTTHUMT00000097869.2|NOC2L-201|NOC2L|2757|protein_coding|	1172	TACAC	83.52942307692307	2.1224901960784313	0.005531199999999999	-0.1623076923076923	83.185	1.8845	0.00415	-0.3325502528055248
ENST00000327044.7|ENSG00000188976.11|OTTHUMG00000040720.2|OTTHUMT00000097869.2|NOC2L-201|NOC2L|2757|protein_coding|	1173	ACACC	72.49809523809525	1.7532761904761904	0.006621308411214952	0.255	72.655	1.4289999999999998	0.004815	-0.06740628166160079
ENST00000327044.7|ENSG00000188976.11|OTTHUMG00000040720.2|OTTHUMT00000097869.2|NOC2L-201|NOC2L|2757|protein_coding|	1174	CACCT	74.88444444444443	1.2990384615384616	0.0046084	-0.19111111111111112	75.14	1.293	0.00498	-0.5377087325485902
ENST00000327044.7|ENSG00000188976.11|OTTHUMG00000040720.2|OTTHUMT00000097869.2|NOC2L-201|NOC2L|2757|protein_coding|	1175	ACCTG	70.96780000000001	1.76404	0.006227799999999999	0.19	71.35	1.642	0.00564	-0.24934468085106384
ENST00000327044.7|ENSG00000188976.11|OTTHUMG00000040720.2|OTTHUMT00000097869.2|NOC2L-201|NOC2L|2757|protein_coding|	1176	CCTGC	85.74560000000001	2.2946	0.005105800000000001	0.57	86.13	1.96	0.00398	-0.19487719298245618
ENST00000327044.7|ENSG00000188976.11|OTTHUMG00000040720.2|OTTHUMT00000097869.2|NOC2L-201|NOC2L|2757|protein_coding|	1177	CTGCG	95.5945238095238	2.6910243902439017	0.0067729999999999995	0.89	97.09	2.464	0.004314999999999999	-0.14024779864412082
ENST00000327044.7|ENSG00000188976.11|OTTHUMG00000040720.2|OTTHUMT00000097869.2|NOC2L-201|NOC2L|2757|protein_coding|	1178	TGCGC	98.04724137931038	4.509142857142857	0.006035357142857143	-0.05655172413793102	99.46	3.414	0.00598	-0.4625574663715308
ENST00000327044.7|ENSG00000188976.11|OTTHUMG00000040720.2|OTTHUMT00000097869.2|NOC2L-201|NOC2L|2757|protein_coding|	1179	GCGCA	80.0915	4.688406779661016	0.005929827586206897	-0.25716666666666665	80.50999999999999	3.614	0.005145	0.8032333767926985
ENST00000327044.7|ENSG00000188976.11|OTTHUMG00000040720.2|OTTHUMT00000097869.2|NOC2L-201|NOC2L|2757|protein_coding|	1180	CGCAA	96.73756097560977	5.621634146341464	0.006457750000000001	-0.635	95.88499999999999	5.193	0.005145	0.4563819031972704
ENST00000327044.7|ENSG00000188976.11|OTTHUMG00000040720.2|OTTHUMT00000097869.2|NOC2L-201|NOC2L|2757|protein_coding|	1181	GCAAC	83.72148936170213	2.9708958333333335	0.00560891304347826	0.44999999999999996	84.13999999999999	2.3245	0.00498	-0.01625965783664454
ENST00000327044.7|ENSG00000188976.11|OTTHUMG00000040720.2|OTTHUMT00000097869.2|NOC2L-201|NOC2L|2757|protein_coding|	1182	CAACG	89.24437499999999	3.6079795918367346	0.006565102040816326	-0.37	89.595	3.5365	0.00531	inf
ENST00000327044.7|ENSG00000188976.11|OTTHUMG00000040720.2|OTTHUMT00000097869.2|NOC2L-201|NOC2L|2757|protein_coding|	1183	AACGC	81.67825	4.083875000000001	0.006725128205128204	0.685	83.57499999999999	4.0195	0.00598	0.284237421383648
ENST00000327044.7|ENSG00000188976.11|OTTHUMG00000040720.2|OTTHUMT00000097869.2|NOC2L-201|NOC2L|2757|protein_coding|	1184	ACGCC	73.957375	2.8866625	0.006182875	-0.055	74.485	2.5865	0.005145	0.11025480769230762
ENST00000327044.7|ENSG00000188976.11|OTTHUMG00000040720.2|OTTHUMT00000097869.2|NOC2L-201|NOC2L|2757|protein_coding|	1185	CGCCA	92.61448979591837	5.452081632653062	0.0053675	-0.65	92.12	5.853	0.00498	0.657167669499411
ENST00000327044.7|ENSG00000188976.11|OTTHUMG00000040720.2|OTTHUMT00000097869.2|NOC2L-201|NOC2L|2757|protein_coding|	1186	GCCAT	73.6361797752809	2.003438202247191	0.007026279069767442	-0.07	73.515	1.9625	0.005145	-0.05050322168379566
ENST00000327044.7|ENSG00000188976.11|OTTHUMG00000040720.2|OTTHUMT00000097869.2|NOC2L-201|NOC2L|2757|protein_coding|	1187	CCATG	82.27296296296296	2.2491675392670154	0.008736417112299466	-0.135	82.32	2.309	0.00664	0.0559472015338101
ENST00000327044.7|ENSG00000188976.11|OTTHUMG00000040720.2|OTTHUMT00000097869.2|NOC2L-201|NOC2L|2757|protein_coding|	1188	CATGA	83.7545652173913	2.633681818181818	0.0069188636363636345	-0.365	82.07499999999999	2.6014999999999997	0.004815	-0.3194620624853184
ENST00000327044.7|ENSG00000188976.11|OTTHUMG00000040720.2|OTTHUMT00000097869.2|NOC2L-201|NOC2L|2757|protein_coding|	1189	ATGAC	96.448	4.206114285714286	0.005512	0.39	96.275	3.4265	0.00415	-0.06322621699013671
ENST00000327044.7|ENSG00000188976.11|OTTHUMG00000040720.2|OTTHUMT00000097869.2|NOC2L-201|NOC2L|2757|protein_coding|	1190	TGACC	111.56314285714286	8.926694444444445	0.004875142857142857	-0.9650000000000001	111.825	9.27	0.00415	0.8636105311992578
ENST00000327044.7|ENSG00000188976.11|OTTHUMG00000040720.2|OTTHUMT00000097869.2|NOC2L-201|NOC2L|2757|protein_coding|	1191	GACCA	78.16692307692308	2.4644999999999997	0.004831842105263157	-0.26	77.535	2.0140000000000002	0.00432	-0.1229537366548044
ENST00000327044.7|ENSG00000188976.11|OTTHUMG00000040720.2|OTTHUMT00000097869.2|NOC2L-201|NOC2L|2757|protein_coding|	1192	ACCAC	72.44581818181818	1.2084861111111111	0.005471342592592593	-0.14	73.06	1.185	0.00432	-0.42725776724591885
ENST00000327044.7|ENSG00000188976.11|OTTHUMG00000040720.2|OTTHUMT00000097869.2|NOC2L-201|NOC2L|2757|protein_coding|	1193	CCACT	77.40615384615386	1.6313846153846154	0.00630825	0.08	77.52	1.701	0.00465	-0.13224222585924705
ENST00000327044.7|ENSG00000188976.11|OTTHUMG00000040720.2|OTTHUMT00000097869.2|NOC2L-201|NOC2L|2757|protein_coding|	1194	CACTC	89.83361111111111	3.383972222222223	0.008069444444444443	1.4	90.28	2.9565	0.0071400000000000005	0.2395502645502648
ENST00000327044.7|ENSG00000188976.11|OTTHUMG00000040720.2|OTTHUMT00000097869.2|NOC2L-201|NOC2L|2757|protein_coding|	1195	ACTCG	81.99625	2.635625	0.007634999999999999	0.25625	82.77000000000001	2.0625	0.00647	-0.07521929824561403
ENST00000327044.7|ENSG00000188976.11|OTTHUMG00000040720.2|OTTHUMT00000097869.2|NOC2L-201|NOC2L|2757|protein_coding|	1196	CTCGC	78.89349999999999	1.8605999999999998	0.0062065	-0.277	78.75999999999999	1.857	0.00398	-0.1910434782608696
ENST00000327044.7|ENSG00000188976.11|OTTHUMG00000040720.2|OTTHUMT00000097869.2|NOC2L-201|NOC2L|2757|protein_coding|	1197	TCGCA	90.06119047619048	2.7869761904761905	0.006253255813953489	0.89	90.03	2.655	0.00498	0.07191391941391939
ENST00000327044.7|ENSG00000188976.11|OTTHUMG00000040720.2|OTTHUMT00000097869.2|NOC2L-201|NOC2L|2757|protein_coding|	1198	CGCAA	101.12577777777776	3.5448913043478267	0.006831999999999997	-0.08	98.785	3.2205	0.00581	-0.08163437711196196
ENST00000327044.7|ENSG00000188976.11|OTTHUMG00000040720.2|OTTHUMT00000097869.2|NOC2L-201|NOC2L|2757|protein_coding|	1199	GCAAG	86.25511627906978	3.49760465116279	0.005711590909090908	1.17	85.81	3.0265	0.00498	0.1581472354843675
ENST00000327044.7|ENSG00000188976.11|OTTHUMG00000040720.2|OTTHUMT00000097869.2|NOC2L-201|NOC2L|2757|protein_coding|	1200	CAAGA	109.3875	3.6978	0.007709166666666665	-0.205	109.03	3.629	0.00598	-0.08921182266009844
ENST00000327044.7|ENSG00000188976.11|OTTHUMG00000040720.2|OTTHUMT00000097869.2|NOC2L-201|NOC2L|2757|protein_coding|	1201	AAGAA	122.12299999999999	4.170466666666667	0.006307666666666666	-0.06193548387096775	123.18	4.245	0.00531	-0.2895286768881317
ENST00000327044.7|ENSG00000188976.11|OTTHUMG00000040720.2|OTTHUMT00000097869.2|NOC2L-201|NOC2L|2757|protein_coding|	1202	AGAAG	122.20086956521739	5.754744680851064	0.006749999999999999	-0.20673913043478256	122.65	4.498	0.00564	0.03502602173580296
ENST00000327044.7|ENSG00000188976.11|OTTHUMG00000040720.2|OTTHUMT00000097869.2|NOC2L-201|NOC2L|2757|protein_coding|	1203	GAAGG	105.1003846153846	4.323961538461538	0.006243653846153845	-0.03999999999999997	105.33	3.714	0.00432	0.0650151572565366
ENST00000327044.7|ENSG00000188976.11|OTTHUMG00000040720.2|OTTHUMT00000097869.2|NOC2L-201|NOC2L|2757|protein_coding|	1204	AAGGA	110.12533333333334	4.7647666666666675	0.006525862068965518	-0.325	109.36	4.507	0.00631	-0.39224914965986385
ENST00000327044.7|ENSG00000188976.11|OTTHUMG00000040720.2|OTTHUMT00000097869.2|NOC2L-201|NOC2L|2757|protein_coding|	1205	AGGAA	118.09840707964601	3.717017857142857	0.00808117117117117	0.36	118.7	3.501	0.00631	0.1725608382154123
ENST00000327044.7|ENSG00000188976.11|OTTHUMG00000040720.2|OTTHUMT00000097869.2|NOC2L-201|NOC2L|2757|protein_coding|	1206	GGAAA	121.45727272727274	5.552089285714286	0.007086181818181817	0.2	122.265	5.457	0.00498	-0.0014227903391571932
ENST00000327044.7|ENSG00000188976.11|OTTHUMG00000040720.2|OTTHUMT00000097869.2|NOC2L-201|NOC2L|2757|protein_coding|	1207	GAAAC	105.23526315789474	3.1340877192982455	0.006891724137931034	-0.26	105.01	2.815	0.00598	0.16943571615606168
ENST00000327044.7|ENSG00000188976.11|OTTHUMG00000040720.2|OTTHUMT00000097869.2|NOC2L-201|NOC2L|2757|protein_coding|	1208	AAACA	98.6398275862069	3.5409152542372877	0.00546603448275862	-0.22	98.28999999999999	3.4875	0.004484999999999999	0.026352247605010874
ENST00000327044.7|ENSG00000188976.11|OTTHUMG00000040720.2|OTTHUMT00000097869.2|NOC2L-201|NOC2L|2757|protein_coding|	1209	AACAT	87.86898550724638	2.0956666666666663	0.005407121212121211	-0.004927536231884069	88.3	1.793	0.00465	-0.3409853249475892
ENST00000327044.7|ENSG00000188976.11|OTTHUMG00000040720.2|OTTHUMT00000097869.2|NOC2L-201|NOC2L|2757|protein_coding|	1210	ACATA	80.77766233766233	1.8005063291139243	0.0067227499999999996	0.09	80.58	1.692	0.00564	-0.1546918642657632
ENST00000327044.7|ENSG00000188976.11|OTTHUMG00000040720.2|OTTHUMT00000097869.2|NOC2L-201|NOC2L|2757|protein_coding|	1211	CATAC	86.83119047619047	3.015833333333333	0.005481219512195121	-0.28	87.95	2.99	0.00498	-0.519771762208068
ENST00000327044.7|ENSG00000188976.11|OTTHUMG00000040720.2|OTTHUMT00000097869.2|NOC2L-201|NOC2L|2757|protein_coding|	1212	ATACC	75.44098039215687	1.4055339805825247	0.007921881188118813	0.33499999999999996	75.475	1.3975	0.006144999999999999	-0.3306981044845121
ENST00000327044.7|ENSG00000188976.11|OTTHUMG00000040720.2|OTTHUMT00000097869.2|NOC2L-201|NOC2L|2757|protein_coding|	1213	TACCA	77.72766666666668	1.3451724137931036	0.006353448275862068	-0.030333333333333334	77.495	1.3399999999999999	0.004815	-0.5212909559455148
ENST00000327044.7|ENSG00000188976.11|OTTHUMG00000040720.2|OTTHUMT00000097869.2|NOC2L-201|NOC2L|2757|protein_coding|	1214	ACCAG	72.26966666666667	1.7981186440677963	0.005044098360655738	0.2	72.715	1.7054999999999998	0.004484999999999999	-0.14781106916218179
ENST00000327044.7|ENSG00000188976.11|OTTHUMG00000040720.2|OTTHUMT00000097869.2|NOC2L-201|NOC2L|2757|protein_coding|	1215	CCAGT	96.52870370370368	3.541853211009174	0.00542981308411215	0.22499999999999998	97.065	3.42	0.004484999999999999	-0.3041545754402409
ENST00000327044.7|ENSG00000188976.11|OTTHUMG00000040720.2|OTTHUMT00000097869.2|NOC2L-201|NOC2L|2757|protein_coding|	1216	CAGTC	120.55054545454546	3.412905660377359	0.005791296296296295	0.42800000000000005	121.74	3.316	0.00465	-0.15312514630834773
ENST00000327044.7|ENSG00000188976.11|OTTHUMG00000040720.2|OTTHUMT00000097869.2|NOC2L-201|NOC2L|2757|protein_coding|	1217	AGTCT	127.94816901408447	4.516605633802817	0.005957777777777778	0.45	128.46	4.039	0.00531	-0.255913404645335
ENST00000327044.7|ENSG00000188976.11|OTTHUMG00000040720.2|OTTHUMT00000097869.2|NOC2L-201|NOC2L|2757|protein_coding|	1218	GTCTG	79.84324324324324	2.96075	0.006192162162162162	1.43	81.405	2.6014999999999997	0.005145	0.43031400966183586
ENST00000327044.7|ENSG00000188976.11|OTTHUMG00000040720.2|OTTHUMT00000097869.2|NOC2L-201|NOC2L|2757|protein_coding|	1219	TCTGT	85.68135802469136	1.8634024390243904	0.0058595180722891575	0.355	85.905	1.6055000000000001	0.005145	-0.34617458279845953
ENST00000327044.7|ENSG00000188976.11|OTTHUMG00000040720.2|OTTHUMT00000097869.2|NOC2L-201|NOC2L|2757|protein_coding|	1220	CTGTG	99.14709090909089	4.232759259259259	0.004578679245283018	-0.11454545454545455	99.65	3.193	0.00398	0.11977758181461887
ENST00000327044.7|ENSG00000188976.11|OTTHUMG00000040720.2|OTTHUMT00000097869.2|NOC2L-201|NOC2L|2757|protein_coding|	1221	TGTGT	83.68054054054053	5.934666666666667	0.004970833333333333	-0.61	83.86	4.139	0.00398	-0.387547299621603
ENST00000327044.7|ENSG00000188976.11|OTTHUMG00000040720.2|OTTHUMT00000097869.2|NOC2L-201|NOC2L|2757|protein_coding|	1222	GTGTA	93.28569230769232	4.119246153846153	0.004887846153846153	0.09	93.98	2.969	0.00432	0.08974765974765961
ENST00000327044.7|ENSG00000188976.11|OTTHUMG00000040720.2|OTTHUMT00000097869.2|NOC2L-201|NOC2L|2757|protein_coding|	1223	TGTAC	113.48052631578946	7.436048780487805	0.004979487179487178	0.21	115.37	6.927	0.00398	-0.13130271255983597
ENST00000327044.7|ENSG00000188976.11|OTTHUMG00000040720.2|OTTHUMT00000097869.2|NOC2L-201|NOC2L|2757|protein_coding|	1224	GTACA	77.56394736842105	2.1808717948717944	0.005285789473684209	0.575	77.58	1.8464999999999998	0.00398	0.03851037851037824
ENST00000327044.7|ENSG00000188976.11|OTTHUMG00000040720.2|OTTHUMT00000097869.2|NOC2L-201|NOC2L|2757|protein_coding|	1225	TACAA	84.76113636363637	1.963911111111111	0.005095116279069767	0.41181818181818186	84.3	1.797	0.00432	-0.382417889587701
ENST00000327044.7|ENSG00000188976.11|OTTHUMG00000040720.2|OTTHUMT00000097869.2|NOC2L-201|NOC2L|2757|protein_coding|	1226	ACAAC	81.3609756097561	1.86075	0.00529575	0.37	82.155	1.7785	0.00432	-0.38385761589403977
ENST00000327044.7|ENSG00000188976.11|OTTHUMG00000040720.2|OTTHUMT00000097869.2|NOC2L-201|NOC2L|2757|protein_coding|	1227	CAACT	94.69500000000001	2.698525	0.00694675	-0.12	95.14500000000001	2.536	0.0054800000000000005	-0.21781884057971015
ENST00000327044.7|ENSG00000188976.11|OTTHUMG00000040720.2|OTTHUMT00000097869.2|NOC2L-201|NOC2L|2757|protein_coding|	1228	AACTG	93.87933609958507	2.015825	0.007441120331950208	0.35	94.33	1.934	0.00531	-0.2616025641025641
ENST00000327044.7|ENSG00000188976.11|OTTHUMG00000040720.2|OTTHUMT00000097869.2|NOC2L-201|NOC2L|2757|protein_coding|	1229	ACTGG	87.78720930232559	2.281952380952381	0.005296666666666667	0.37	88.22	2.1574999999999998	0.00432	-0.1993149540517961
ENST00000327044.7|ENSG00000188976.11|OTTHUMG00000040720.2|OTTHUMT00000097869.2|NOC2L-201|NOC2L|2757|protein_coding|	1230	CTGGC	101.79895522388061	4.184074626865672	0.00717484375	0.06	102.81	4.206	0.00598	0.048640257359817515
ENST00000327044.7|ENSG00000188976.11|OTTHUMG00000040720.2|OTTHUMT00000097869.2|NOC2L-201|NOC2L|2757|protein_coding|	1231	TGGCA	103.045	5.242666666666667	0.0054413043478260875	-0.71	99.825	5.359999999999999	0.00465	-0.01268047708725669
ENST00000327044.7|ENSG00000188976.11|OTTHUMG00000040720.2|OTTHUMT00000097869.2|NOC2L-201|NOC2L|2757|protein_coding|	1232	GGCAG	105.62151515151514	5.082484848484848	0.0072724242424242426	-0.010606060606060595	105.19	4.666	0.00564	0.3167059192965927
ENST00000327044.7|ENSG00000188976.11|OTTHUMG00000040720.2|OTTHUMT00000097869.2|NOC2L-201|NOC2L|2757|protein_coding|	1233	GCAGT	93.78978723404256	4.0318958333333335	0.005106808510638298	0.37	93.57	4.127	0.00398	-0.20787901113294036
ENST00000327044.7|ENSG00000188976.11|OTTHUMG00000040720.2|OTTHUMT00000097869.2|NOC2L-201|NOC2L|2757|protein_coding|	1234	CAGTA	120.84058823529412	4.610176470588236	0.007322857142857142	0.365	124.365	4.2005	0.006144999999999999	0.14396438476134882
ENST00000327044.7|ENSG00000188976.11|OTTHUMG00000040720.2|OTTHUMT00000097869.2|NOC2L-201|NOC2L|2757|protein_coding|	1235	AGTAT	116.373125	9.826375	0.005156666666666667	-0.755625	117.4	9.339500000000001	0.004314999999999999	0.1479410046728972
ENST00000327044.7|ENSG00000188976.11|OTTHUMG00000040720.2|OTTHUMT00000097869.2|NOC2L-201|NOC2L|2757|protein_coding|	1236	GTATG	86.70212121212121	3.6055937499999997	0.005332727272727273	0.05	86.87	3.3245	0.00432	0.37094819391634976
ENST00000327044.7|ENSG00000188976.11|OTTHUMG00000040720.2|OTTHUMT00000097869.2|NOC2L-201|NOC2L|2757|protein_coding|	1237	TATGT	76.18682926829268	2.858720930232558	0.00555906976744186	-0.715	75.64500000000001	2.6265	0.004815	-0.261312421128538
ENST00000327044.7|ENSG00000188976.11|OTTHUMG00000040720.2|OTTHUMT00000097869.2|NOC2L-201|NOC2L|2757|protein_coding|	1238	ATGTG	86.95459999999999	3.89616	0.007357	0.07	86.91	2.892	0.00631	0.030730158730158802
ENST00000327044.7|ENSG00000188976.11|OTTHUMG00000040720.2|OTTHUMT00000097869.2|NOC2L-201|NOC2L|2757|protein_coding|	1239	TGTGC	87.95325581395349	5.658674418604651	0.006192325581395348	-0.2	91.44	4.127	0.00498	-0.4160294717642259
ENST00000327044.7|ENSG00000188976.11|OTTHUMG00000040720.2|OTTHUMT00000097869.2|NOC2L-201|NOC2L|2757|protein_coding|	1240	GTGCA	88.25430769230769	3.2018870967741937	0.005774920634920634	0.42	88.77	2.754	0.00465	0.02296712357002997
ENST00000327044.7|ENSG00000188976.11|OTTHUMG00000040720.2|OTTHUMT00000097869.2|NOC2L-201|NOC2L|2757|protein_coding|	1241	TGCAC	108.66	3.818360655737705	0.005219344262295081	0.01	108.49000000000001	3.7975000000000003	0.00432	-0.010787394886604948
ENST00000327044.7|ENSG00000188976.11|OTTHUMG00000040720.2|OTTHUMT00000097869.2|NOC2L-201|NOC2L|2757|protein_coding|	1242	GCACT	77.42936936936937	1.8516160714285714	0.005605267857142856	0.095	77.42	1.521	0.004484999999999999	-0.015097834346504503
ENST00000327044.7|ENSG00000188976.11|OTTHUMG00000040720.2|OTTHUMT00000097869.2|NOC2L-201|NOC2L|2757|protein_coding|	1243	CACTG	85.42938775510204	2.0751632653061227	0.005180625	-0.030000000000000002	85.505	2.048	0.004484999999999999	-0.23986693578530302
ENST00000327044.7|ENSG00000188976.11|OTTHUMG00000040720.2|OTTHUMT00000097869.2|NOC2L-201|NOC2L|2757|protein_coding|	1244	ACTGC	87.35133333333333	1.922139534883721	0.006504090909090909	0.3288888888888889	86.98	1.886	0.00498	-0.32556507547939617
ENST00000327044.7|ENSG00000188976.11|OTTHUMG00000040720.2|OTTHUMT00000097869.2|NOC2L-201|NOC2L|2757|protein_coding|	1245	CTGCC	92.87112499999999	2.0982564102564103	0.005809871794871794	0.478125	93.195	2.043	0.004815	-0.329630539854182
ENST00000327044.7|ENSG00000188976.11|OTTHUMG00000040720.2|OTTHUMT00000097869.2|NOC2L-201|NOC2L|2757|protein_coding|	1246	TGCCT	104.06264705882353	5.050828571428571	0.004911764705882353	0.43	104.29	4.727	0.00432	0.5352062527138515
ENST00000327044.7|ENSG00000188976.11|OTTHUMG00000040720.2|OTTHUMT00000097869.2|NOC2L-201|NOC2L|2757|protein_coding|	1247	GCCTC	70.24833333333333	2.278372093023256	0.006594090909090908	0.955	70.78999999999999	1.951	0.00564	-0.030479960415635853
ENST00000327044.7|ENSG00000188976.11|OTTHUMG00000040720.2|OTTHUMT00000097869.2|NOC2L-201|NOC2L|2757|protein_coding|	1248	CCTCT	74.63795918367346	1.3189	0.004295208333333332	-0.12	74.69	1.278	0.00365	-0.5372280701754386
ENST00000327044.7|ENSG00000188976.11|OTTHUMG00000040720.2|OTTHUMT00000097869.2|NOC2L-201|NOC2L|2757|protein_coding|	1249	CTCTT	79.86673469387755	1.414951724137931	0.005063076923076922	0.42	80.16	1.3725	0.00432	-0.3164484424454439
ENST00000327044.7|ENSG00000188976.11|OTTHUMG00000040720.2|OTTHUMT00000097869.2|NOC2L-201|NOC2L|2757|protein_coding|	1250	TCTTC	77.09409090909092	1.1455681818181818	0.004876904761904761	0.03659090909090909	77.015	1.119	0.004484999999999999	-0.5266247182569497
ENST00000327044.7|ENSG00000188976.11|OTTHUMG00000040720.2|OTTHUMT00000097869.2|NOC2L-201|NOC2L|2757|protein_coding|	1251	CTTCC	75.60966666666668	1.400532258064516	0.006064499999999999	0.31	74.89	1.316	0.00531	-0.3234143680847748
ENST00000327044.7|ENSG00000188976.11|OTTHUMG00000040720.2|OTTHUMT00000097869.2|NOC2L-201|NOC2L|2757|protein_coding|	1252	TTCCT	74.19264705882352	1.2836470588235294	0.004413235294117646	0.53	73.1	1.171	0.00398	-0.4418925831202046
ENST00000327044.7|ENSG00000188976.11|OTTHUMG00000040720.2|OTTHUMT00000097869.2|NOC2L-201|NOC2L|2757|protein_coding|	1253	TCCTG	73.6903448275862	1.8571071428571428	0.006461428571428571	0.6741379310344828	74.31	1.765	0.00498	-0.20974164133738604
ENST00000327044.7|ENSG00000188976.11|OTTHUMG00000040720.2|OTTHUMT00000097869.2|NOC2L-201|NOC2L|2757|protein_coding|	1254	CCTGT	86.74684210526316	1.8866486486486487	0.005062638888888889	-0.04105263157894737	86.97	1.729	0.00432	-0.338018018018018
ENST00000327044.7|ENSG00000188976.11|OTTHUMG00000040720.2|OTTHUMT00000097869.2|NOC2L-201|NOC2L|2757|protein_coding|	1255	CTGTG	101.23054945054943	5.3355280898876405	0.006986249999999999	0.30582417582417587	101.23	4.217	0.00564	0.4115153676951431
ENST00000327044.7|ENSG00000188976.11|OTTHUMG00000040720.2|OTTHUMT00000097869.2|NOC2L-201|NOC2L|2757|protein_coding|	1256	TGTGG	93.08675675675676	4.818722222222222	0.005564736842105263	-0.77	89.36	4.0945	0.00398	-0.5027118449719069
ENST00000327044.7|ENSG00000188976.11|OTTHUMG00000040720.2|OTTHUMT00000097869.2|NOC2L-201|NOC2L|2757|protein_coding|	1257	GTGGT	98.65916666666668	4.3415	0.005953103448275861	-0.04700000000000001	99.10499999999999	3.1325	0.005145	0.08809523809523802
ENST00000327044.7|ENSG00000188976.11|OTTHUMG00000040720.2|OTTHUMT00000097869.2|NOC2L-201|NOC2L|2757|protein_coding|	1258	TGGTG	116.58258064516127	4.754403225806451	0.007391475409836066	0.38	117.2	3.8115	0.00631	0.4108021441562168
ENST00000327044.7|ENSG00000188976.11|OTTHUMG00000040720.2|OTTHUMT00000097869.2|NOC2L-201|NOC2L|2757|protein_coding|	1259	GGTGC	86.83617021276596	9.187680851063828	0.005427391304347826	0.1	88.06	8.961	0.00432	inf
ENST00000327044.7|ENSG00000188976.11|OTTHUMG00000040720.2|OTTHUMT00000097869.2|NOC2L-201|NOC2L|2757|protein_coding|	1260	GTGCC	83.0652	3.2598367346938777	0.004958510638297872	-0.13759999999999997	83.2	2.702	0.00465	0.04148138488622294
ENST00000327044.7|ENSG00000188976.11|OTTHUMG00000040720.2|OTTHUMT00000097869.2|NOC2L-201|NOC2L|2757|protein_coding|	1261	TGCCG	102.5796666666667	4.484612903225807	0.004538852459016393	0.04	102.11	4.3395	0.00398	0.3631042259045007
ENST00000327044.7|ENSG00000188976.11|OTTHUMG00000040720.2|OTTHUMT00000097869.2|NOC2L-201|NOC2L|2757|protein_coding|	1262	GCCGG	73.7018	2.9086799999999995	0.0053183673469387755	-0.562	74.2	2.535	0.00465	0.04628776978417255
ENST00000327044.7|ENSG00000188976.11|OTTHUMG00000040720.2|OTTHUMT00000097869.2|NOC2L-201|NOC2L|2757|protein_coding|	1263	CCGGG	93.11448979591837	4.4515714285714285	0.006272708333333332	0.04	92.62	4.78	0.00498	-0.10611015490533572
ENST00000327044.7|ENSG00000188976.11|OTTHUMG00000040720.2|OTTHUMT00000097869.2|NOC2L-201|NOC2L|2757|protein_coding|	1264	CGGGT	113.19258064516129	5.373515151515152	0.0081128125	0.05	113.65	5.251	0.00697	0.3267938645716425
ENST00000327044.7|ENSG00000188976.11|OTTHUMG00000040720.2|OTTHUMT00000097869.2|NOC2L-201|NOC2L|2757|protein_coding|	1265	GGGTC	115.78671875	4.256492307692308	0.008064615384615385	0.56	116.27	3.883	0.00598	inf
ENST00000327044.7|ENSG00000188976.11|OTTHUMG00000040720.2|OTTHUMT00000097869.2|NOC2L-201|NOC2L|2757|protein_coding|	1266	GGTCC	117.6787804878049	6.2776046511627905	0.007690476190476189	0.46	116.3	5.963	0.0073	0.034201754722041226
ENST00000327044.7|ENSG00000188976.11|OTTHUMG00000040720.2|OTTHUMT00000097869.2|NOC2L-201|NOC2L|2757|protein_coding|	1267	GTCCT	70.23457142857144	2.864361111111111	0.005217428571428571	0.31	71.09	2.3064999999999998	0.00432	0.24537439613526582
ENST00000327044.7|ENSG00000188976.11|OTTHUMG00000040720.2|OTTHUMT00000097869.2|NOC2L-201|NOC2L|2757|protein_coding|	1268	TCCTG	73.98315789473685	2.4377627118644067	0.004510172413793103	1.22	75.11500000000001	2.324	0.003815	0.037345834835917725
ENST00000327044.7|ENSG00000188976.11|OTTHUMG00000040720.2|OTTHUMT00000097869.2|NOC2L-201|NOC2L|2757|protein_coding|	1269	CCTGA	92.61715384615384	2.6313333333333335	0.006517578125	-0.3930769230769231	92.87	2.589	0.00581	-0.07672514619883038
ENST00000327044.7|ENSG00000188976.11|OTTHUMG00000040720.2|OTTHUMT00000097869.2|NOC2L-201|NOC2L|2757|protein_coding|	1270	CTGAG	104.69571428571429	5.672031746031745	0.005685645161290322	0.27	106.49	5.066	0.00465	0.2632587407643085
ENST00000327044.7|ENSG00000188976.11|OTTHUMG00000040720.2|OTTHUMT00000097869.2|NOC2L-201|NOC2L|2757|protein_coding|	1271	TGAGC	117.07147058823529	5.2684444444444445	0.004627941176470589	0.235	116.525	4.6754999999999995	0.003985	-0.07408709236477257
ENST00000327044.7|ENSG00000188976.11|OTTHUMG00000040720.2|OTTHUMT00000097869.2|NOC2L-201|NOC2L|2757|protein_coding|	1272	GAGCA	108.31516129032259	4.212043010752688	0.005668695652173913	0.7	109.62	3.125	0.00465	0.39471622872605566
ENST00000327044.7|ENSG00000188976.11|OTTHUMG00000040720.2|OTTHUMT00000097869.2|NOC2L-201|NOC2L|2757|protein_coding|	1273	AGCAC	115.3155294117647	3.381364705882353	0.005786395348837209	-0.24	115.55	2.992	0.00498	-0.123998780859494
ENST00000327044.7|ENSG00000188976.11|OTTHUMG00000040720.2|OTTHUMT00000097869.2|NOC2L-201|NOC2L|2757|protein_coding|	1274	GCACT	76.82199999999999	3.0664827586206904	0.00648125	0.64	77.75	2.85	0.00498	0.6311078503301546
ENST00000327044.7|ENSG00000188976.11|OTTHUMG00000040720.2|OTTHUMT00000097869.2|NOC2L-201|NOC2L|2757|protein_coding|	1275	CACTG	84.92465240641711	1.9503118279569895	0.006619837837837839	-0.2424598930481283	84.51	1.944	0.00498	-0.28560006301941776
ENST00000327044.7|ENSG00000188976.11|OTTHUMG00000040720.2|OTTHUMT00000097869.2|NOC2L-201|NOC2L|2757|protein_coding|	1276	ACTGC	81.6347619047619	2.950136363636364	0.00579860465116279	0.14	83.955	2.2175000000000002	0.0053100000000000005	0.035135566188197784
ENST00000327044.7|ENSG00000188976.11|OTTHUMG00000040720.2|OTTHUMT00000097869.2|NOC2L-201|NOC2L|2757|protein_coding|	1277	CTGCG	93.5698148148148	3.5442075471698105	0.007390370370370368	-0.12388888888888891	93.60499999999999	2.6475	0.00631	0.13233467960696824
ENST00000327044.7|ENSG00000188976.11|OTTHUMG00000040720.2|OTTHUMT00000097869.2|NOC2L-201|NOC2L|2757|protein_coding|	1278	TGCGG	89.1059090909091	5.91590909090909	0.00550047619047619	-0.8300000000000001	87.255	5.590999999999999	0.005145	-0.29488568642323126
ENST00000327044.7|ENSG00000188976.11|OTTHUMG00000040720.2|OTTHUMT00000097869.2|NOC2L-201|NOC2L|2757|protein_coding|	1279	GCGGG	85.82595238095237	6.163928571428572	0.0057004878048780485	-0.20500000000000002	86.14500000000001	5.4055	0.003985	0.23773666092943208
ENST00000327044.7|ENSG00000188976.11|OTTHUMG00000040720.2|OTTHUMT00000097869.2|NOC2L-201|NOC2L|2757|protein_coding|	1280	CGGGC	111.66315789473686	6.630578947368423	0.007196216216216214	-0.3871052631578948	111.29	6.6594999999999995	0.006144999999999999	0.6371799870045489
ENST00000327044.7|ENSG00000188976.11|OTTHUMG00000040720.2|OTTHUMT00000097869.2|NOC2L-201|NOC2L|2757|protein_coding|	1281	GGGCC	102.4464705882353	5.6846764705882356	0.00839090909090909	-0.2373529411764706	102.88	5.709	0.00697	0.07056054060042109
ENST00000327044.7|ENSG00000188976.11|OTTHUMG00000040720.2|OTTHUMT00000097869.2|NOC2L-201|NOC2L|2757|protein_coding|	1282	GGCCC	105.96569767441859	4.171168539325843	0.006999058823529413	0.17	105.62	4.124	0.00531	0.26783238277381255
ENST00000327044.7|ENSG00000188976.11|OTTHUMG00000040720.2|OTTHUMT00000097869.2|NOC2L-201|NOC2L|2757|protein_coding|	1283	GCCCC	66.65607843137255	2.700843137254902	0.005670196078431371	0.39	65.955	2.0095	0.00432	0.30475513877048416
ENST00000327044.7|ENSG00000188976.11|OTTHUMG00000040720.2|OTTHUMT00000097869.2|NOC2L-201|NOC2L|2757|protein_coding|	1284	CCCCA	63.0714	1.2564285714285715	0.004376734693877551	0.03440000000000001	62.85	1.211	0.00365	-0.3930296756383712
ENST00000327044.7|ENSG00000188976.11|OTTHUMG00000040720.2|OTTHUMT00000097869.2|NOC2L-201|NOC2L|2757|protein_coding|	1285	CCCAG	74.2066037735849	2.009326923076923	0.0046986538461538455	0.78	74.12	1.9235	0.00432	-0.047712358731316025
ENST00000327044.7|ENSG00000188976.11|OTTHUMG00000040720.2|OTTHUMT00000097869.2|NOC2L-201|NOC2L|2757|protein_coding|	1286	CCAGC	95.2808	4.9156933333333335	0.004834794520547945	0.58	96.625	3.6105	0.00415	-0.03424492468893249
ENST00000327044.7|ENSG00000188976.11|OTTHUMG00000040720.2|OTTHUMT00000097869.2|NOC2L-201|NOC2L|2757|protein_coding|	1287	CAGCG	109.20377358490568	4.671923076923077	0.007309999999999999	0.006792452830188694	109.32	4.446	0.00631	0.5469943963321447
ENST00000327044.7|ENSG00000188976.11|OTTHUMG00000040720.2|OTTHUMT00000097869.2|NOC2L-201|NOC2L|2757|protein_coding|	1288	AGCGA	98.95566666666669	6.698633333333333	0.005691785714285714	-0.583	100.125	5.672000000000001	0.004815	-0.20159316646801753
ENST00000327044.7|ENSG00000188976.11|OTTHUMG00000040720.2|OTTHUMT00000097869.2|NOC2L-201|NOC2L|2757|protein_coding|	1289	GCGAA	93.41996987951808	4.775176291793313	0.007271083591331269	0.15894578313253013	94.29	3.804	0.00531	0.1967860380434368
ENST00000327044.7|ENSG00000188976.11|OTTHUMG00000040720.2|OTTHUMT00000097869.2|NOC2L-201|NOC2L|2757|protein_coding|	1290	CGAAG	109.60425000000001	4.451325	0.0054275	-0.027249999999999986	110.08	4.2775	0.004815	-0.19940197841726617
ENST00000327044.7|ENSG00000188976.11|OTTHUMG00000040720.2|OTTHUMT00000097869.2|NOC2L-201|NOC2L|2757|protein_coding|	1291	GAAGC	96.95553030303032	6.081189393939393	0.007554126984126985	-0.6678787878787878	96.36	6.1845	0.00631	0.4978298999850724
ENST00000327044.7|ENSG00000188976.11|OTTHUMG00000040720.2|OTTHUMT00000097869.2|NOC2L-201|NOC2L|2757|protein_coding|	1292	AAGCC	100.48832432432432	4.344648648648649	0.008406065573770492	-0.66	99.995	4.263	0.0073	inf
ENST00000327044.7|ENSG00000188976.11|OTTHUMG00000040720.2|OTTHUMT00000097869.2|NOC2L-201|NOC2L|2757|protein_coding|	1293	AGCCC	111.70250000000001	4.1392173913043475	0.006632	0.345	112.1	3.8555	0.005145	0.2581207876305007
ENST00000327044.7|ENSG00000188976.11|OTTHUMG00000040720.2|OTTHUMT00000097869.2|NOC2L-201|NOC2L|2757|protein_coding|	1294	GCCCT	65.69490322580644	1.5246953642384105	0.0056674509803921564	-0.2620512820512821	65.46	1.287	0.00432	-0.26343219118917366
ENST00000327044.7|ENSG00000188976.11|OTTHUMG00000040720.2|OTTHUMT00000097869.2|NOC2L-201|NOC2L|2757|protein_coding|	1295	CCCTC	67.71046511627907	1.374439024390244	0.006355476190476191	-0.33232558139534885	67.38	1.355	0.00432	-0.4151323300467047
ENST00000327044.7|ENSG00000188976.11|OTTHUMG00000040720.2|OTTHUMT00000097869.2|NOC2L-201|NOC2L|2757|protein_coding|	1296	CCTCC	73.66224137931036	2.108965517241379	0.00578457627118644	0.435	73.47	1.675	0.00564	-0.26001209921355123
ENST00000327044.7|ENSG00000188976.11|OTTHUMG00000040720.2|OTTHUMT00000097869.2|NOC2L-201|NOC2L|2757|protein_coding|	1297	CTCCA	68.54236842105264	1.4833513513513514	0.00533	-0.4094736842105264	68.49000000000001	1.371	0.00398	-0.35506462984723847
ENST00000327044.7|ENSG00000188976.11|OTTHUMG00000040720.2|OTTHUMT00000097869.2|NOC2L-201|NOC2L|2757|protein_coding|	1298	TCCAG	73.66404958677687	1.8679504132231404	0.005341932773109244	0.37	73.44	1.756	0.00465	-0.1147154439700756
ENST00000327044.7|ENSG00000188976.11|OTTHUMG00000040720.2|OTTHUMT00000097869.2|NOC2L-201|NOC2L|2757|protein_coding|	1299	CCAGC	89.74746268656715	2.8921714285714284	0.004776268656716417	-0.2	91.01	2.707	0.00398	-0.4317934325007017
ENST00000327044.7|ENSG00000188976.11|OTTHUMG00000040720.2|OTTHUMT00000097869.2|NOC2L-201|NOC2L|2757|protein_coding|	1300	CAGCC	105.14121951219512	2.5953000000000004	0.00526175	0.3041463414634146	106.06	2.262	0.00498	-0.14062913907284755
ENST00000327044.7|ENSG00000188976.11|OTTHUMG00000040720.2|OTTHUMT00000097869.2|NOC2L-201|NOC2L|2757|protein_coding|	1301	AGCCC	110.68967213114752	3.92140625	0.007229516129032258	-0.155	110.105	3.6995	0.005475	0.19191679331306988
ENST00000327044.7|ENSG00000188976.11|OTTHUMG00000040720.2|OTTHUMT00000097869.2|NOC2L-201|NOC2L|2757|protein_coding|	1302	GCCCT	67.73303797468355	2.309048780487805	0.00617578313253012	0.67	67.69	1.838	0.00531	0.11548250265111352
ENST00000327044.7|ENSG00000188976.11|OTTHUMG00000040720.2|OTTHUMT00000097869.2|NOC2L-201|NOC2L|2757|protein_coding|	1303	CCCTT	71.58707317073171	1.5144375	0.005534177215189872	0.54	72.24	1.397	0.00432	-0.35555851063829785
ENST00000327044.7|ENSG00000188976.11|OTTHUMG00000040720.2|OTTHUMT00000097869.2|NOC2L-201|NOC2L|2757|protein_coding|	1304	CCTTG	77.4539705882353	1.527378787878788	0.00571235294117647	-0.07	77.275	1.5565	0.00498	-0.3688517405459554
ENST00000327044.7|ENSG00000188976.11|OTTHUMG00000040720.2|OTTHUMT00000097869.2|NOC2L-201|NOC2L|2757|protein_coding|	1305	CTTGG	91.26729166666667	2.331276595744681	0.006053829787234041	0.99	91.68	2.201	0.00498	-0.12027298273785618
ENST00000327044.7|ENSG00000188976.11|OTTHUMG00000040720.2|OTTHUMT00000097869.2|NOC2L-201|NOC2L|2757|protein_coding|	1306	TTGGT	103.40492307692307	3.681769230769231	0.006535625	0.26	103.56	3.889	0.00531	-0.07725081935608252
ENST00000327044.7|ENSG00000188976.11|OTTHUMG00000040720.2|OTTHUMT00000097869.2|NOC2L-201|NOC2L|2757|protein_coding|	1307	TGGTC	111.74810810810808	4.226263157894737	0.006316052631578947	-0.07	112.71	3.361	0.00498	0.25408402311416517
ENST00000327044.7|ENSG00000188976.11|OTTHUMG00000040720.2|OTTHUMT00000097869.2|NOC2L-201|NOC2L|2757|protein_coding|	1308	GGTCT	105.14954545454545	9.320045454545452	0.005794545454545455	-1.5195454545454548	104.8	9.043	0.00498	0.5354275872397779
ENST00000327044.7|ENSG00000188976.11|OTTHUMG00000040720.2|OTTHUMT00000097869.2|NOC2L-201|NOC2L|2757|protein_coding|	1309	GTCTA	77.74879032258063	1.954396694214876	0.0055570491803278695	0.38	78.19	1.253	0.00432	-0.05584700762566367
ENST00000327044.7|ENSG00000188976.11|OTTHUMG00000040720.2|OTTHUMT00000097869.2|NOC2L-201|NOC2L|2757|protein_coding|	1310	TCTAC	82.89549019607843	3.6091730769230774	0.004432941176470587	-0.13	82.61	1.783	0.00365	0.37230915472360365
ENST00000327044.7|ENSG00000188976.11|OTTHUMG00000040720.2|OTTHUMT00000097869.2|NOC2L-201|NOC2L|2757|protein_coding|	1311	CTACC	76.77845637583893	1.3946466666666666	0.006329536423841059	0.245	76.995	1.2719999999999998	0.00498	-0.3358825396825397
ENST00000327044.7|ENSG00000188976.11|OTTHUMG00000040720.2|OTTHUMT00000097869.2|NOC2L-201|NOC2L|2757|protein_coding|	1312	TACCC	80.52573770491803	1.7237619047619046	0.0043590163934426225	0.43	80.36	1.701	0.00365	-0.38656159972885956
ENST00000327044.7|ENSG00000188976.11|OTTHUMG00000040720.2|OTTHUMT00000097869.2|NOC2L-201|NOC2L|2757|protein_coding|	1313	ACCCC	67.43304347826087	1.6121739130434782	0.005587887323943661	0.43	67.395	1.525	0.00465	-0.22117202268430997
ENST00000327044.7|ENSG00000188976.11|OTTHUMG00000040720.2|OTTHUMT00000097869.2|NOC2L-201|NOC2L|2757|protein_coding|	1314	CCCCC	61.371914893617024	1.2556170212765958	0.004682978723404255	-0.125	61.875	1.1775	0.00465	-0.39342172885188603
ENST00000327044.7|ENSG00000188976.11|OTTHUMG00000040720.2|OTTHUMT00000097869.2|NOC2L-201|NOC2L|2757|protein_coding|	1315	CCCCT	65.4433	1.3637070707070704	0.006398181818181818	0.355	65.38499999999999	1.3250000000000002	0.00498	-0.34120431366808185
ENST00000327044.7|ENSG00000188976.11|OTTHUMG00000040720.2|OTTHUMT00000097869.2|NOC2L-201|NOC2L|2757|protein_coding|	1316	CCCTT	71.18296296296296	1.3305882352941176	0.005603614457831325	0.34	71.275	1.2349999999999999	0.004815	-0.4337922403003755
ENST00000327044.7|ENSG00000188976.11|OTTHUMG00000040720.2|OTTHUMT00000097869.2|NOC2L-201|NOC2L|2757|protein_coding|	1317	CCTTG	77.15	1.2882369942196532	0.006078538011695905	-0.18	77.035	1.2825	0.00432	-0.46767066354559783
ENST00000327044.7|ENSG00000188976.11|OTTHUMG00000040720.2|OTTHUMT00000097869.2|NOC2L-201|NOC2L|2757|protein_coding|	1318	CTTGC	82.99841463414634	1.6574390243902442	0.008264047619047619	-0.405	83.03999999999999	1.5114999999999998	0.00664	-0.37455131155085125
ENST00000327044.7|ENSG00000188976.11|OTTHUMG00000040720.2|OTTHUMT00000097869.2|NOC2L-201|NOC2L|2757|protein_coding|	1319	TTGCC	91.51870370370371	2.1982727272727267	0.005730185185185184	0.77	92.64	2.116	0.00432	inf
ENST00000327044.7|ENSG00000188976.11|OTTHUMG00000040720.2|OTTHUMT00000097869.2|NOC2L-201|NOC2L|2757|protein_coding|	1320	TGCCC	102.78711111111112	4.234244444444445	0.0064555555555555555	-0.07	102.63	4.114000000000001	0.0054800000000000005	0.28700439040864595
ENST00000327044.7|ENSG00000188976.11|OTTHUMG00000040720.2|OTTHUMT00000097869.2|NOC2L-201|NOC2L|2757|protein_coding|	1321	GCCCA	65.2619230769231	2.103745454545455	0.004834905660377358	0.16	64.82	1.785	0.00398	0.016302151954326178
ENST00000327044.7|ENSG00000188976.11|OTTHUMG00000040720.2|OTTHUMT00000097869.2|NOC2L-201|NOC2L|2757|protein_coding|	1322	CCCAA	73.00879032258065	1.7673790322580647	0.006042	-0.12	73.05	1.687	0.00465	-0.1623796055648982
ENST00000327044.7|ENSG00000188976.11|OTTHUMG00000040720.2|OTTHUMT00000097869.2|NOC2L-201|NOC2L|2757|protein_coding|	1323	CCAAG	86.58191780821919	2.4024189189189187	0.005916575342465754	0.21	86.83	2.39	0.00531	-0.20449704671558985
ENST00000327044.7|ENSG00000188976.11|OTTHUMG00000040720.2|OTTHUMT00000097869.2|NOC2L-201|NOC2L|2757|protein_coding|	1324	CAAGT	104.91117647058825	3.5369038461538462	0.005950192307692306	0.27	106.18	3.618	0.00564	-0.12884141720348607
ENST00000327044.7|ENSG00000188976.11|OTTHUMG00000040720.2|OTTHUMT00000097869.2|NOC2L-201|NOC2L|2757|protein_coding|	1325	AAGTC	114.64410256410254	3.681243243243243	0.004862702702702703	-0.06615384615384616	115.06	3.48	0.00465	-0.08654013815304146
ENST00000327044.7|ENSG00000188976.11|OTTHUMG00000040720.2|OTTHUMT00000097869.2|NOC2L-201|NOC2L|2757|protein_coding|	1326	AGTCA	119.60390243902437	7.410107142857144	0.008230123456790125	-0.225	120.625	7.404	0.00598	0.22077547658272545
ENST00000327044.7|ENSG00000188976.11|OTTHUMG00000040720.2|OTTHUMT00000097869.2|NOC2L-201|NOC2L|2757|protein_coding|	1327	GTCAT	76.53833333333334	1.8955833333333336	0.0053901666666666655	-0.21	77.68	1.61	0.00498	-0.17583333333333315
ENST00000327044.7|ENSG00000188976.11|OTTHUMG00000040720.2|OTTHUMT00000097869.2|NOC2L-201|NOC2L|2757|protein_coding|	1328	TCATC	85.4145205479452	1.5972638888888888	0.004511408450704224	0.12534246575342464	85.25	1.436	0.00365	-0.2501108502869066
ENST00000327044.7|ENSG00000188976.11|OTTHUMG00000040720.2|OTTHUMT00000097869.2|NOC2L-201|NOC2L|2757|protein_coding|	1329	CATCA	86.73529411764706	2.1455151515151516	0.004607272727272726	-0.06441176470588236	87.47	1.984	0.00398	-0.6235938330675173
ENST00000327044.7|ENSG00000188976.11|OTTHUMG00000040720.2|OTTHUMT00000097869.2|NOC2L-201|NOC2L|2757|protein_coding|	1330	ATCAT	80.39962962962963	1.2368333333333332	0.0066976250000000005	0.55	80.74000000000001	1.2349999999999999	0.00432	-0.4622463768115942
ENST00000327044.7|ENSG00000188976.11|OTTHUMG00000040720.2|OTTHUMT00000097869.2|NOC2L-201|NOC2L|2757|protein_coding|	1331	TCATT	89.18920000000001	1.6480410958904108	0.005382133333333333	0.30000000000000004	89.02000000000001	1.6484999999999999	0.004484999999999999	-0.22627178596694325
ENST00000327044.7|ENSG00000188976.11|OTTHUMG00000040720.2|OTTHUMT00000097869.2|NOC2L-201|NOC2L|2757|protein_coding|	1332	CATTG	88.38117647058823	3.16969696969697	0.005243235294117646	-0.07	90.06	2.21	0.00465	-0.42681790783056606
ENST00000327044.7|ENSG00000188976.11|OTTHUMG00000040720.2|OTTHUMT00000097869.2|NOC2L-201|NOC2L|2757|protein_coding|	1333	ATTGG	85.79230769230769	2.108447368421053	0.004857368421052631	-0.07743589743589745	85.89	2.118	0.00432	-0.20435948361469689
ENST00000327044.7|ENSG00000188976.11|OTTHUMG00000040720.2|OTTHUMT00000097869.2|NOC2L-201|NOC2L|2757|protein_coding|	1334	TTGGC	103.35696428571428	3.987672413793103	0.008201578947368419	0.84	103.99000000000001	3.6355	0.006475	-0.0005833549390719279
ENST00000327044.7|ENSG00000188976.11|OTTHUMG00000040720.2|OTTHUMT00000097869.2|NOC2L-201|NOC2L|2757|protein_coding|	1335	TGGCT	109.94375	4.0096341463414635	0.006424250000000001	0.18175	108.74	3.823	0.00432	-0.244889991272794
ENST00000327044.7|ENSG00000188976.11|OTTHUMG00000040720.2|OTTHUMT00000097869.2|NOC2L-201|NOC2L|2757|protein_coding|	1336	GGCTG	110.45492307692307	4.585767676767676	0.007032198952879582	-0.165	110.39	4.768	0.00531	0.29176554275145816
ENST00000327044.7|ENSG00000188976.11|OTTHUMG00000040720.2|OTTHUMT00000097869.2|NOC2L-201|NOC2L|2757|protein_coding|	1337	GCTGT	83.68381578947368	2.126093333333334	0.006215789473684209	-0.18552631578947368	83.775	2.0279999999999996	0.005475	-0.2540023391812864
ENST00000327044.7|ENSG00000188976.11|OTTHUMG00000040720.2|OTTHUMT00000097869.2|NOC2L-201|NOC2L|2757|protein_coding|	1338	CTGTA	101.61139999999999	3.7706800000000005	0.0061817999999999994	-0.15500000000000003	100.965	3.1784999999999997	0.00564	-0.0024656084656082882
ENST00000327044.7|ENSG00000188976.11|OTTHUMG00000040720.2|OTTHUMT00000097869.2|NOC2L-201|NOC2L|2757|protein_coding|	1339	TGTAT	94.5557777777778	6.50791111111111	0.004840465116279069	0.08	104.78	6.19	0.00398	inf
ENST00000327044.7|ENSG00000188976.11|OTTHUMG00000040720.2|OTTHUMT00000097869.2|NOC2L-201|NOC2L|2757|protein_coding|	1340	GTATC	86.8653846153846	1.906724137931034	0.005091348314606742	-0.060000000000000005	86.815	1.6345	0.00432	-0.2750098334862988
ENST00000327044.7|ENSG00000188976.11|OTTHUMG00000040720.2|OTTHUMT00000097869.2|NOC2L-201|NOC2L|2757|protein_coding|	1341	TATCA	90.40820512820514	2.9857249999999995	0.0070574358974358955	-0.21	90.67	2.747	0.00531	-0.4761885964912282
ENST00000327044.7|ENSG00000188976.11|OTTHUMG00000040720.2|OTTHUMT00000097869.2|NOC2L-201|NOC2L|2757|protein_coding|	1342	ATCAA	78.32043478260869	1.720868131868132	0.004957777777777778	-0.15	78.42	1.69	0.00432	-0.2517964644051599
ENST00000327044.7|ENSG00000188976.11|OTTHUMG00000040720.2|OTTHUMT00000097869.2|NOC2L-201|NOC2L|2757|protein_coding|	1343	TCAAG	88.48752808988765	2.8901222222222223	0.005215999999999999	0.78	88.46000000000001	2.709	0.00432	-0.043005886681383367
ENST00000327044.7|ENSG00000188976.11|OTTHUMG00000040720.2|OTTHUMT00000097869.2|NOC2L-201|NOC2L|2757|protein_coding|	1344	CAAGC	102.83977777777778	4.411272727272728	0.0069948837209302325	-0.004222222222222245	103.47	4.249	0.00598	0.0865203761755488
ENST00000327044.7|ENSG00000188976.11|OTTHUMG00000040720.2|OTTHUMT00000097869.2|NOC2L-201|NOC2L|2757|protein_coding|	1345	AAGCT	110.33838095238094	3.829798165137615	0.007814056603773585	0.065	110.58000000000001	3.6985	0.00664	0.2681450877939122
ENST00000327044.7|ENSG00000188976.11|OTTHUMG00000040720.2|OTTHUMT00000097869.2|NOC2L-201|NOC2L|2757|protein_coding|	1346	AGCTC	115.28465116279071	5.157595238095238	0.006316190476190475	-0.41	115.92	5.323	0.00498	0.4528437290409123
ENST00000327044.7|ENSG00000188976.11|OTTHUMG00000040720.2|OTTHUMT00000097869.2|NOC2L-201|NOC2L|2757|protein_coding|	1347	GCTCA	74.96285714285715	2.560333333333334	0.005106825396825395	-0.33	75.15	2.161	0.00465	-0.10163742690058467
ENST00000327044.7|ENSG00000188976.11|OTTHUMG00000040720.2|OTTHUMT00000097869.2|NOC2L-201|NOC2L|2757|protein_coding|	1348	CTCAT	79.21129032258065	1.4681333333333335	0.004824666666666666	-0.37	78.63	1.462	0.00432	-0.3616811594202897
ENST00000327044.7|ENSG00000188976.11|OTTHUMG00000040720.2|OTTHUMT00000097869.2|NOC2L-201|NOC2L|2757|protein_coding|	1349	TCATC	85.24981818181818	1.7277592592592592	0.004870727272727272	0.29000000000000004	85.7	1.5685	0.00398	-0.18884541818814118
ENST00000327044.7|ENSG00000188976.11|OTTHUMG00000040720.2|OTTHUMT00000097869.2|NOC2L-201|NOC2L|2757|protein_coding|	1350	CATCC	83.9654054054054	2.795236842105263	0.005527567567567567	-0.4883783783783784	84.95	2.791	0.00432	-0.5096075715604802
ENST00000327044.7|ENSG00000188976.11|OTTHUMG00000040720.2|OTTHUMT00000097869.2|NOC2L-201|NOC2L|2757|protein_coding|	1351	ATCCC	69.81983050847458	1.8412881355932205	0.006532542372881355	-0.24	69.34	1.566	0.00531	-0.19943994104642582
ENST00000327044.7|ENSG00000188976.11|OTTHUMG00000040720.2|OTTHUMT00000097869.2|NOC2L-201|NOC2L|2757|protein_coding|	1352	TCCCC	65.06264150943396	1.0219811320754717	0.006052307692307692	0.04622641509433962	65.21000000000001	1.0314999999999999	0.004815	-0.5062893081761006
ENST00000327044.7|ENSG00000188976.11|OTTHUMG00000040720.2|OTTHUMT00000097869.2|NOC2L-201|NOC2L|2757|protein_coding|	1353	CCCCA	61.78464285714285	1.2812280701754386	0.005356379310344827	0.05	62.71	0.973	0.00465	-0.3810492414611407
ENST00000327044.7|ENSG00000188976.11|OTTHUMG00000040720.2|OTTHUMT00000097869.2|NOC2L-201|NOC2L|2757|protein_coding|	1354	CCCAC	71.46866666666666	1.9533999999999998	0.007244444444444442	0.72	72.495	1.795	0.00631	-0.07421800947867302
ENST00000327044.7|ENSG00000188976.11|OTTHUMG00000040720.2|OTTHUMT00000097869.2|NOC2L-201|NOC2L|2757|protein_coding|	1355	CCACT	77.61974683544304	2.413518987341772	0.0073381012658227844	-0.11	77.60499999999999	2.43	0.00598	0.28378669539455975
ENST00000327044.7|ENSG00000188976.11|OTTHUMG00000040720.2|OTTHUMT00000097869.2|NOC2L-201|NOC2L|2757|protein_coding|	1356	CACTG	84.47066666666669	2.0438933333333336	0.004661351351351351	-0.29	84.6	1.95	0.00398	-0.2513211233211232
ENST00000327044.7|ENSG00000188976.11|OTTHUMG00000040720.2|OTTHUMT00000097869.2|NOC2L-201|NOC2L|2757|protein_coding|	1357	ACTGC	85.44538461538461	1.6507692307692308	0.005107692307692308	-0.26	85.04	1.664	0.00432	-0.42078272604588396
ENST00000327044.7|ENSG00000188976.11|OTTHUMG00000040720.2|OTTHUMT00000097869.2|NOC2L-201|NOC2L|2757|protein_coding|	1358	CTGCC	92.4271875	2.1760322580645157	0.005400999999999999	0.76	93.33	2.1189999999999998	0.004484999999999999	-0.30478202617747097
ENST00000327044.7|ENSG00000188976.11|OTTHUMG00000040720.2|OTTHUMT00000097869.2|NOC2L-201|NOC2L|2757|protein_coding|	1359	TGCCC	103.381914893617	4.7480851063829785	0.006182444444444443	0.2	103.78	4.713	0.00432	0.44318696242643724
ENST00000327044.7|ENSG00000188976.11|OTTHUMG00000040720.2|OTTHUMT00000097869.2|NOC2L-201|NOC2L|2757|protein_coding|	1360	GCCCG	67.05618181818183	1.9671454545454543	0.00651037037037037	0.5367272727272728	66.89	1.867	0.00498	-0.049688186209925385
ENST00000327044.7|ENSG00000188976.11|OTTHUMG00000040720.2|OTTHUMT00000097869.2|NOC2L-201|NOC2L|2757|protein_coding|	1361	CCCGC	77.56868686868687	2.077448979591837	0.0062041414141414146	0.27	77.77	1.816	0.00564	-0.2527161943914255
ENST00000327044.7|ENSG00000188976.11|OTTHUMG00000040720.2|OTTHUMT00000097869.2|NOC2L-201|NOC2L|2757|protein_coding|	1362	CCGCT	89.31301886792453	2.243909090909091	0.0061238181818181825	0.535	90.475	2.1639999999999997	0.005145	-0.136958041958042
ENST00000327044.7|ENSG00000188976.11|OTTHUMG00000040720.2|OTTHUMT00000097869.2|NOC2L-201|NOC2L|2757|protein_coding|	1363	CGCTT	103.13058823529411	4.0926944444444455	0.004988571428571429	0.009999999999999995	102.12	3.9254999999999995	0.004484999999999999	0.15287167449139316
ENST00000327044.7|ENSG00000188976.11|OTTHUMG00000040720.2|OTTHUMT00000097869.2|NOC2L-201|NOC2L|2757|protein_coding|	1364	GCTTC	74.4336170212766	2.0864285714285713	0.005209795918367347	-0.385	75.01	1.5950000000000002	0.00415	-0.13783943329397877
ENST00000327044.7|ENSG00000188976.11|OTTHUMG00000040720.2|OTTHUMT00000097869.2|NOC2L-201|NOC2L|2757|protein_coding|	1365	CTTCT	75.77609756097561	1.3489	0.006138048780487805	-0.9299999999999999	75.39500000000001	1.341	0.00531	-0.34835748792270527
ENST00000327044.7|ENSG00000188976.11|OTTHUMG00000040720.2|OTTHUMT00000097869.2|NOC2L-201|NOC2L|2757|protein_coding|	1366	TTCTA	80.39762711864408	1.5294310344827589	0.005836491228070175	0.34508474576271186	80.58	1.572	0.00432	-0.2611444277861068
ENST00000327044.7|ENSG00000188976.11|OTTHUMG00000040720.2|OTTHUMT00000097869.2|NOC2L-201|NOC2L|2757|protein_coding|	1367	TCTAC	82.755	1.6482340425531914	0.005325833333333333	-0.04510204081632654	82.9	1.696	0.00398	-0.3732950408542998
ENST00000327044.7|ENSG00000188976.11|OTTHUMG00000040720.2|OTTHUMT00000097869.2|NOC2L-201|NOC2L|2757|protein_coding|	1368	CTACC	73.94394736842105	1.6533076923076924	0.005079749999999999	0.7	77.71	1.495	0.00432	-0.21271062271062272
ENST00000327044.7|ENSG00000188976.11|OTTHUMG00000040720.2|OTTHUMT00000097869.2|NOC2L-201|NOC2L|2757|protein_coding|	1369	TACCC	79.89936170212766	1.9531304347826088	0.005246304347826086	0.29	79.77	1.893	0.00432	-0.3049357883335912
ENST00000327044.7|ENSG00000188976.11|OTTHUMG00000040720.2|OTTHUMT00000097869.2|NOC2L-201|NOC2L|2757|protein_coding|	1370	ACCCG	67.30983333333333	1.6029322033898303	0.004951016949152541	0.23	67.85	1.556	0.00398	-0.22563661671988866
ENST00000327044.7|ENSG00000188976.11|OTTHUMG00000040720.2|OTTHUMT00000097869.2|NOC2L-201|NOC2L|2757|protein_coding|	1371	CCCGC	79.10538461538461	1.8066874999999998	0.005065483870967742	0.705	79.315	1.7335	0.00465	-0.3501124100719425
ENST00000327044.7|ENSG00000188976.11|OTTHUMG00000040720.2|OTTHUMT00000097869.2|NOC2L-201|NOC2L|2757|protein_coding|	1372	CCGCT	89.44745098039215	2.2344489795918365	0.0051456	0.135	89.525	2.169	0.00432	-0.14059654631083213
ENST00000327044.7|ENSG00000188976.11|OTTHUMG00000040720.2|OTTHUMT00000097869.2|NOC2L-201|NOC2L|2757|protein_coding|	1373	CGCTG	103.03360000000002	3.989333333333333	0.0061954	0.05	101.99	4.037	0.00498	0.12375586854460095
ENST00000327044.7|ENSG00000188976.11|OTTHUMG00000040720.2|OTTHUMT00000097869.2|NOC2L-201|NOC2L|2757|protein_coding|	1374	GCTGC	84.16509433962266	1.9995660377358488	0.006122777777777778	0.22	83.88	1.853	0.00498	-0.2983978814961934
ENST00000327044.7|ENSG00000188976.11|OTTHUMG00000040720.2|OTTHUMT00000097869.2|NOC2L-201|NOC2L|2757|protein_coding|	1375	CTGCG	97.02425373134328	3.0728923076923076	0.007663409090909091	0.86	97.43	2.942	0.00598	-0.018245269107888915
ENST00000327044.7|ENSG00000188976.11|OTTHUMG00000040720.2|OTTHUMT00000097869.2|NOC2L-201|NOC2L|2757|protein_coding|	1376	TGCGA	94.58257142857143	4.418342857142857	0.004795277777777777	0.455	97.015	3.9025	0.003815	-0.4733798739996595
ENST00000327044.7|ENSG00000188976.11|OTTHUMG00000040720.2|OTTHUMT00000097869.2|NOC2L-201|NOC2L|2757|protein_coding|	1377	GCGAA	95.75456140350876	3.694465517241379	0.005695344827586206	0.83	96.7	3.249	0.00432	-0.0740687926713336
ENST00000327044.7|ENSG00000188976.11|OTTHUMG00000040720.2|OTTHUMT00000097869.2|NOC2L-201|NOC2L|2757|protein_coding|	1378	CGAAT	117.82928571428575	4.367785714285715	0.005606666666666666	0.325	116.67	4.914	0.00465	-0.21442702980472753
ENST00000327044.7|ENSG00000188976.11|OTTHUMG00000040720.2|OTTHUMT00000097869.2|NOC2L-201|NOC2L|2757|protein_coding|	1379	GAATG	108.06622222222224	4.817583333333333	0.006590425531914893	0.235	107.66	4.907	0.00564	0.5490621650589497
ENST00000327044.7|ENSG00000188976.11|OTTHUMG00000040720.2|OTTHUMT00000097869.2|NOC2L-201|NOC2L|2757|protein_coding|	1380	AATGC	80.18301886792455	4.9453272727272735	0.006363148148148146	-0.34	79.51	4.472	0.00498	0.27786234437397245
ENST00000327044.7|ENSG00000188976.11|OTTHUMG00000040720.2|OTTHUMT00000097869.2|NOC2L-201|NOC2L|2757|protein_coding|	1381	ATGCA	86.84272727272727	4.403393939393939	0.0063381818181818175	0.675	87.27000000000001	3.6905	0.00531	0.4068351244070093
ENST00000327044.7|ENSG00000188976.11|OTTHUMG00000040720.2|OTTHUMT00000097869.2|NOC2L-201|NOC2L|2757|protein_coding|	1382	TGCAC	108.31181818181817	4.558481481481482	0.005329814814814813	0.045	108.63499999999999	4.672499999999999	0.00432	0.1809537516791404
ENST00000327044.7|ENSG00000188976.11|OTTHUMG00000040720.2|OTTHUMT00000097869.2|NOC2L-201|NOC2L|2757|protein_coding|	1383	GCACT	75.5688	1.9810133333333333	0.006157333333333333	-0.455	75.765	1.7185000000000001	0.00465	0.053730496453900746
ENST00000327044.7|ENSG00000188976.11|OTTHUMG00000040720.2|OTTHUMT00000097869.2|NOC2L-201|NOC2L|2757|protein_coding|	1384	CACTG	85.7819642857143	1.8680909090909092	0.0057705454545454535	0.010892857142857143	86.055	1.758	0.00498	-0.31571761571761564
ENST00000327044.7|ENSG00000188976.11|OTTHUMG00000040720.2|OTTHUMT00000097869.2|NOC2L-201|NOC2L|2757|protein_coding|	1385	ACTGC	85.96285714285715	1.8984186046511622	0.008148409090909088	-0.28500000000000003	85.02	1.7694999999999999	0.007135	-0.3338882088943291
ENST00000327044.7|ENSG00000188976.11|OTTHUMG00000040720.2|OTTHUMT00000097869.2|NOC2L-201|NOC2L|2757|protein_coding|	1386	CTGCA	98.13146341463415	3.000759493670886	0.0061600000000000005	0.8095121951219514	98.75	2.602	0.00498	-0.041290896590771245
ENST00000327044.7|ENSG00000188976.11|OTTHUMG00000040720.2|OTTHUMT00000097869.2|NOC2L-201|NOC2L|2757|protein_coding|	1387	TGCAT	104.06462686567164	5.897235294117648	0.005638461538461539	-0.445	103.735	5.652	0.00498	0.5277811642791834
ENST00000327044.7|ENSG00000188976.11|OTTHUMG00000040720.2|OTTHUMT00000097869.2|NOC2L-201|NOC2L|2757|protein_coding|	1388	GCATC	81.1483606557377	1.7756500000000002	0.005024745762711864	0.20918032786885246	81.63	1.456	0.00432	-0.16636150234741773
ENST00000327044.7|ENSG00000188976.11|OTTHUMG00000040720.2|OTTHUMT00000097869.2|NOC2L-201|NOC2L|2757|protein_coding|	1389	CATCC	86.70854166666668	3.1311250000000004	0.0058702127659574456	0.05	87.73	2.657	0.00498	-0.4506798245614035
ENST00000327044.7|ENSG00000188976.11|OTTHUMG00000040720.2|OTTHUMT00000097869.2|NOC2L-201|NOC2L|2757|protein_coding|	1390	ATCCG	71.22035294117649	1.3546162790697676	0.0058668604651162795	0.19	71.33	1.283	0.00531	-0.41103640040444883
ENST00000327044.7|ENSG00000188976.11|OTTHUMG00000040720.2|OTTHUMT00000097869.2|NOC2L-201|NOC2L|2757|protein_coding|	1391	TCCGT	78.2854	1.85562	0.005263877551020408	0.3554	78.515	1.6655	0.004484999999999999	-0.3325107913669064
ENST00000327044.7|ENSG00000188976.11|OTTHUMG00000040720.2|OTTHUMT00000097869.2|NOC2L-201|NOC2L|2757|protein_coding|	1392	CCGTG	92.03342105263157	4.41584	0.006259599999999999	0.73	92.73	3.404	0.00564	0.4478163934426231
ENST00000327044.7|ENSG00000188976.11|OTTHUMG00000040720.2|OTTHUMT00000097869.2|NOC2L-201|NOC2L|2757|protein_coding|	1393	CGTGC	84.35825	5.023179487179487	0.00486076923076923	0.05	88.965	4.503500000000001	0.00365	-0.48161202402688474
ENST00000327044.7|ENSG00000188976.11|OTTHUMG00000040720.2|OTTHUMT00000097869.2|NOC2L-201|NOC2L|2757|protein_coding|	1394	GTGCC	85.81375000000001	2.9676181818181817	0.004808518518518518	0.78	86.65	2.396	0.00432	-0.05187917513796108
ENST00000327044.7|ENSG00000188976.11|OTTHUMG00000040720.2|OTTHUMT00000097869.2|NOC2L-201|NOC2L|2757|protein_coding|	1395	TGCCC	102.64659090909093	4.110279069767442	0.0049959523809523804	-0.0050000000000000044	102.935	4.183	0.00432	0.24932494521806742
ENST00000327044.7|ENSG00000188976.11|OTTHUMG00000040720.2|OTTHUMT00000097869.2|NOC2L-201|NOC2L|2757|protein_coding|	1396	GCCCT	66.54638888888888	2.1576285714285715	0.0046291176470588235	0.07250000000000002	66.72999999999999	1.7845	0.00398	0.04233264320220851
ENST00000327044.7|ENSG00000188976.11|OTTHUMG00000040720.2|OTTHUMT00000097869.2|NOC2L-201|NOC2L|2757|protein_coding|	1397	CCCTG	73.23619047619047	2.602548387096774	0.00569790322580645	0.545	73.235	2.5949999999999998	0.00465	0.10746739876458457
ENST00000327044.7|ENSG00000188976.11|OTTHUMG00000040720.2|OTTHUMT00000097869.2|NOC2L-201|NOC2L|2757|protein_coding|	1398	CCTGA	94.00528301886794	2.3842037037037036	0.0063816666666666666	0.02	94.07	2.252	0.00564	-0.16343729694606893
ENST00000327044.7|ENSG00000188976.11|OTTHUMG00000040720.2|OTTHUMT00000097869.2|NOC2L-201|NOC2L|2757|protein_coding|	1399	CTGAC	110.28416666666665	3.2132553191489355	0.004781276595744679	0.69	111.28	2.94	0.00398	-0.28435293560157343
ENST00000327044.7|ENSG00000188976.11|OTTHUMG00000040720.2|OTTHUMT00000097869.2|NOC2L-201|NOC2L|2757|protein_coding|	1400	TGACG	119.65217391304346	5.372914893617021	0.006112934782608698	0.81	120.625	4.779	0.005145	0.12169413227912755
ENST00000327044.7|ENSG00000188976.11|OTTHUMG00000040720.2|OTTHUMT00000097869.2|NOC2L-201|NOC2L|2757|protein_coding|	1401	GACGC	76.06525	3.261925	0.005234871794871794	0.46	75.03	2.873	0.00432	0.025762578616352207
ENST00000327044.7|ENSG00000188976.11|OTTHUMG00000040720.2|OTTHUMT00000097869.2|NOC2L-201|NOC2L|2757|protein_coding|	1402	ACGCT	77.6461403508772	2.6754285714285713	0.005880892857142857	-0.6759649122807017	77.3	2.5915	0.00432	0.029010989010988912
ENST00000327044.7|ENSG00000188976.11|OTTHUMG00000040720.2|OTTHUMT00000097869.2|NOC2L-201|NOC2L|2757|protein_coding|	1403	CGCTG	101.7524	4.0963877551020405	0.005705833333333334	0.004999999999999957	100.67	3.916	0.00564	0.15391204369071568
ENST00000327044.7|ENSG00000188976.11|OTTHUMG00000040720.2|OTTHUMT00000097869.2|NOC2L-201|NOC2L|2757|protein_coding|	1404	GCTGC	85.6262962962963	2.2337924528301887	0.004757962962962963	0.56	85.58	2.144	0.00398	-0.21621317444554786
ENST00000327044.7|ENSG00000188976.11|OTTHUMG00000040720.2|OTTHUMT00000097869.2|NOC2L-201|NOC2L|2757|protein_coding|	1405	CTGCT	96.14029850746267	2.492089552238806	0.0072692537313432835	-0.13863636363636367	96.33500000000001	2.438	0.00631	-0.20380525487578086
ENST00000327044.7|ENSG00000188976.11|OTTHUMG00000040720.2|OTTHUMT00000097869.2|NOC2L-201|NOC2L|2757|protein_coding|	1406	TGCTC	113.34313432835819	3.5331060606060607	0.0055934848484848485	1.0750000000000002	113.405	3.5505	0.00498	-0.0047588561673067966
ENST00000327044.7|ENSG00000188976.11|OTTHUMG00000040720.2|OTTHUMT00000097869.2|NOC2L-201|NOC2L|2757|protein_coding|	1407	GCTCT	83.29482142857144	2.516963636363636	0.004217592592592593	0.8617857142857143	82.975	2.373	0.003815	-0.11685486443381193
ENST00000327044.7|ENSG00000188976.11|OTTHUMG00000040720.2|OTTHUMT00000097869.2|NOC2L-201|NOC2L|2757|protein_coding|	1408	CTCTC	78.4292	1.9885624999999998	0.004274285714285714	0.3986	78.715	1.8860000000000001	0.00365	-0.03934178743961356
ENST00000327044.7|ENSG00000188976.11|OTTHUMG00000040720.2|OTTHUMT00000097869.2|NOC2L-201|NOC2L|2757|protein_coding|	1409	TCTCG	79.02088235294119	2.1511714285714287	0.005010303030303031	0.53	80.22	2.122	0.00432	-0.24520300751879695
ENST00000327044.7|ENSG00000188976.11|OTTHUMG00000040720.2|OTTHUMT00000097869.2|NOC2L-201|NOC2L|2757|protein_coding|	1410	CTCGG	81.21098360655738	2.1843500000000002	0.006144426229508196	-0.225	81.56	2.1189999999999998	0.00465	inf
ENST00000327044.7|ENSG00000188976.11|OTTHUMG00000040720.2|OTTHUMT00000097869.2|NOC2L-201|NOC2L|2757|protein_coding|	1411	TCGGG	94.6410465116279	3.5351511627906973	0.0061301190476190474	0.67	95.32	3.534	0.00531	-0.29013028859624557
ENST00000327044.7|ENSG00000188976.11|OTTHUMG00000040720.2|OTTHUMT00000097869.2|NOC2L-201|NOC2L|2757|protein_coding|	1412	CGGGG	109.90106382978722	4.838326086956522	0.005730434782608695	-0.46499999999999997	109.81	4.77	0.00498	0.1946484165324747
ENST00000327044.7|ENSG00000188976.11|OTTHUMG00000040720.2|OTTHUMT00000097869.2|NOC2L-201|NOC2L|2757|protein_coding|	1413	GGGGA	114.39416666666668	4.657621621621622	0.005532777777777777	-0.2	113.06	4.702	0.00465	0.15003003003003026
ENST00000327044.7|ENSG00000188976.11|OTTHUMG00000040720.2|OTTHUMT00000097869.2|NOC2L-201|NOC2L|2757|protein_coding|	1414	GGGAG	121.19859649122806	3.7108793103448274	0.00764140350877193	0.245	121.28	3.2565	0.006805	0.1706243881213967
ENST00000327044.7|ENSG00000188976.11|OTTHUMG00000040720.2|OTTHUMT00000097869.2|NOC2L-201|NOC2L|2757|protein_coding|	1415	GGAGC	122.0114285714286	4.4109655172413795	0.0068425	0.28	123.04	3.261	0.00564	-0.22478637658323739
ENST00000327044.7|ENSG00000188976.11|OTTHUMG00000040720.2|OTTHUMT00000097869.2|NOC2L-201|NOC2L|2757|protein_coding|	1416	GAGCT	113.3843103448276	3.2179821428571427	0.006608928571428571	0.34586206896551724	113.93	2.9539999999999997	0.004484999999999999	0.06555700094607372
ENST00000327044.7|ENSG00000188976.11|OTTHUMG00000040720.2|OTTHUMT00000097869.2|NOC2L-201|NOC2L|2757|protein_coding|	1417	AGCTC	119.37	2.644166666666667	0.0060637349397590365	0.255	118.97	2.545	0.005475	-0.25516431924882615
ENST00000327044.7|ENSG00000188976.11|OTTHUMG00000040720.2|OTTHUMT00000097869.2|NOC2L-201|NOC2L|2757|protein_coding|	1418	GCTCG	78.66100000000002	3.128138888888889	0.006012638888888889	-0.055	77.86500000000001	2.972	0.00531	0.0975925925925926
ENST00000327044.7|ENSG00000188976.11|OTTHUMG00000040720.2|OTTHUMT00000097869.2|NOC2L-201|NOC2L|2757|protein_coding|	1419	CTCGG	80.03333333333333	2.60246875	0.00524875	-0.87	79.46	2.174	0.00498	0.13150815217391307
ENST00000327044.7|ENSG00000188976.11|OTTHUMG00000040720.2|OTTHUMT00000097869.2|NOC2L-201|NOC2L|2757|protein_coding|	1420	TCGGG	93.20652173913042	3.7894117647058825	0.006726086956521738	0.3107142857142857	92.81	3.436	0.00531	-0.23907394283014416
ENST00000327044.7|ENSG00000188976.11|OTTHUMG00000040720.2|OTTHUMT00000097869.2|NOC2L-201|NOC2L|2757|protein_coding|	1421	CGGGG	112.90918918918919	5.671786666666667	0.008875416666666667	0.04054054054054054	112.81	5.502	0.00697	0.40044115226337457
ENST00000327044.7|ENSG00000188976.11|OTTHUMG00000040720.2|OTTHUMT00000097869.2|NOC2L-201|NOC2L|2757|protein_coding|	1422	GGGGG	108.49277777777777	6.547868131868132	0.007930555555555555	-0.35	108.88	6.097	0.00465	0.6167575634242302
ENST00000327044.7|ENSG00000188976.11|OTTHUMG00000040720.2|OTTHUMT00000097869.2|NOC2L-201|NOC2L|2757|protein_coding|	1423	GGGGC	114.77141509433963	6.147792452830187	0.0070938834951456324	0.1605660377358491	114.555	6.151	0.005145	0.517973445143256
ENST00000327044.7|ENSG00000188976.11|OTTHUMG00000040720.2|OTTHUMT00000097869.2|NOC2L-201|NOC2L|2757|protein_coding|	1424	GGGCC	103.22509999999998	7.520980198019802	0.006639690721649483	-0.32	101.76	7.543	0.00465	0.4163804516044826
ENST00000327044.7|ENSG00000188976.11|OTTHUMG00000040720.2|OTTHUMT00000097869.2|NOC2L-201|NOC2L|2757|protein_coding|	1425	GGCCT	103.8571052631579	6.757318181818182	0.008068278145695365	-0.515	103.22	6.953	0.00697	1.0538961038961039
ENST00000327044.7|ENSG00000188976.11|OTTHUMG00000040720.2|OTTHUMT00000097869.2|NOC2L-201|NOC2L|2757|protein_coding|	1426	GCCTT	68.76580000000001	1.951403846153846	0.005019	-0.37	69.05	1.715	0.00398	-0.16961538461538467
ENST00000327044.7|ENSG00000188976.11|OTTHUMG00000040720.2|OTTHUMT00000097869.2|NOC2L-201|NOC2L|2757|protein_coding|	1427	CCTTC	74.61254901960785	1.1201400000000001	0.004877755102040816	-0.22980392156862742	74.495	1.073	0.004484999999999999	-0.5371322314049586
ENST00000327044.7|ENSG00000188976.11|OTTHUMG00000040720.2|OTTHUMT00000097869.2|NOC2L-201|NOC2L|2757|protein_coding|	1428	CTTCA	77.51808823529412	1.034927536231884	0.006410294117647058	-0.02	77.31	0.988	0.00531	-0.5000350066512638
ENST00000327044.7|ENSG00000188976.11|OTTHUMG00000040720.2|OTTHUMT00000097869.2|NOC2L-201|NOC2L|2757|protein_coding|	1429	TTCAT	76.92702702702702	1.6865263157894739	0.006535263157894736	-0.18	79.15	1.376	0.00432	inf
ENST00000327044.7|ENSG00000188976.11|OTTHUMG00000040720.2|OTTHUMT00000097869.2|NOC2L-201|NOC2L|2757|protein_coding|	1430	TCATC	86.6335294117647	2.238042735042735	0.004863983050847458	0.5643697478991597	86.86	2.27	0.00398	0.0507242887524579
ENST00000327044.7|ENSG00000188976.11|OTTHUMG00000040720.2|OTTHUMT00000097869.2|NOC2L-201|NOC2L|2757|protein_coding|	1431	CATCC	87.71534883720929	2.3888222222222217	0.004802888888888889	0.31	88.4	2.4195	0.003815	-0.5809083820662769
ENST00000327044.7|ENSG00000188976.11|OTTHUMG00000040720.2|OTTHUMT00000097869.2|NOC2L-201|NOC2L|2757|protein_coding|	1432	ATCCC	70.70777777777778	1.5044036697247705	0.005705794392523364	0.11	70.62	1.499	0.00498	-0.3459114479457519
ENST00000327044.7|ENSG00000188976.11|OTTHUMG00000040720.2|OTTHUMT00000097869.2|NOC2L-201|NOC2L|2757|protein_coding|	1433	TCCCG	63.002296296296294	1.3216131386861314	0.005767445255474452	0.445	65.35499999999999	1.2365	0.004815	-0.3615395465284389
ENST00000327044.7|ENSG00000188976.11|OTTHUMG00000040720.2|OTTHUMT00000097869.2|NOC2L-201|NOC2L|2757|protein_coding|	1434	CCCGG	78.96754098360657	2.59515	0.005260344827586205	0.25655737704918036	78.92	2.624	0.00465	-0.06649280575539568
ENST00000327044.7|ENSG00000188976.11|OTTHUMG00000040720.2|OTTHUMT00000097869.2|NOC2L-201|NOC2L|2757|protein_coding|	1435	CCGGT	99.84673758865247	3.7606382978723403	0.006496043165467626	0.2877857142857143	100.08	3.7135	0.00498	-0.24485174741519278
ENST00000327044.7|ENSG00000188976.11|OTTHUMG00000040720.2|OTTHUMT00000097869.2|NOC2L-201|NOC2L|2757|protein_coding|	1436	CGGTG	120.815	3.963862068965518	0.006868850574712645	0.865	121.74000000000001	3.703	0.005145	0.1762201985060884
ENST00000327044.7|ENSG00000188976.11|OTTHUMG00000040720.2|OTTHUMT00000097869.2|NOC2L-201|NOC2L|2757|protein_coding|	1437	GGTGC	88.87625	8.94790625	0.007203650793650793	0.05	89.765	10.1005	0.00531	-0.0765834623323012
ENST00000327044.7|ENSG00000188976.11|OTTHUMG00000040720.2|OTTHUMT00000097869.2|NOC2L-201|NOC2L|2757|protein_coding|	1438	GTGCT	89.82542372881358	5.063883333333334	0.006347413793103448	0.125	90.47999999999999	3.0075000000000003	0.004815	0.6178541001064966
ENST00000327044.7|ENSG00000188976.11|OTTHUMG00000040720.2|OTTHUMT00000097869.2|NOC2L-201|NOC2L|2757|protein_coding|	1439	TGCTG	107.87043478260867	4.4852608695652165	0.006736444444444443	-0.16	107.0	4.637	0.00564	0.26345376607470894
ENST00000327044.7|ENSG00000188976.11|OTTHUMG00000040720.2|OTTHUMT00000097869.2|NOC2L-201|NOC2L|2757|protein_coding|	1440	GCTGC	83.28151515151515	3.013390625	0.0053066153846153844	-0.05515151515151517	83.17	2.072	0.00432	0.057330043859649085
ENST00000327044.7|ENSG00000188976.11|OTTHUMG00000040720.2|OTTHUMT00000097869.2|NOC2L-201|NOC2L|2757|protein_coding|	1441	CTGCC	91.36822222222222	2.7137674418604654	0.007055454545454545	0.10955555555555554	92.2	2.394	0.00531	-0.1329816479679024
ENST00000327044.7|ENSG00000188976.11|OTTHUMG00000040720.2|OTTHUMT00000097869.2|NOC2L-201|NOC2L|2757|protein_coding|	1442	TGCCT	106.47134831460673	3.7006404494382026	0.005226470588235294	0.84	106.69	3.535	0.00465	0.1248147262730099
ENST00000327044.7|ENSG00000188976.11|OTTHUMG00000040720.2|OTTHUMT00000097869.2|NOC2L-201|NOC2L|2757|protein_coding|	1443	GCCTT	70.70426966292135	1.7248539325842693	0.005723956043956044	-0.04	70.7	1.421	0.00465	-0.2660196031556301
ENST00000327044.7|ENSG00000188976.11|OTTHUMG00000040720.2|OTTHUMT00000097869.2|NOC2L-201|NOC2L|2757|protein_coding|	1444	CCTTT	75.02476923076922	1.0536153846153846	0.0058921875	-0.4278461538461538	74.91	1.063	0.00531	-0.5646217418944691
ENST00000327044.7|ENSG00000188976.11|OTTHUMG00000040720.2|OTTHUMT00000097869.2|NOC2L-201|NOC2L|2757|protein_coding|	1445	CTTTC	77.72148437499999	1.005968253968254	0.005708976377952757	0.010232558139534869	77.75	0.9895	0.00432	-0.48935621625976955
ENST00000327044.7|ENSG00000188976.11|OTTHUMG00000040720.2|OTTHUMT00000097869.2|NOC2L-201|NOC2L|2757|protein_coding|	1446	TTTCA	79.1704761904762	1.0066190476190475	0.005011451612903225	0.46499999999999997	79.375	0.9984999999999999	0.00398	-0.5137106050149528
ENST00000327044.7|ENSG00000188976.11|OTTHUMG00000040720.2|OTTHUMT00000097869.2|NOC2L-201|NOC2L|2757|protein_coding|	1447	TTCAT	80.42328125	1.2322539682539684	0.005464285714285713	-0.03380952380952381	80.18	1.157	0.00465	-0.4642374051069702
ENST00000327044.7|ENSG00000188976.11|OTTHUMG00000040720.2|OTTHUMT00000097869.2|NOC2L-201|NOC2L|2757|protein_coding|	1448	TCATC	86.07415094339623	1.7305555555555556	0.004503396226415094	0.3	85.775	1.4729999999999999	0.00398	-0.1875326030255607
ENST00000327044.7|ENSG00000188976.11|OTTHUMG00000040720.2|OTTHUMT00000097869.2|NOC2L-201|NOC2L|2757|protein_coding|	1449	CATCC	90.14226415094338	2.293962264150944	0.005444150943396225	0.63	91.345	2.2295	0.00465	-0.5975504799735186
ENST00000327044.7|ENSG00000188976.11|OTTHUMG00000040720.2|OTTHUMT00000097869.2|NOC2L-201|NOC2L|2757|protein_coding|	1450	ATCCT	75.50901408450704	1.5467	0.006027857142857142	0.545	74.72	1.4425	0.005145	-0.32752173913043475
ENST00000327044.7|ENSG00000188976.11|OTTHUMG00000040720.2|OTTHUMT00000097869.2|NOC2L-201|NOC2L|2757|protein_coding|	1451	TCCTG	73.01375000000002	1.61559375	0.0056653125	0.39	72.65	1.708	0.00465	-0.3125132978723405
ENST00000327044.7|ENSG00000188976.11|OTTHUMG00000040720.2|OTTHUMT00000097869.2|NOC2L-201|NOC2L|2757|protein_coding|	1452	CCTGG	88.10413461538461	2.4092912621359224	0.004739117647058823	0.05	88.41	2.276	0.00398	-0.15463464486458867
ENST00000327044.7|ENSG00000188976.11|OTTHUMG00000040720.2|OTTHUMT00000097869.2|NOC2L-201|NOC2L|2757|protein_coding|	1453	CTGGA	109.64490566037735	2.5958113207547178	0.005378888888888889	0.46	110.775	2.3339999999999996	0.00415	-0.349420721615359
ENST00000327044.7|ENSG00000188976.11|OTTHUMG00000040720.2|OTTHUMT00000097869.2|NOC2L-201|NOC2L|2757|protein_coding|	1454	TGGAG	121.8061797752809	3.4289666666666663	0.0061189772727272725	0.72	122.9	3.198	0.00432	0.08169295478443733
ENST00000327044.7|ENSG00000188976.11|OTTHUMG00000040720.2|OTTHUMT00000097869.2|NOC2L-201|NOC2L|2757|protein_coding|	1455	GGAGA	118.17681818181815	4.471869565217392	0.004058636363636363	0.2	118.0	4.012	0.00365	inf
ENST00000327044.7|ENSG00000188976.11|OTTHUMG00000040720.2|OTTHUMT00000097869.2|NOC2L-201|NOC2L|2757|protein_coding|	1456	GAGAT	127.93333333333334	5.481133333333335	0.006171379310344828	0.25	131.89	4.704	0.00631	-0.06624645088018145
ENST00000327044.7|ENSG00000188976.11|OTTHUMG00000040720.2|OTTHUMT00000097869.2|NOC2L-201|NOC2L|2757|protein_coding|	1457	AGATG	133.1014705882353	5.404	0.006778611111111109	0.17	133.85	5.316	0.00531	0.05960784313725496
ENST00000327044.7|ENSG00000188976.11|OTTHUMG00000040720.2|OTTHUMT00000097869.2|NOC2L-201|NOC2L|2757|protein_coding|	1458	GATGT	75.7546875	3.11690625	0.00635953125	-0.18	75.89	2.471	0.005145	-0.1945978682170543
ENST00000327044.7|ENSG00000188976.11|OTTHUMG00000040720.2|OTTHUMT00000097869.2|NOC2L-201|NOC2L|2757|protein_coding|	1459	ATGTT	79.84214285714286	2.775139534883721	0.006141666666666666	-0.82	83.96	2.741	0.00465	inf
ENST00000327044.7|ENSG00000188976.11|OTTHUMG00000040720.2|OTTHUMT00000097869.2|NOC2L-201|NOC2L|2757|protein_coding|	1460	TGTTC	107.50520833333333	5.288666666666666	0.006513799999999998	-0.13	108.1	5.347	0.00498	-0.29390298175344914
ENST00000327044.7|ENSG00000188976.11|OTTHUMG00000040720.2|OTTHUMT00000097869.2|NOC2L-201|NOC2L|2757|protein_coding|	1461	GTTCC	75.66745762711865	2.5769	0.005666440677966101	-0.33	74.98	2.509	0.00398	0.24487922705314027
ENST00000327044.7|ENSG00000188976.11|OTTHUMG00000040720.2|OTTHUMT00000097869.2|NOC2L-201|NOC2L|2757|protein_coding|	1462	TTCCA	68.15532258064515	1.4270806451612905	0.005894590163934424	-0.72	68.25	1.426	0.00498	-0.3795301542776997
ENST00000327044.7|ENSG00000188976.11|OTTHUMG00000040720.2|OTTHUMT00000097869.2|NOC2L-201|NOC2L|2757|protein_coding|	1463	TCCAG	74.03711864406782	1.8829310344827586	0.00513448275862069	0.5383050847457627	73.96	1.627	0.00465	-0.10761562346788689
ENST00000327044.7|ENSG00000188976.11|OTTHUMG00000040720.2|OTTHUMT00000097869.2|NOC2L-201|NOC2L|2757|protein_coding|	1464	CCAGC	92.15038167938931	2.543863636363637	0.006385151515151515	-0.12734848484848488	91.845	2.4764999999999997	0.00465	-0.5002232541525271
ENST00000327044.7|ENSG00000188976.11|OTTHUMG00000040720.2|OTTHUMT00000097869.2|NOC2L-201|NOC2L|2757|protein_coding|	1465	CAGCA	108.26878260869567	2.4521217391304346	0.005963947368421052	0.04	108.25999999999999	2.316	0.00465	-0.18803915922833292
ENST00000327044.7|ENSG00000188976.11|OTTHUMG00000040720.2|OTTHUMT00000097869.2|NOC2L-201|NOC2L|2757|protein_coding|	1466	AGCAG	110.34000000000002	4.0380975609756105	0.007169285714285714	-0.3566666666666667	110.00999999999999	3.582	0.00531	0.04613926450145352
ENST00000327044.7|ENSG00000188976.11|OTTHUMG00000040720.2|OTTHUMT00000097869.2|NOC2L-201|NOC2L|2757|protein_coding|	1467	GCAGG	86.39956989247311	4.166877777777778	0.005741978021978022	-0.26	85.92	4.141	0.00498	-0.18135996507312813
ENST00000327044.7|ENSG00000188976.11|OTTHUMG00000040720.2|OTTHUMT00000097869.2|NOC2L-201|NOC2L|2757|protein_coding|	1468	CAGGT	113.10948717948722	6.234051282051283	0.007241081081081079	-0.23794871794871794	114.39	6.078	0.00598	-0.20484039769754045
ENST00000327044.7|ENSG00000188976.11|OTTHUMG00000040720.2|OTTHUMT00000097869.2|NOC2L-201|NOC2L|2757|protein_coding|	1469	AGGTC	115.90752808988762	5.578222222222222	0.007762247191011236	-0.16	115.84	5.713	0.00531	0.655258819650511
ENST00000327044.7|ENSG00000188976.11|OTTHUMG00000040720.2|OTTHUMT00000097869.2|NOC2L-201|NOC2L|2757|protein_coding|	1470	GGTCG	102.8945945945946	9.828368421052632	0.007886486486486486	-1.01	106.5	9.835	0.00747	0.619171074308506
ENST00000327044.7|ENSG00000188976.11|OTTHUMG00000040720.2|OTTHUMT00000097869.2|NOC2L-201|NOC2L|2757|protein_coding|	1471	GTCGA	82.81378048780488	2.6682560975609757	0.007125375000000001	-0.12000000000000001	82.9	2.5335	0.00598	0.1601113467656417
ENST00000327044.7|ENSG00000188976.11|OTTHUMG00000040720.2|OTTHUMT00000097869.2|NOC2L-201|NOC2L|2757|protein_coding|	1472	TCGAC	96.36423076923077	3.3475866666666665	0.005018684210526317	0.01333333333333332	96.58	3.3689999999999998	0.00415	-0.16100584795321646
ENST00000327044.7|ENSG00000188976.11|OTTHUMG00000040720.2|OTTHUMT00000097869.2|NOC2L-201|NOC2L|2757|protein_coding|	1473	CGACT	110.65827586206896	7.282161290322582	0.005676557377049179	-0.13	111.41499999999999	7.1305	0.00531	0.5202841942218335
ENST00000327044.7|ENSG00000188976.11|OTTHUMG00000040720.2|OTTHUMT00000097869.2|NOC2L-201|NOC2L|2757|protein_coding|	1474	GACTT	87.51108108108109	2.3603333333333336	0.0065475	-0.48	87.405	2.0545	0.00581	inf
ENST00000327044.7|ENSG00000188976.11|OTTHUMG00000040720.2|OTTHUMT00000097869.2|NOC2L-201|NOC2L|2757|protein_coding|	1475	ACTTC	80.84581818181817	1.81162962962963	0.005799999999999998	0.15763636363636357	80.78	1.669	0.00432	-0.2513927150290785
ENST00000327044.7|ENSG00000188976.11|OTTHUMG00000040720.2|OTTHUMT00000097869.2|NOC2L-201|NOC2L|2757|protein_coding|	1476	CTTCA	77.7171755725191	2.4351203007518794	0.006667443609022557	0.19	77.95	2.512	0.00465	0.17638661872071476
ENST00000327044.7|ENSG00000188976.11|OTTHUMG00000040720.2|OTTHUMT00000097869.2|NOC2L-201|NOC2L|2757|protein_coding|	1477	TTCAA	81.3513559322034	1.2497288135593219	0.0066227118644067795	0.4	81.27	1.23	0.00498	-0.4566396462785557
ENST00000327044.7|ENSG00000188976.11|OTTHUMG00000040720.2|OTTHUMT00000097869.2|NOC2L-201|NOC2L|2757|protein_coding|	1478	TCAAC	86.63886792452831	2.0313076923076925	0.007429056603773586	0.495	87.555	1.6435	0.00531	-0.32738155883851244
ENST00000327044.7|ENSG00000188976.11|OTTHUMG00000040720.2|OTTHUMT00000097869.2|NOC2L-201|NOC2L|2757|protein_coding|	1479	CAACA	94.77429687499999	2.129776	0.005811463414634147	0.7634375	95.125	2.0035	0.004815	-0.3826736231884058
ENST00000327044.7|ENSG00000188976.11|OTTHUMG00000040720.2|OTTHUMT00000097869.2|NOC2L-201|NOC2L|2757|protein_coding|	1480	AACAG	87.48079999999999	2.6689	0.0045189795918367335	0.17285714285714282	87.22	2.767	0.00365	-0.16072327044025167
ENST00000327044.7|ENSG00000188976.11|OTTHUMG00000040720.2|OTTHUMT00000097869.2|NOC2L-201|NOC2L|2757|protein_coding|	1481	ACAGG	81.48404255319147	3.7851276595744676	0.006277045454545454	0.19	84.62	3.133	0.00498	-0.2563599882957824
ENST00000327044.7|ENSG00000188976.11|OTTHUMG00000040720.2|OTTHUMT00000097869.2|NOC2L-201|NOC2L|2757|protein_coding|	1482	CAGGA	103.07327272727272	5.544600000000001	0.005362075471698111	0.46109090909090916	103.06	5.519	0.00432	-0.2927806122448978
ENST00000327044.7|ENSG00000188976.11|OTTHUMG00000040720.2|OTTHUMT00000097869.2|NOC2L-201|NOC2L|2757|protein_coding|	1483	AGGAA	118.35150943396228	4.289106250000001	0.006669303797468354	0.24	118.35	3.783	0.00465	0.35303036277602545
ENST00000327044.7|ENSG00000188976.11|OTTHUMG00000040720.2|OTTHUMT00000097869.2|NOC2L-201|NOC2L|2757|protein_coding|	1484	GGAAG	111.97930232558139	5.7019090909090915	0.0070245454545454535	0.43	115.15	5.944	0.00531	0.025523217789405014
ENST00000327044.7|ENSG00000188976.11|OTTHUMG00000040720.2|OTTHUMT00000097869.2|NOC2L-201|NOC2L|2757|protein_coding|	1485	GAAGC	99.48361111111109	6.888085714285714	0.007000285714285713	-0.07	99.38499999999999	7.058	0.00398	0.6965728360309643
ENST00000327044.7|ENSG00000188976.11|OTTHUMG00000040720.2|OTTHUMT00000097869.2|NOC2L-201|NOC2L|2757|protein_coding|	1486	AAGCC	101.79666666666668	5.6801875	0.007915555555555554	-0.42000000000000004	100.975	5.7669999999999995	0.0073	0.8808567880794701
ENST00000327044.7|ENSG00000188976.11|OTTHUMG00000040720.2|OTTHUMT00000097869.2|NOC2L-201|NOC2L|2757|protein_coding|	1487	AGCCA	110.58634146341463	4.391731707317073	0.004874146341463414	0.45999999999999996	110.935	4.1370000000000005	0.004484999999999999	0.3348728593668916
ENST00000327044.7|ENSG00000188976.11|OTTHUMG00000040720.2|OTTHUMT00000097869.2|NOC2L-201|NOC2L|2757|protein_coding|	1488	GCCAG	69.49891304347827	3.62163829787234	0.0066908695652173915	-0.3	69.58	3.444	0.00598	0.7164162549158011
ENST00000327044.7|ENSG00000188976.11|OTTHUMG00000040720.2|OTTHUMT00000097869.2|NOC2L-201|NOC2L|2757|protein_coding|	1489	CCAGG	91.20573770491804	3.8581639344262286	0.005001999999999999	0.06	92.19	3.481	0.00415	-0.24201101484749926
ENST00000327044.7|ENSG00000188976.11|OTTHUMG00000040720.2|OTTHUMT00000097869.2|NOC2L-201|NOC2L|2757|protein_coding|	1490	CAGGG	89.7835294117647	5.54975	0.0064525	0.435	92.47	5.4615	0.005974999999999999	-0.29212372448979584
ENST00000327044.7|ENSG00000188976.11|OTTHUMG00000040720.2|OTTHUMT00000097869.2|NOC2L-201|NOC2L|2757|protein_coding|	1491	AGGGC	116.83675438596491	6.205782608695653	0.00681018018018018	0.08131578947368422	116.23	6.186	0.00465	0.532292002147075
ENST00000327044.7|ENSG00000188976.11|OTTHUMG00000040720.2|OTTHUMT00000097869.2|NOC2L-201|NOC2L|2757|protein_coding|	1492	GGGCG	108.09066666666668	6.809689189189188	0.007327638888888889	0.08	108.79	6.347	0.00531	0.28242734259683405
ENST00000327044.7|ENSG00000188976.11|OTTHUMG00000040720.2|OTTHUMT00000097869.2|NOC2L-201|NOC2L|2757|protein_coding|	1493	GGCGC	100.58629032258065	10.45593548387097	0.006716666666666666	0.04387096774193548	102.65	11.754000000000001	0.005145	0.2462378407474338
ENST00000327044.7|ENSG00000188976.11|OTTHUMG00000040720.2|OTTHUMT00000097869.2|NOC2L-201|NOC2L|2757|protein_coding|	1494	GCGCA	81.12799999999999	3.340172043010753	0.006720851063829786	-0.049999999999999996	80.705	2.609	0.00581	0.2846815550041358
ENST00000327044.7|ENSG00000188976.11|OTTHUMG00000040720.2|OTTHUMT00000097869.2|NOC2L-201|NOC2L|2757|protein_coding|	1495	CGCAT	98.04553846153846	5.302369230769231	0.006038125	-0.25	98.28	5.057499999999999	0.00498	0.37367078517337593
ENST00000327044.7|ENSG00000188976.11|OTTHUMG00000040720.2|OTTHUMT00000097869.2|NOC2L-201|NOC2L|2757|protein_coding|	1496	GCATG	79.15130434782608	2.4597579617834398	0.00798248407643312	-0.62	78.945	2.5244999999999997	0.00598	0.15481594449926755
ENST00000327044.7|ENSG00000188976.11|OTTHUMG00000040720.2|OTTHUMT00000097869.2|NOC2L-201|NOC2L|2757|protein_coding|	1497	CATGA	82.86419354838708	3.1863548387096774	0.00916125	-0.715	79.995	3.0705	0.006475	-0.1766524964574477
ENST00000327044.7|ENSG00000188976.11|OTTHUMG00000040720.2|OTTHUMT00000097869.2|NOC2L-201|NOC2L|2757|protein_coding|	1498	ATGAG	98.04499999999999	3.954707317073171	0.005738333333333333	1.045	98.295	3.885	0.004815	-0.1192188603400511
ENST00000327044.7|ENSG00000188976.11|OTTHUMG00000040720.2|OTTHUMT00000097869.2|NOC2L-201|NOC2L|2757|protein_coding|	1499	TGAGC	113.63980000000001	5.626439999999999	0.005603999999999999	-0.77	112.05000000000001	5.4455	0.00465	-0.011170474516696241
ENST00000327044.7|ENSG00000188976.11|OTTHUMG00000040720.2|OTTHUMT00000097869.2|NOC2L-201|NOC2L|2757|protein_coding|	1500	GAGCT	111.58967741935483	5.960543999999999	0.006175785123966943	0.07500000000000001	112.145	5.984999999999999	0.00465	0.9736900662251652
ENST00000327044.7|ENSG00000188976.11|OTTHUMG00000040720.2|OTTHUMT00000097869.2|NOC2L-201|NOC2L|2757|protein_coding|	1501	AGCTC	117.94846590909091	2.8605257142857146	0.0072754285714285724	-0.045	117.795	2.7195	0.00564	-0.19421810865191136
ENST00000327044.7|ENSG00000188976.11|OTTHUMG00000040720.2|OTTHUMT00000097869.2|NOC2L-201|NOC2L|2757|protein_coding|	1502	GCTCC	82.12728395061728	4.4532439024390245	0.005731124999999999	0.79	81.78999999999999	3.779	0.00498	0.5625417201540436
ENST00000327044.7|ENSG00000188976.11|OTTHUMG00000040720.2|OTTHUMT00000097869.2|NOC2L-201|NOC2L|2757|protein_coding|	1503	CTCCA	69.47338582677166	1.335511811023622	0.006271484375000001	-0.01	69.65	1.211	0.00531	-0.41934269085929476
ENST00000327044.7|ENSG00000188976.11|OTTHUMG00000040720.2|OTTHUMT00000097869.2|NOC2L-201|NOC2L|2757|protein_coding|	1504	TCCAA	73.31122448979592	1.7794999999999999	0.006274693877551019	-0.29000000000000004	73.525	1.508	0.005145	-0.1566350710900474
ENST00000327044.7|ENSG00000188976.11|OTTHUMG00000040720.2|OTTHUMT00000097869.2|NOC2L-201|NOC2L|2757|protein_coding|	1505	CCAAG	86.39673469387756	3.6251800000000003	0.005874285714285714	0.29	86.54	3.299	0.00465	0.2003907284768213
ENST00000327044.7|ENSG00000188976.11|OTTHUMG00000040720.2|OTTHUMT00000097869.2|NOC2L-201|NOC2L|2757|protein_coding|	1506	CAAGC	101.43931034482759	6.0070000000000014	0.008322413793103448	-0.28862068965517246	101.42	5.97	0.0073	0.4795566502463059
ENST00000327044.7|ENSG00000188976.11|OTTHUMG00000040720.2|OTTHUMT00000097869.2|NOC2L-201|NOC2L|2757|protein_coding|	1507	AAGCC	100.91900000000001	3.7420625	0.00555125	0.61	104.28999999999999	3.887	0.00581	0.23909354304635755
ENST00000327044.7|ENSG00000188976.11|OTTHUMG00000040720.2|OTTHUMT00000097869.2|NOC2L-201|NOC2L|2757|protein_coding|	1508	AGCCC	110.26619047619047	3.489369230769231	0.006951666666666665	0.16	111.05	2.999	0.00465	0.06059855038578442
ENST00000327044.7|ENSG00000188976.11|OTTHUMG00000040720.2|OTTHUMT00000097869.2|NOC2L-201|NOC2L|2757|protein_coding|	1509	GCCCA	62.801944444444445	3.286736111111111	0.006752857142857141	0.53	64.98	2.676	0.00564	0.5877952227589909
ENST00000327044.7|ENSG00000188976.11|OTTHUMG00000040720.2|OTTHUMT00000097869.2|NOC2L-201|NOC2L|2757|protein_coding|	1510	CCCAT	73.429	1.9324285714285716	0.005156122448979591	0.12	73.69	1.738	0.00432	-0.08415707515233568
ENST00000327044.7|ENSG00000188976.11|OTTHUMG00000040720.2|OTTHUMT00000097869.2|NOC2L-201|NOC2L|2757|protein_coding|	1511	CCATC	85.64580952380952	1.6820384615384616	0.006080673076923077	0.755	85.93	1.6225	0.00498	-0.21031058143734194
ENST00000327044.7|ENSG00000188976.11|OTTHUMG00000040720.2|OTTHUMT00000097869.2|NOC2L-201|NOC2L|2757|protein_coding|	1512	CATCA	86.976	1.8042142857142853	0.004600243902439025	0.05	86.14	1.712	0.00432	-0.6834711779448622
ENST00000327044.7|ENSG00000188976.11|OTTHUMG00000040720.2|OTTHUMT00000097869.2|NOC2L-201|NOC2L|2757|protein_coding|	1513	ATCAA	80.31564102564101	1.472769230769231	0.004972051282051282	0.43	80.155	1.244	0.00432	-0.3596655518394647
ENST00000327044.7|ENSG00000188976.11|OTTHUMG00000040720.2|OTTHUMT00000097869.2|NOC2L-201|NOC2L|2757|protein_coding|	1514	TCAAC	87.58240506329115	1.4754050632911395	0.004660379746835442	0.71	88.42500000000001	1.44	0.003815	-0.5114552770559141
ENST00000327044.7|ENSG00000188976.11|OTTHUMG00000040720.2|OTTHUMT00000097869.2|NOC2L-201|NOC2L|2757|protein_coding|	1515	CAACT	98.11355555555555	3.1169555555555557	0.004655111111111111	0.14	96.77	2.216	0.00398	inf
ENST00000327044.7|ENSG00000188976.11|OTTHUMG00000040720.2|OTTHUMT00000097869.2|NOC2L-201|NOC2L|2757|protein_coding|	1516	AACTT	90.44689189189188	2.053592105263158	0.00598041095890411	-0.635	90.38	2.005	0.00415	-0.2477684596105649
ENST00000327044.7|ENSG00000188976.11|OTTHUMG00000040720.2|OTTHUMT00000097869.2|NOC2L-201|NOC2L|2757|protein_coding|	1517	ACTTC	81.52058823529413	1.570096153846154	0.006735576923076922	0.19	80.84	1.459	0.00631	-0.3511999364272091
ENST00000327044.7|ENSG00000188976.11|OTTHUMG00000040720.2|OTTHUMT00000097869.2|NOC2L-201|NOC2L|2757|protein_coding|	1518	CTTCT	78.2753475935829	1.1304972972972975	0.005694780219780219	0.0849197860962567	78.3	1.104	0.00465	-0.4538660399529963
ENST00000327044.7|ENSG00000188976.11|OTTHUMG00000040720.2|OTTHUMT00000097869.2|NOC2L-201|NOC2L|2757|protein_coding|	1519	TTCTC	77.00229166666668	1.1952268041237113	0.006061770833333334	-0.10916666666666668	76.725	1.2005	0.0053100000000000005	-0.42259574680013945
ENST00000327044.7|ENSG00000188976.11|OTTHUMG00000040720.2|OTTHUMT00000097869.2|NOC2L-201|NOC2L|2757|protein_coding|	1520	TCTCC	75.25806451612901	1.4477096774193547	0.004150333333333334	-0.10500000000000001	74.905	1.4155	0.00432	-0.49203169213355974
ENST00000327044.7|ENSG00000188976.11|OTTHUMG00000040720.2|OTTHUMT00000097869.2|NOC2L-201|NOC2L|2757|protein_coding|	1521	CTCCG	70.96211538461537	1.2506538461538463	0.00536392156862745	0.18942307692307694	70.83	1.225	0.00432	-0.4562374581939798
ENST00000327044.7|ENSG00000188976.11|OTTHUMG00000040720.2|OTTHUMT00000097869.2|NOC2L-201|NOC2L|2757|protein_coding|	1522	TCCGT	77.72939393939394	1.821283582089552	0.005442272727272727	0.1881818181818182	77.495	1.8410000000000002	0.00465	-0.3448620208310963
ENST00000327044.7|ENSG00000188976.11|OTTHUMG00000040720.2|OTTHUMT00000097869.2|NOC2L-201|NOC2L|2757|protein_coding|	1523	CCGTG	90.44592	2.830968253968254	0.00677496	0.14	90.56	2.754	0.00564	-0.07181368722352326
ENST00000327044.7|ENSG00000188976.11|OTTHUMG00000040720.2|OTTHUMT00000097869.2|NOC2L-201|NOC2L|2757|protein_coding|	1524	CGTGA	97.7403125	3.317060606060606	0.0073446875000000005	0.13	95.11	3.217	0.00564	-0.6576820839978734
ENST00000327044.7|ENSG00000188976.11|OTTHUMG00000040720.2|OTTHUMT00000097869.2|NOC2L-201|NOC2L|2757|protein_coding|	1525	GTGAT	108.96651162790698	3.5608604651162787	0.006392558139534884	0.6372093023255815	108.98	3.524	0.006475	-0.20693530843735444
ENST00000327044.7|ENSG00000188976.11|OTTHUMG00000040720.2|OTTHUMT00000097869.2|NOC2L-201|NOC2L|2757|protein_coding|	1526	TGATC	123.17884057971014	6.2146944444444445	0.006994929577464789	-0.14	123.275	6.4595	0.00531	0.21856753812636176
ENST00000327044.7|ENSG00000188976.11|OTTHUMG00000040720.2|OTTHUMT00000097869.2|NOC2L-201|NOC2L|2757|protein_coding|	1527	GATCC	91.67916666666666	4.362424657534247	0.005911643835616438	-0.35	91.95	4.225	0.00564	-0.2346623407834654
ENST00000327044.7|ENSG00000188976.11|OTTHUMG00000040720.2|OTTHUMT00000097869.2|NOC2L-201|NOC2L|2757|protein_coding|	1528	ATCCT	73.87759259259259	1.6871886792452828	0.005409999999999999	0.245	73.81	1.54	0.00465	-0.26643970467596395
ENST00000327044.7|ENSG00000188976.11|OTTHUMG00000040720.2|OTTHUMT00000097869.2|NOC2L-201|NOC2L|2757|protein_coding|	1529	TCCTG	71.20571428571428	2.2173023255813953	0.005650454545454545	0.64	72.81	1.917	0.00531	-0.05646709549727864
ENST00000327044.7|ENSG00000188976.11|OTTHUMG00000040720.2|OTTHUMT00000097869.2|NOC2L-201|NOC2L|2757|protein_coding|	1530	CCTGA	93.4662857142857	3.0676415094339626	0.00548066037735849	-0.024999999999999998	93.77000000000001	3.069	0.00398	0.07636544190665352
ENST00000327044.7|ENSG00000188976.11|OTTHUMG00000040720.2|OTTHUMT00000097869.2|NOC2L-201|NOC2L|2757|protein_coding|	1531	CTGAA	109.78275862068965	3.8745932203389835	0.006697894736842107	0.365	109.61500000000001	3.3695	0.00598	-0.13706164357706385
ENST00000327044.7|ENSG00000188976.11|OTTHUMG00000040720.2|OTTHUMT00000097869.2|NOC2L-201|NOC2L|2757|protein_coding|	1532	TGAAG	117.2374	5.550653061224489	0.005014583333333333	0.42000000000000004	117.73	5.909	0.00299	-0.0016811040963148412
ENST00000327044.7|ENSG00000188976.11|OTTHUMG00000040720.2|OTTHUMT00000097869.2|NOC2L-201|NOC2L|2757|protein_coding|	1533	GAAGC	101.47755555555555	5.326041666666666	0.006481086956521738	0.295	101.305	5.3375	0.004815	0.3118329228243021
ENST00000327044.7|ENSG00000188976.11|OTTHUMG00000040720.2|OTTHUMT00000097869.2|NOC2L-201|NOC2L|2757|protein_coding|	1534	AAGCT	111.03153846153846	5.016134328358209	0.009406969696969695	0.04	110.82	4.582	0.00697	0.6609716319066917
ENST00000327044.7|ENSG00000188976.11|OTTHUMG00000040720.2|OTTHUMT00000097869.2|NOC2L-201|NOC2L|2757|protein_coding|	1535	AGCTG	116.58384615384615	4.311469696969697	0.0063334375000000005	-0.19384615384615383	116.44	4.254	0.00465	0.21449850618864705
ENST00000327044.7|ENSG00000188976.11|OTTHUMG00000040720.2|OTTHUMT00000097869.2|NOC2L-201|NOC2L|2757|protein_coding|	1536	GCTGT	81.66629032258065	2.6305	0.00677174603174603	-0.1	83.75	2.285	0.00531	-0.07701754385964912
ENST00000327044.7|ENSG00000188976.11|OTTHUMG00000040720.2|OTTHUMT00000097869.2|NOC2L-201|NOC2L|2757|protein_coding|	1537	CTGTC	96.780703125	2.5698267716535432	0.00490208	-0.26	97.25	2.411	0.00432	-0.3201516477107028
ENST00000327044.7|ENSG00000188976.11|OTTHUMG00000040720.2|OTTHUMT00000097869.2|NOC2L-201|NOC2L|2757|protein_coding|	1538	TGTCC	113.16765957446809	5.5012173913043485	0.0053784444444444435	0.42	115.02	5.304	0.00432	-0.09370388940620293
ENST00000327044.7|ENSG00000188976.11|OTTHUMG00000040720.2|OTTHUMT00000097869.2|NOC2L-201|NOC2L|2757|protein_coding|	1539	GTCCA	69.98122807017543	2.247344827586207	0.005528793103448275	0.5249999999999999	69.83500000000001	1.7000000000000002	0.00498	-0.02289355322338813
ENST00000327044.7|ENSG00000188976.11|OTTHUMG00000040720.2|OTTHUMT00000097869.2|NOC2L-201|NOC2L|2757|protein_coding|	1540	TCCAA	75.2642857142857	1.3670361445783132	0.005121341463414634	0.32	75.165	1.356	0.00398	-0.3521155712898989
ENST00000327044.7|ENSG00000188976.11|OTTHUMG00000040720.2|OTTHUMT00000097869.2|NOC2L-201|NOC2L|2757|protein_coding|	1541	CCAAT	88.57348484848485	2.268	0.0046374242424242415	-0.22499999999999998	88.49000000000001	2.026	0.00398	-0.24900662251655636
ENST00000327044.7|ENSG00000188976.11|OTTHUMG00000040720.2|OTTHUMT00000097869.2|NOC2L-201|NOC2L|2757|protein_coding|	1542	CAATG	100.19153846153846	4.978358208955225	0.006164769230769231	-0.44999999999999996	99.82	4.9935	0.00531	0.6007582665450885
ENST00000327044.7|ENSG00000188976.11|OTTHUMG00000040720.2|OTTHUMT00000097869.2|NOC2L-201|NOC2L|2757|protein_coding|	1543	AATGT	79.6867469879518	2.9959756097560977	0.005813658536585367	-0.45	79.71	2.578	0.00465	-0.225846095670259
ENST00000327044.7|ENSG00000188976.11|OTTHUMG00000040720.2|OTTHUMT00000097869.2|NOC2L-201|NOC2L|2757|protein_coding|	1544	ATGTC	86.55222222222223	4.116092592592594	0.00519076923076923	0.11685185185185185	86.13	2.9965	0.004815	0.08891338428375502
ENST00000327044.7|ENSG00000188976.11|OTTHUMG00000040720.2|OTTHUMT00000097869.2|NOC2L-201|NOC2L|2757|protein_coding|	1545	TGTCA	108.0513888888889	6.443397260273972	0.005288285714285713	-0.06	108.14	6.662	0.00432	0.06151519938615682
ENST00000327044.7|ENSG00000188976.11|OTTHUMG00000040720.2|OTTHUMT00000097869.2|NOC2L-201|NOC2L|2757|protein_coding|	1546	GTCAA	77.8111111111111	1.8706969696969697	0.005588636363636364	0.34	77.98	1.639	0.00432	-0.18665349143610005
ENST00000327044.7|ENSG00000188976.11|OTTHUMG00000040720.2|OTTHUMT00000097869.2|NOC2L-201|NOC2L|2757|protein_coding|	1547	TCAAC	86.46895833333333	2.2633125	0.005127111111111111	0.165	86.515	1.9820000000000002	0.00398	-0.25055877483443706
ENST00000327044.7|ENSG00000188976.11|OTTHUMG00000040720.2|OTTHUMT00000097869.2|NOC2L-201|NOC2L|2757|protein_coding|	1548	CAACC	92.2533823529412	2.3629571428571428	0.006476231884057971	0.51	91.2	2.059	0.00465	-0.31508488612836444
ENST00000327044.7|ENSG00000188976.11|OTTHUMG00000040720.2|OTTHUMT00000097869.2|NOC2L-201|NOC2L|2757|protein_coding|	1549	AACCT	85.40736263736264	2.56804347826087	0.007825604395604396	0.42	85.72	2.415	0.00564	-0.08610552375058013
ENST00000327044.7|ENSG00000188976.11|OTTHUMG00000040720.2|OTTHUMT00000097869.2|NOC2L-201|NOC2L|2757|protein_coding|	1550	ACCTG	72.0701724137931	1.7354915254237289	0.005255254237288135	0.525	72.25999999999999	1.556	0.00398	-0.26149296790479626
ENST00000327044.7|ENSG00000188976.11|OTTHUMG00000040720.2|OTTHUMT00000097869.2|NOC2L-201|NOC2L|2757|protein_coding|	1551	CCTGC	84.30888888888889	2.119734939759036	0.005552962962962963	0.135	84.725	1.853	0.00498	-0.25623335447051365
ENST00000327044.7|ENSG00000188976.11|OTTHUMG00000040720.2|OTTHUMT00000097869.2|NOC2L-201|NOC2L|2757|protein_coding|	1552	CTGCA	93.97138888888888	3.190430555555556	0.005677285714285714	-0.21	93.63	2.962	0.00498	0.019306886758963575
ENST00000327044.7|ENSG00000188976.11|OTTHUMG00000040720.2|OTTHUMT00000097869.2|NOC2L-201|NOC2L|2757|protein_coding|	1553	TGCAG	104.14074626865674	4.3773382352941175	0.006384461538461538	0.24	104.22	4.038	0.005145	0.13402544955806156
ENST00000327044.7|ENSG00000188976.11|OTTHUMG00000040720.2|OTTHUMT00000097869.2|NOC2L-201|NOC2L|2757|protein_coding|	1554	GCAGG	88.62809523809523	4.076078125	0.006409516129032258	0.16	88.93	4.0125	0.00498	-0.19919879666011778
ENST00000327044.7|ENSG00000188976.11|OTTHUMG00000040720.2|OTTHUMT00000097869.2|NOC2L-201|NOC2L|2757|protein_coding|	1555	CAGGA	98.20133333333334	4.698533333333333	0.006496333333333332	-0.025333333333333336	97.565	4.785	0.005145	-0.4006972789115647
ENST00000327044.7|ENSG00000188976.11|OTTHUMG00000040720.2|OTTHUMT00000097869.2|NOC2L-201|NOC2L|2757|protein_coding|	1556	AGGAG	118.39479452054795	4.810958904109589	0.007234722222222221	0.410958904109589	118.34	4.808	0.00631	0.5176526511386718
ENST00000327044.7|ENSG00000188976.11|OTTHUMG00000040720.2|OTTHUMT00000097869.2|NOC2L-201|NOC2L|2757|protein_coding|	1557	GGAGA	121.81307692307692	4.27186274509804	0.0068192	0.3259615384615385	122.855	4.314	0.004484999999999999	-0.24923326096695264
ENST00000327044.7|ENSG00000188976.11|OTTHUMG00000040720.2|OTTHUMT00000097869.2|NOC2L-201|NOC2L|2757|protein_coding|	1558	GAGAA	128.88328358208955	4.481676470588234	0.008206764705882354	0.41	128.79	4.288	0.00631	-0.23651167451648478
ENST00000327044.7|ENSG00000188976.11|OTTHUMG00000040720.2|OTTHUMT00000097869.2|NOC2L-201|NOC2L|2757|protein_coding|	1559	AGAAG	124.23739726027397	5.581698630136987	0.005844647887323943	0.0821917808219178	125.16	5.084	0.00498	0.0039026313196021036
ENST00000327044.7|ENSG00000188976.11|OTTHUMG00000040720.2|OTTHUMT00000097869.2|NOC2L-201|NOC2L|2757|protein_coding|	1560	GAAGG	106.10494252873565	4.696829545454545	0.006571379310344828	0.19	105.535	4.3774999999999995	0.00531	inf
ENST00000327044.7|ENSG00000188976.11|OTTHUMG00000040720.2|OTTHUMT00000097869.2|NOC2L-201|NOC2L|2757|protein_coding|	1561	AAGGC	119.16624999999999	7.2626	0.0073175	0.45	119.07	7.001	0.00498	-0.07364795918367346
ENST00000327044.7|ENSG00000188976.11|OTTHUMG00000040720.2|OTTHUMT00000097869.2|NOC2L-201|NOC2L|2757|protein_coding|	1562	AGGCG	112.11647058823529	6.613885714285715	0.006707941176470588	0.04	111.33	7.077	0.00564	0.24555286521388237
ENST00000327044.7|ENSG00000188976.11|OTTHUMG00000040720.2|OTTHUMT00000097869.2|NOC2L-201|NOC2L|2757|protein_coding|	1563	GGCGT	91.45111111111112	9.5006875	0.004950869565217391	-0.16	90.53999999999999	10.1235	0.004815	0.13238230035756843
ENST00000327044.7|ENSG00000188976.11|OTTHUMG00000040720.2|OTTHUMT00000097869.2|NOC2L-201|NOC2L|2757|protein_coding|	1564	GCGTA	85.37747368421053	2.9531685393258424	0.005325638297872339	0.09	85.185	2.7215	0.00432	-0.031748019893166356
ENST00000327044.7|ENSG00000188976.11|OTTHUMG00000040720.2|OTTHUMT00000097869.2|NOC2L-201|NOC2L|2757|protein_coding|	1565	CGTAC	105.35478260869564	6.069714285714285	0.005805285714285714	0.345	106.055	5.5205	0.004815	-0.290921228304406
ENST00000327044.7|ENSG00000188976.11|OTTHUMG00000040720.2|OTTHUMT00000097869.2|NOC2L-201|NOC2L|2757|protein_coding|	1566	GTACC	68.58119047619047	2.144925925925926	0.00738060975609756	0.9450000000000001	75.17	1.858	0.00598	0.021393298059964674
ENST00000327044.7|ENSG00000188976.11|OTTHUMG00000040720.2|OTTHUMT00000097869.2|NOC2L-201|NOC2L|2757|protein_coding|	1567	TACCG	79.52224489795918	1.831322916666667	0.006612929292929292	0.265	79.27000000000001	1.6764999999999999	0.00465	inf
ENST00000327044.7|ENSG00000188976.11|OTTHUMG00000040720.2|OTTHUMT00000097869.2|NOC2L-201|NOC2L|2757|protein_coding|	1568	ACCGG	76.65276595744682	2.6016734693877552	0.007296458333333333	0.03085106382978723	76.76	2.478	0.00598	-0.06414623403318151
ENST00000327044.7|ENSG00000188976.11|OTTHUMG00000040720.2|OTTHUMT00000097869.2|NOC2L-201|NOC2L|2757|protein_coding|	1569	CCGGG	96.32672413793101	4.371086956521739	0.006385739130434783	0.5131034482758621	96.14	4.464	0.00465	-0.12227169547756249
ENST00000327044.7|ENSG00000188976.11|OTTHUMG00000040720.2|OTTHUMT00000097869.2|NOC2L-201|NOC2L|2757|protein_coding|	1570	CGGGA	111.96090909090911	5.258815384615384	0.006945909090909091	-0.64	112.13	5.306	0.00531	0.29847293447293444
ENST00000327044.7|ENSG00000188976.11|OTTHUMG00000040720.2|OTTHUMT00000097869.2|NOC2L-201|NOC2L|2757|protein_coding|	1571	GGGAC	117.55279069767441	4.070666666666666	0.007361976744186047	-0.07500000000000001	117.82499999999999	3.4825	0.00498	0.2841219768664562
ENST00000327044.7|ENSG00000188976.11|OTTHUMG00000040720.2|OTTHUMT00000097869.2|NOC2L-201|NOC2L|2757|protein_coding|	1572	GGACG	116.39970588235295	7.266081081081082	0.008729999999999998	-0.55	116.05	5.58	0.00631	0.516927156801896
ENST00000327044.7|ENSG00000188976.11|OTTHUMG00000040720.2|OTTHUMT00000097869.2|NOC2L-201|NOC2L|2757|protein_coding|	1573	GACGG	73.49827586206895	3.126569767441861	0.006281034482758619	-1.19	72.53	2.843	0.00465	-0.016801959923943097
ENST00000327044.7|ENSG00000188976.11|OTTHUMG00000040720.2|OTTHUMT00000097869.2|NOC2L-201|NOC2L|2757|protein_coding|	1574	ACGGC	82.26030303030302	3.9787058823529406	0.005834848484848484	-0.75	80.24000000000001	3.929	0.00498	-0.2010630758327429
ENST00000327044.7|ENSG00000188976.11|OTTHUMG00000040720.2|OTTHUMT00000097869.2|NOC2L-201|NOC2L|2757|protein_coding|	1575	CGGCC	104.69399999999999	3.4260322580645157	0.006157419354838711	0.33999999999999997	105.535	3.4535	0.005974999999999999	-0.3547961849219367
ENST00000327044.7|ENSG00000188976.11|OTTHUMG00000040720.2|OTTHUMT00000097869.2|NOC2L-201|NOC2L|2757|protein_coding|	1576	GGCCT	107.43999999999998	4.5567843137254895	0.00654843137254902	0.515	107.20500000000001	4.7059999999999995	0.00531	inf
ENST00000327044.7|ENSG00000188976.11|OTTHUMG00000040720.2|OTTHUMT00000097869.2|NOC2L-201|NOC2L|2757|protein_coding|	1577	GCCTG	70.78225806451614	2.3327692307692307	0.006719021739130434	0.28	70.82	2.007	0.00564	-0.007332242225859311
ENST00000327044.7|ENSG00000188976.11|OTTHUMG00000040720.2|OTTHUMT00000097869.2|NOC2L-201|NOC2L|2757|protein_coding|	1578	CCTGG	88.42157068062828	2.833413612565445	0.006029322916666667	0.05	88.42	2.47	0.00498	inf
ENST00000327044.7|ENSG00000188976.11|OTTHUMG00000040720.2|OTTHUMT00000097869.2|NOC2L-201|NOC2L|2757|protein_coding|	1579	CTGGT	104.85690140845071	5.329152777777777	0.0064025714285714285	0.4	106.93	4.2965	0.005145	0.33562726260094655
ENST00000327044.7|ENSG00000188976.11|OTTHUMG00000040720.2|OTTHUMT00000097869.2|NOC2L-201|NOC2L|2757|protein_coding|	1580	TGGTG	115.61742268041239	3.5486105263157888	0.0063673404255319135	-0.009175257731958753	115.38499999999999	3.4135	0.00564	0.053000156176791886
ENST00000327044.7|ENSG00000188976.11|OTTHUMG00000040720.2|OTTHUMT00000097869.2|NOC2L-201|NOC2L|2757|protein_coding|	1581	GGTGG	94.25020134228188	8.201059210526317	0.008116711409395972	-0.545	92.94	9.061	0.00598	-0.1536574602140023
ENST00000327044.7|ENSG00000188976.11|OTTHUMG00000040720.2|OTTHUMT00000097869.2|NOC2L-201|NOC2L|2757|protein_coding|	1582	GTGGA	101.59077586206897	4.918844827586206	0.0065806250000000005	-0.49	101.0	3.622	0.00498	0.23279318987122946
ENST00000327044.7|ENSG00000188976.11|OTTHUMG00000040720.2|OTTHUMT00000097869.2|NOC2L-201|NOC2L|2757|protein_coding|	1583	TGGAG	119.2229357798165	3.4589000000000003	0.007318348623853209	-0.14	119.37	3.073	0.00631	0.09113564668769729
ENST00000327044.7|ENSG00000188976.11|OTTHUMG00000040720.2|OTTHUMT00000097869.2|NOC2L-201|NOC2L|2757|protein_coding|	1584	GGAGC	117.60124999999998	5.144625	0.004963421052631578	-0.47525000000000006	119.945	4.4145	0.00365	-0.09584797891036921
ENST00000327044.7|ENSG00000188976.11|OTTHUMG00000040720.2|OTTHUMT00000097869.2|NOC2L-201|NOC2L|2757|protein_coding|	1585	GAGCA	107.0360294117647	4.647466165413534	0.006227348484848484	0.25	107.88	3.441	0.00465	0.5388960812627597
ENST00000327044.7|ENSG00000188976.11|OTTHUMG00000040720.2|OTTHUMT00000097869.2|NOC2L-201|NOC2L|2757|protein_coding|	1586	AGCAG	115.59	2.878405405405405	0.006469026548672566	0.87	116.5	2.586	0.00432	-0.2542991177706204
ENST00000327044.7|ENSG00000188976.11|OTTHUMG00000040720.2|OTTHUMT00000097869.2|NOC2L-201|NOC2L|2757|protein_coding|	1587	GCAGC	92.62194029850745	3.382953846153846	0.0055875384615384615	0.585	93.485	2.7445	0.00432	inf
ENST00000327044.7|ENSG00000188976.11|OTTHUMG00000040720.2|OTTHUMT00000097869.2|NOC2L-201|NOC2L|2757|protein_coding|	1588	CAGCT	112.03753424657535	2.7894861111111116	0.0055921126760563366	0.295	113.08	2.51	0.00498	-0.0763291022810889
ENST00000327044.7|ENSG00000188976.11|OTTHUMG00000040720.2|OTTHUMT00000097869.2|NOC2L-201|NOC2L|2757|protein_coding|	1589	AGCTG	116.37029702970298	3.077123809523809	0.007404150943396227	0.04	117.065	2.5780000000000003	0.00564	-0.13320456069751851
ENST00000327044.7|ENSG00000188976.11|OTTHUMG00000040720.2|OTTHUMT00000097869.2|NOC2L-201|NOC2L|2757|protein_coding|	1590	GCTGT	85.5467816091954	2.3321978021978023	0.007551758241758243	0.345	85.13999999999999	2.186	0.00664	-0.18168498168498168
ENST00000327044.7|ENSG00000188976.11|OTTHUMG00000040720.2|OTTHUMT00000097869.2|NOC2L-201|NOC2L|2757|protein_coding|	1591	CTGTA	105.12407142857143	3.191194244604316	0.005875611510791367	0.82	105.85	3.005	0.00531	-0.15576871835864645
ENST00000327044.7|ENSG00000188976.11|OTTHUMG00000040720.2|OTTHUMT00000097869.2|NOC2L-201|NOC2L|2757|protein_coding|	1592	TGTAC	110.97981818181819	7.299545454545454	0.006197037037037036	-0.26	111.13	7.227	0.00531	-0.14724936278674608
ENST00000327044.7|ENSG00000188976.11|OTTHUMG00000040720.2|OTTHUMT00000097869.2|NOC2L-201|NOC2L|2757|protein_coding|	1593	GTACG	76.19358974358975	2.169459627329193	0.008740377358490564	-0.45	76.02	2.075	0.00664	0.03307601301390131
ENST00000327044.7|ENSG00000188976.11|OTTHUMG00000040720.2|OTTHUMT00000097869.2|NOC2L-201|NOC2L|2757|protein_coding|	1594	TACGA	80.31078947368422	3.000675675675675	0.007331666666666665	0.38	81.20500000000001	3.082	0.00498	-0.0563912969573349
ENST00000327044.7|ENSG00000188976.11|OTTHUMG00000040720.2|OTTHUMT00000097869.2|NOC2L-201|NOC2L|2757|protein_coding|	1595	ACGAC	85.5610810810811	3.420918918918919	0.005515277777777778	-0.045	85.49000000000001	3.3475	0.004815	-0.14262683736367948
ENST00000327044.7|ENSG00000188976.11|OTTHUMG00000040720.2|OTTHUMT00000097869.2|NOC2L-201|NOC2L|2757|protein_coding|	1596	CGACC	105.1861111111111	8.09540350877193	0.0052701785714285715	-0.67	105.27	8.234	0.00432	0.690063363000403
ENST00000327044.7|ENSG00000188976.11|OTTHUMG00000040720.2|OTTHUMT00000097869.2|NOC2L-201|NOC2L|2757|protein_coding|	1597	GACCT	77.7032	3.1057083333333337	0.003996666666666667	-0.5980000000000001	76.85	2.757	0.00365	0.10523428232502978
ENST00000327044.7|ENSG00000188976.11|OTTHUMG00000040720.2|OTTHUMT00000097869.2|NOC2L-201|NOC2L|2757|protein_coding|	1598	ACCTC	68.36394736842105	1.5750133333333334	0.005416315789473683	-0.45	67.97	1.385	0.00432	-0.32978156028368794
ENST00000327044.7|ENSG00000188976.11|OTTHUMG00000040720.2|OTTHUMT00000097869.2|NOC2L-201|NOC2L|2757|protein_coding|	1599	CCTCA	73.73380952380951	1.4127272727272728	0.005742954545454546	0.06	74.13	1.356	0.00465	-0.5043062200956938
ENST00000327044.7|ENSG00000188976.11|OTTHUMG00000040720.2|OTTHUMT00000097869.2|NOC2L-201|NOC2L|2757|protein_coding|	1600	CTCAC	77.77131313131312	1.1788888888888889	0.00542878787878788	0.355	77.78	1.12	0.00432	-0.48743961352657
ENST00000327044.7|ENSG00000188976.11|OTTHUMG00000040720.2|OTTHUMT00000097869.2|NOC2L-201|NOC2L|2757|protein_coding|	1601	TCACC	75.36477272727274	1.1802183908045976	0.005948488372093024	0.46	75.55	1.108	0.00432	-0.3722242602103204
ENST00000327044.7|ENSG00000188976.11|OTTHUMG00000040720.2|OTTHUMT00000097869.2|NOC2L-201|NOC2L|2757|protein_coding|	1602	CACCC	79.37282051282051	1.901435897435897	0.004900789473684211	1.185	78.965	1.5059999999999998	0.004484999999999999	-0.32333242084131786
ENST00000327044.7|ENSG00000188976.11|OTTHUMG00000040720.2|OTTHUMT00000097869.2|NOC2L-201|NOC2L|2757|protein_coding|	1603	ACCCT	71.41263157894736	1.6141578947368422	0.005048947368421053	1.0550000000000002	70.99000000000001	1.4785	0.00365	-0.2202135774218153
ENST00000327044.7|ENSG00000188976.11|OTTHUMG00000040720.2|OTTHUMT00000097869.2|NOC2L-201|NOC2L|2757|protein_coding|	1604	CCCTG	73.3058888888889	1.7292134831460675	0.005795	0.5545555555555555	73.33500000000001	1.6835	0.00465	-0.2641644752569926
ENST00000327044.7|ENSG00000188976.11|OTTHUMG00000040720.2|OTTHUMT00000097869.2|NOC2L-201|NOC2L|2757|protein_coding|	1605	CCTGG	92.21783783783785	3.7788717948717934	0.004952894736842105	1.66	93.65	3.432	0.00398	0.3259199280251906
ENST00000327044.7|ENSG00000188976.11|OTTHUMG00000040720.2|OTTHUMT00000097869.2|NOC2L-201|NOC2L|2757|protein_coding|	1606	CTGGA	108.99209677419356	2.922	0.005405333333333333	0.12177419354838707	110.57499999999999	2.733	0.00465	-0.26766917293233083
ENST00000327044.7|ENSG00000188976.11|OTTHUMG00000040720.2|OTTHUMT00000097869.2|NOC2L-201|NOC2L|2757|protein_coding|	1607	TGGAG	120.65669421487603	3.258741666666667	0.008133728813559322	0.1203305785123967	120.555	3.0815	0.00631	0.027994216614090517
ENST00000327044.7|ENSG00000188976.11|OTTHUMG00000040720.2|OTTHUMT00000097869.2|NOC2L-201|NOC2L|2757|protein_coding|	1608	GGAGT	111.76754716981132	6.252245283018866	0.005754313725490195	-0.7526415094339621	110.46	6.292	0.00465	0.09881287926517855
ENST00000327044.7|ENSG00000188976.11|OTTHUMG00000040720.2|OTTHUMT00000097869.2|NOC2L-201|NOC2L|2757|protein_coding|	1609	GAGTA	125.85424242424241	4.3581666666666665	0.006413181818181818	0.77	127.155	4.025	0.00564	0.081430934656741
ENST00000327044.7|ENSG00000188976.11|OTTHUMG00000040720.2|OTTHUMT00000097869.2|NOC2L-201|NOC2L|2757|protein_coding|	1610	AGTAC	134.11909090909091	6.285842105263158	0.00639625	0.77	135.39	5.609999999999999	0.005145	-0.265672651254304
ENST00000327044.7|ENSG00000188976.11|OTTHUMG00000040720.2|OTTHUMT00000097869.2|NOC2L-201|NOC2L|2757|protein_coding|	1611	GTACC	77.0908	3.54468	0.006256153846153846	1.36	77.77000000000001	3.235	0.00498	0.6879428571428571
ENST00000327044.7|ENSG00000188976.11|OTTHUMG00000040720.2|OTTHUMT00000097869.2|NOC2L-201|NOC2L|2757|protein_coding|	1612	TACCT	80.13776315789471	2.212315789473684	0.005975974025974026	0.21	79.35	1.987	0.00498	-0.2126990073047388
ENST00000327044.7|ENSG00000188976.11|OTTHUMG00000040720.2|OTTHUMT00000097869.2|NOC2L-201|NOC2L|2757|protein_coding|	1613	ACCTG	69.45037974683544	1.761721518987342	0.005505569620253163	-0.05500000000000001	70.34	1.5945	0.004484999999999999	-0.25033126851602466
ENST00000327044.7|ENSG00000188976.11|OTTHUMG00000040720.2|OTTHUMT00000097869.2|NOC2L-201|NOC2L|2757|protein_coding|	1614	CCTGC	84.67523076923077	2.0897727272727273	0.006379076923076923	0.45	85.44	1.99	0.00564	-0.26674641148325356
ENST00000327044.7|ENSG00000188976.11|OTTHUMG00000040720.2|OTTHUMT00000097869.2|NOC2L-201|NOC2L|2757|protein_coding|	1615	CTGCA	99.42818181818184	2.5216666666666665	0.005681111111111111	1.51	100.555	2.2935	0.00465	-0.19435569755058577
ENST00000327044.7|ENSG00000188976.11|OTTHUMG00000040720.2|OTTHUMT00000097869.2|NOC2L-201|NOC2L|2757|protein_coding|	1616	TGCAC	107.35090909090908	4.323029850746268	0.0057395454545454555	-0.35	106.67	3.957	0.00531	0.11995591988245291
ENST00000327044.7|ENSG00000188976.11|OTTHUMG00000040720.2|OTTHUMT00000097869.2|NOC2L-201|NOC2L|2757|protein_coding|	1617	GCACA	73.20828282828282	1.79331	0.005462673267326733	0.31	73.54	1.524	0.00465	inf
ENST00000327044.7|ENSG00000188976.11|OTTHUMG00000040720.2|OTTHUMT00000097869.2|NOC2L-201|NOC2L|2757|protein_coding|	1618	CACAG	82.61910112359551	1.7762840909090911	0.00524593023255814	0.2817977528089887	82.76	1.721	0.00432	-0.44142009719839903
ENST00000327044.7|ENSG00000188976.11|OTTHUMG00000040720.2|OTTHUMT00000097869.2|NOC2L-201|NOC2L|2757|protein_coding|	1619	ACAGC	88.499375	2.007145833333333	0.004654468085106383	0.12	88.6	1.982	0.00365	-0.6056687950229208
ENST00000327044.7|ENSG00000188976.11|OTTHUMG00000040720.2|OTTHUMT00000097869.2|NOC2L-201|NOC2L|2757|protein_coding|	1620	CAGCC	106.82731707317073	2.5810000000000004	0.005809761904761905	0.94	107.35	2.511	0.00498	-0.1453642384105959
ENST00000327044.7|ENSG00000188976.11|OTTHUMG00000040720.2|OTTHUMT00000097869.2|NOC2L-201|NOC2L|2757|protein_coding|	1621	AGCCA	110.53674999999998	2.4380246913580246	0.0056971604938271594	0.33499999999999996	110.28	2.348	0.004484999999999999	-0.25895906037750016
ENST00000327044.7|ENSG00000188976.11|OTTHUMG00000040720.2|OTTHUMT00000097869.2|NOC2L-201|NOC2L|2757|protein_coding|	1622	GCCAG	73.32	2.7588235294117647	0.007258611111111111	1.065	73.875	2.665	0.00598	0.3074993030387511
ENST00000327044.7|ENSG00000188976.11|OTTHUMG00000040720.2|OTTHUMT00000097869.2|NOC2L-201|NOC2L|2757|protein_coding|	1623	CCAGG	90.58367647058823	5.022117647058823	0.005422727272727272	-0.02	90.9	5.341	0.00498	-0.01333641511614474
ENST00000327044.7|ENSG00000188976.11|OTTHUMG00000040720.2|OTTHUMT00000097869.2|NOC2L-201|NOC2L|2757|protein_coding|	1624	CAGGC	116.538	8.3864	0.0079668	0.23799999999999996	116.0	8.638	0.00498	0.06969387755102044
ENST00000327044.7|ENSG00000188976.11|OTTHUMG00000040720.2|OTTHUMT00000097869.2|NOC2L-201|NOC2L|2757|protein_coding|	1625	AGGCA	110.33464285714285	7.236	0.006284137931034483	-0.06	108.92	7.145	0.00432	0.3627118644067797
ENST00000327044.7|ENSG00000188976.11|OTTHUMG00000040720.2|OTTHUMT00000097869.2|NOC2L-201|NOC2L|2757|protein_coding|	1626	GGCAC	110.91784615384617	6.2482727272727265	0.00680078125	0.11	111.31	6.1795	0.004815	0.6187235044747996
ENST00000327044.7|ENSG00000188976.11|OTTHUMG00000040720.2|OTTHUMT00000097869.2|NOC2L-201|NOC2L|2757|protein_coding|	1627	GCACA	74.14634920634921	1.838770491803279	0.004524354838709675	0.28	73.75	1.784	0.00398	-0.0219305894663409
ENST00000327044.7|ENSG00000188976.11|OTTHUMG00000040720.2|OTTHUMT00000097869.2|NOC2L-201|NOC2L|2757|protein_coding|	1628	CACAC	83.19727272727273	2.1486842105263158	0.005169285714285714	0.76	83.265	1.9615	0.00432	-0.3243131413439259
ENST00000327044.7|ENSG00000188976.11|OTTHUMG00000040720.2|OTTHUMT00000097869.2|NOC2L-201|NOC2L|2757|protein_coding|	1629	ACACT	78.92194444444443	1.9631428571428569	0.007441176470588234	0.4605555555555555	78.72999999999999	1.887	0.00531	0.04422492401215796
ENST00000327044.7|ENSG00000188976.11|OTTHUMG00000040720.2|OTTHUMT00000097869.2|NOC2L-201|NOC2L|2757|protein_coding|	1630	CACTG	86.43247191011235	1.8071333333333337	0.00712659090909091	0.05	85.9	1.739	0.00498	-0.3380463980463979
ENST00000327044.7|ENSG00000188976.11|OTTHUMG00000040720.2|OTTHUMT00000097869.2|NOC2L-201|NOC2L|2757|protein_coding|	1631	ACTGC	87.46492957746477	1.9317746478873237	0.0070292857142857145	0.19	86.8	1.8175	0.00498	-0.32218433407462327
ENST00000327044.7|ENSG00000188976.11|OTTHUMG00000040720.2|OTTHUMT00000097869.2|NOC2L-201|NOC2L|2757|protein_coding|	1632	CTGCA	97.16744680851066	2.5118695652173915	0.00523891304347826	0.5657446808510638	98.73	2.437	0.00531	-0.1974857619113765
ENST00000327044.7|ENSG00000188976.11|OTTHUMG00000040720.2|OTTHUMT00000097869.2|NOC2L-201|NOC2L|2757|protein_coding|	1633	TGCAT	104.69186813186812	5.023744680851065	0.0061779999999999995	-0.05	105.68	4.9384999999999994	0.004815	0.30148825928784073
ENST00000327044.7|ENSG00000188976.11|OTTHUMG00000040720.2|OTTHUMT00000097869.2|NOC2L-201|NOC2L|2757|protein_coding|	1634	GCATC	83.79512820512821	1.8605263157894734	0.005397179487179487	1.1643589743589744	84.0	1.687	0.00498	-0.12651346676550543
ENST00000327044.7|ENSG00000188976.11|OTTHUMG00000040720.2|OTTHUMT00000097869.2|NOC2L-201|NOC2L|2757|protein_coding|	1635	CATCG	89.60579710144927	2.4491428571428573	0.00536	0.28	89.38	2.405	0.00465	-0.5703258145363408
ENST00000327044.7|ENSG00000188976.11|OTTHUMG00000040720.2|OTTHUMT00000097869.2|NOC2L-201|NOC2L|2757|protein_coding|	1636	ATCGG	81.92138297872341	1.8676021505376346	0.005152888888888889	0.6751063829787233	82.3	1.848	0.00432	-0.18799906498363708
ENST00000327044.7|ENSG00000188976.11|OTTHUMG00000040720.2|OTTHUMT00000097869.2|NOC2L-201|NOC2L|2757|protein_coding|	1637	TCGGC	93.92525423728813	3.2284666666666673	0.004945423728813558	0.34	94.85	2.952	0.00465	-0.3517135207496653
ENST00000327044.7|ENSG00000188976.11|OTTHUMG00000040720.2|OTTHUMT00000097869.2|NOC2L-201|NOC2L|2757|protein_coding|	1638	CGGCT	106.57236842105263	2.929	0.0061607894736842115	-0.43	106.7	2.805	0.00531	-0.44839924670433146
ENST00000327044.7|ENSG00000188976.11|OTTHUMG00000040720.2|OTTHUMT00000097869.2|NOC2L-201|NOC2L|2757|protein_coding|	1639	GGCTT	110.86120689655172	4.0761724137931035	0.007268392857142857	-0.3422413793103448	111.595	3.7545	0.006144999999999999	0.14821758135017005
ENST00000327044.7|ENSG00000188976.11|OTTHUMG00000040720.2|OTTHUMT00000097869.2|NOC2L-201|NOC2L|2757|protein_coding|	1640	GCTTC	77.71426229508197	1.7287936507936505	0.00559796875	-0.19	77.13	1.683	0.00498	-0.28562245834973116
ENST00000327044.7|ENSG00000188976.11|OTTHUMG00000040720.2|OTTHUMT00000097869.2|NOC2L-201|NOC2L|2757|protein_coding|	1641	CTTCC	74.42168831168829	1.325421052631579	0.005863896103896103	0.005	74.225	1.2429999999999999	0.00498	-0.35969997457411634
ENST00000327044.7|ENSG00000188976.11|OTTHUMG00000040720.2|OTTHUMT00000097869.2|NOC2L-201|NOC2L|2757|protein_coding|	1642	TTCCC	70.09980392156862	1.3255800000000002	0.005399591836734693	0.4372549019607843	69.91	1.275	0.00432	-0.42366086956521726
ENST00000327044.7|ENSG00000188976.11|OTTHUMG00000040720.2|OTTHUMT00000097869.2|NOC2L-201|NOC2L|2757|protein_coding|	1643	TCCCG	66.43605263157896	1.933973684210526	0.005967027027027026	0.38	66.58	1.56	0.00531	-0.06571319603356227
ENST00000327044.7|ENSG00000188976.11|OTTHUMG00000040720.2|OTTHUMT00000097869.2|NOC2L-201|NOC2L|2757|protein_coding|	1644	CCCGG	79.54881355932206	3.518133333333333	0.005518103448275863	0.39	79.305	3.3825000000000003	0.00465	0.265515587529976
ENST00000327044.7|ENSG00000188976.11|OTTHUMG00000040720.2|OTTHUMT00000097869.2|NOC2L-201|NOC2L|2757|protein_coding|	1645	CCGGA	106.05386363636366	4.957931818181819	0.005561136363636362	0.27	107.43	4.946	0.00432	-0.004431361810879883
ENST00000327044.7|ENSG00000188976.11|OTTHUMG00000040720.2|OTTHUMT00000097869.2|NOC2L-201|NOC2L|2757|protein_coding|	1646	CGGAG	124.3060465116279	2.77589156626506	0.0061016666666666676	0.34023255813953485	124.55	2.599	0.00498	-0.12432442704572243
ENST00000327044.7|ENSG00000188976.11|OTTHUMG00000040720.2|OTTHUMT00000097869.2|NOC2L-201|NOC2L|2757|protein_coding|	1647	GGAGC	120.7484375	5.67128125	0.0052896666666666665	-0.05093749999999999	120.435	5.1175	0.004815	-0.0032897627416521194
ENST00000327044.7|ENSG00000188976.11|OTTHUMG00000040720.2|OTTHUMT00000097869.2|NOC2L-201|NOC2L|2757|protein_coding|	1648	GAGCT	112.29291666666666	3.777197183098592	0.006255999999999999	0.06472222222222222	112.44	3.6	0.00531	0.25072754407238146
ENST00000327044.7|ENSG00000188976.11|OTTHUMG00000040720.2|OTTHUMT00000097869.2|NOC2L-201|NOC2L|2757|protein_coding|	1649	AGCTG	121.08955555555556	2.867431818181818	0.005865172413793105	0.84	121.24	2.711	0.00498	-0.19227272727272723
ENST00000327044.7|ENSG00000188976.11|OTTHUMG00000040720.2|OTTHUMT00000097869.2|NOC2L-201|NOC2L|2757|protein_coding|	1650	GCTGG	87.96705882352941	2.8224242424242423	0.004804062499999999	0.6561764705882354	87.75	2.6135	0.00465	-0.0096757044125466
ENST00000327044.7|ENSG00000188976.11|OTTHUMG00000040720.2|OTTHUMT00000097869.2|NOC2L-201|NOC2L|2757|protein_coding|	1651	CTGGT	104.98000000000003	3.151383333333334	0.0049629999999999995	-0.015	105.08	2.9395	0.004484999999999999	-0.2101796157059314
ENST00000327044.7|ENSG00000188976.11|OTTHUMG00000040720.2|OTTHUMT00000097869.2|NOC2L-201|NOC2L|2757|protein_coding|	1652	TGGTG	115.84518518518519	4.386754716981132	0.005506415094339622	0.36	116.77	4.198	0.00432	0.3017076311516712
ENST00000327044.7|ENSG00000188976.11|OTTHUMG00000040720.2|OTTHUMT00000097869.2|NOC2L-201|NOC2L|2757|protein_coding|	1653	GGTGC	92.19023809523809	10.72411904761905	0.006388536585365853	-0.12	90.995	10.3925	0.00498	0.1067202319524304
ENST00000327044.7|ENSG00000188976.11|OTTHUMG00000040720.2|OTTHUMT00000097869.2|NOC2L-201|NOC2L|2757|protein_coding|	1654	GTGCT	90.54983870967742	3.609966101694915	0.007003709677419356	0.12725806451612903	91.17	2.791	0.00531	0.1533438024584394
ENST00000327044.7|ENSG00000188976.11|OTTHUMG00000040720.2|OTTHUMT00000097869.2|NOC2L-201|NOC2L|2757|protein_coding|	1655	TGCTG	106.11339285714287	3.5058035714285714	0.004759811320754718	-0.42303571428571424	105.805	3.577	0.00415	-0.012449698189134781
ENST00000327044.7|ENSG00000188976.11|OTTHUMG00000040720.2|OTTHUMT00000097869.2|NOC2L-201|NOC2L|2757|protein_coding|	1656	GCTGC	81.16506493506493	1.9634594594594594	0.005855999999999999	-0.5945454545454545	81.2	1.8655	0.00498	-0.31106685633001424
ENST00000327044.7|ENSG00000188976.11|OTTHUMG00000040720.2|OTTHUMT00000097869.2|NOC2L-201|NOC2L|2757|protein_coding|	1657	CTGCC	91.35251572327043	2.362622641509434	0.006240382165605095	0.18	91.60499999999999	2.2435	0.00498	-0.24516848514075587
ENST00000327044.7|ENSG00000188976.11|OTTHUMG00000040720.2|OTTHUMT00000097869.2|NOC2L-201|NOC2L|2757|protein_coding|	1658	TGCCT	105.15982142857142	3.8552631578947367	0.005824736842105262	0.69	105.685	3.7824999999999998	0.004484999999999999	0.1718125099984002
ENST00000327044.7|ENSG00000188976.11|OTTHUMG00000040720.2|OTTHUMT00000097869.2|NOC2L-201|NOC2L|2757|protein_coding|	1659	GCCTG	71.96777777777778	2.2227936507936503	0.005839365079365077	0.645	71.91	1.929	0.00432	-0.054130361364404155
ENST00000327044.7|ENSG00000188976.11|OTTHUMG00000040720.2|OTTHUMT00000097869.2|NOC2L-201|NOC2L|2757|protein_coding|	1660	CCTGT	85.15366197183097	1.8824857142857143	0.005772142857142857	-0.51	85.0	1.771	0.00465	-0.33947869674185466
ENST00000327044.7|ENSG00000188976.11|OTTHUMG00000040720.2|OTTHUMT00000097869.2|NOC2L-201|NOC2L|2757|protein_coding|	1661	CTGTG	101.46543046357615	3.669560810810811	0.006323835616438356	0.35483443708609275	101.705	2.984	0.00465	-0.029216716716716593
ENST00000327044.7|ENSG00000188976.11|OTTHUMG00000040720.2|OTTHUMT00000097869.2|NOC2L-201|NOC2L|2757|protein_coding|	1662	TGTGG	98.67285714285715	5.132000000000001	0.005251111111111112	0.425	101.75	5.389	0.0034850000000000003	-0.47038183694530433
ENST00000327044.7|ENSG00000188976.11|OTTHUMG00000040720.2|OTTHUMT00000097869.2|NOC2L-201|NOC2L|2757|protein_coding|	1663	GTGGT	100.09337209302325	4.435279069767441	0.007339397590361447	0.23488372093023255	100.25	3.429	0.00598	0.11159876435274207
ENST00000327044.7|ENSG00000188976.11|OTTHUMG00000040720.2|OTTHUMT00000097869.2|NOC2L-201|NOC2L|2757|protein_coding|	1664	TGGTC	114.42124999999999	4.226136363636363	0.005807301587301586	-0.02	114.17	3.774	0.004815	0.2540463987051522
ENST00000327044.7|ENSG00000188976.11|OTTHUMG00000040720.2|OTTHUMT00000097869.2|NOC2L-201|NOC2L|2757|protein_coding|	1665	GGTCC	121.19968750000001	5.745909090909092	0.005488750000000001	0.79	122.23	5.082	0.00531	inf
ENST00000327044.7|ENSG00000188976.11|OTTHUMG00000040720.2|OTTHUMT00000097869.2|NOC2L-201|NOC2L|2757|protein_coding|	1666	GTCCT	70.26959183673469	2.500285714285714	0.005881224489795918	0.007551020408163256	70.22	2.0165	0.0053100000000000005	0.08708074534161486
ENST00000327044.7|ENSG00000188976.11|OTTHUMG00000040720.2|OTTHUMT00000097869.2|NOC2L-201|NOC2L|2757|protein_coding|	1667	TCCTG	73.21387755102042	1.8890816326530613	0.005713125	0.5110204081632653	72.76	1.861	0.00465	-0.19613547546678245
ENST00000327044.7|ENSG00000188976.11|OTTHUMG00000040720.2|OTTHUMT00000097869.2|NOC2L-201|NOC2L|2757|protein_coding|	1668	CCTGC	83.07373737373737	1.7707171717171717	0.00652909090909091	-0.3093939393939394	83.5	1.756	0.00498	-0.37869572922204503
ENST00000327044.7|ENSG00000188976.11|OTTHUMG00000040720.2|OTTHUMT00000097869.2|NOC2L-201|NOC2L|2757|protein_coding|	1669	CTGCA	95.195125	3.097604938271605	0.005980129870129868	0.070375	95.49	2.765	0.00498	-0.010349859977123009
ENST00000327044.7|ENSG00000188976.11|OTTHUMG00000040720.2|OTTHUMT00000097869.2|NOC2L-201|NOC2L|2757|protein_coding|	1670	TGCAG	104.8977027027027	4.018301369863013	0.005607083333333334	0.32378378378378375	106.18	3.5004999999999997	0.00465	0.041010717581091545
ENST00000327044.7|ENSG00000188976.11|OTTHUMG00000040720.2|OTTHUMT00000097869.2|NOC2L-201|NOC2L|2757|protein_coding|	1671	GCAGC	92.0248780487805	2.8048536585365853	0.004518048780487805	0.38	91.945	2.6245000000000003	0.00365	-0.4489482006804351
ENST00000327044.7|ENSG00000188976.11|OTTHUMG00000040720.2|OTTHUMT00000097869.2|NOC2L-201|NOC2L|2757|protein_coding|	1672	CAGCT	113.80396226415097	2.77937037037037	0.006534999999999998	0.56	113.75	2.636	0.00564	-0.07967868530782449
ENST00000327044.7|ENSG00000188976.11|OTTHUMG00000040720.2|OTTHUMT00000097869.2|NOC2L-201|NOC2L|2757|protein_coding|	1673	AGCTG	118.97063636363637	3.081321100917431	0.006498333333333333	0.29000000000000004	118.67	2.8275	0.00498	-0.13202222509368142
ENST00000327044.7|ENSG00000188976.11|OTTHUMG00000040720.2|OTTHUMT00000097869.2|NOC2L-201|NOC2L|2757|protein_coding|	1674	GCTGA	90.45581632653061	2.65940206185567	0.007146736842105264	0.37	90.97	2.564	0.00598	-0.06687646952432635
ENST00000327044.7|ENSG00000188976.11|OTTHUMG00000040720.2|OTTHUMT00000097869.2|NOC2L-201|NOC2L|2757|protein_coding|	1675	CTGAA	107.13135135135136	3.4314657534246575	0.005948055555555556	-0.12824324324324324	107.01	3.084	0.00465	-0.23575372974951952
ENST00000327044.7|ENSG00000188976.11|OTTHUMG00000040720.2|OTTHUMT00000097869.2|NOC2L-201|NOC2L|2757|protein_coding|	1676	TGAAG	115.65457142857143	5.291114285714286	0.005302058823529412	0.12371428571428572	116.89	5.377	0.00432	-0.04836073997944484
ENST00000327044.7|ENSG00000188976.11|OTTHUMG00000040720.2|OTTHUMT00000097869.2|NOC2L-201|NOC2L|2757|protein_coding|	1677	GAAGT	103.26697368421053	4.622088607594936	0.006341794871794872	-0.05	103.215	4.523	0.00465	0.13844546985096953
ENST00000327044.7|ENSG00000188976.11|OTTHUMG00000040720.2|OTTHUMT00000097869.2|NOC2L-201|NOC2L|2757|protein_coding|	1678	AAGTC	114.99170731707316	4.494571428571429	0.0065507317073170744	0.13	115.465	4.1795	0.00465	0.11527827011697975
ENST00000327044.7|ENSG00000188976.11|OTTHUMG00000040720.2|OTTHUMT00000097869.2|NOC2L-201|NOC2L|2757|protein_coding|	1679	AGTCG	125.12	6.076	0.0055875862068965505	0.375	125.125	5.998	0.004815	0.0009884678747939602
ENST00000327044.7|ENSG00000188976.11|OTTHUMG00000040720.2|OTTHUMT00000097869.2|NOC2L-201|NOC2L|2757|protein_coding|	1680	GTCGT	79.6658064516129	2.2826562499999996	0.006845396825396825	0.37	80.36	1.94	0.00564	-0.007540760869565311
ENST00000327044.7|ENSG00000188976.11|OTTHUMG00000040720.2|OTTHUMT00000097869.2|NOC2L-201|NOC2L|2757|protein_coding|	1681	TCGTT	93.1338181818182	2.726145454545455	0.006141851851851853	0.26181818181818184	93.07499999999999	2.4059999999999997	0.00498	-0.10618181818181802
ENST00000327044.7|ENSG00000188976.11|OTTHUMG00000040720.2|OTTHUMT00000097869.2|NOC2L-201|NOC2L|2757|protein_coding|	1682	CGTTC	98.57073170731708	4.8756666666666675	0.006031428571428571	-0.24512195121951216	98.66	5.0375	0.005645	-0.3490431686693368
ENST00000327044.7|ENSG00000188976.11|OTTHUMG00000040720.2|OTTHUMT00000097869.2|NOC2L-201|NOC2L|2757|protein_coding|	1683	GTTCC	76.07778947368422	1.6994999999999998	0.005408279569892472	0.045	76.07	1.5430000000000001	0.00432	-0.17898550724637685
ENST00000327044.7|ENSG00000188976.11|OTTHUMG00000040720.2|OTTHUMT00000097869.2|NOC2L-201|NOC2L|2757|protein_coding|	1684	TTCCT	72.17486111111111	1.3609178082191782	0.004688493150684932	0.125	72.33	1.1185	0.00332	-0.4082966051220964
ENST00000327044.7|ENSG00000188976.11|OTTHUMG00000040720.2|OTTHUMT00000097869.2|NOC2L-201|NOC2L|2757|protein_coding|	1685	TCCTC	70.01941176470588	1.2946346153846153	0.005637115384615384	-0.17	70.13	1.221	0.00432	-0.4490916530278233
ENST00000327044.7|ENSG00000188976.11|OTTHUMG00000040720.2|OTTHUMT00000097869.2|NOC2L-201|NOC2L|2757|protein_coding|	1686	CCTCC	74.80171428571428	1.6393428571428572	0.004539999999999999	0.675	74.66499999999999	1.2719999999999998	0.00398	-0.42479197994987467
ENST00000327044.7|ENSG00000188976.11|OTTHUMG00000040720.2|OTTHUMT00000097869.2|NOC2L-201|NOC2L|2757|protein_coding|	1687	CTCCG	70.64027777777778	1.3382916666666667	0.005694507042253521	0.08361111111111111	70.67	1.352	0.00432	-0.41813405797101444
ENST00000327044.7|ENSG00000188976.11|OTTHUMG00000040720.2|OTTHUMT00000097869.2|NOC2L-201|NOC2L|2757|protein_coding|	1688	TCCGG	77.63899159663865	2.1327333333333334	0.005646186440677966	0.25	77.41	2.0495	0.00465	-0.23282973621103112
ENST00000327044.7|ENSG00000188976.11|OTTHUMG00000040720.2|OTTHUMT00000097869.2|NOC2L-201|NOC2L|2757|protein_coding|	1689	CCGGG	92.83099999999999	3.797882352941176	0.0068506779661016955	0.05	93.24	3.739	0.00531	-0.23737302149775594
ENST00000327044.7|ENSG00000188976.11|OTTHUMG00000040720.2|OTTHUMT00000097869.2|NOC2L-201|NOC2L|2757|protein_coding|	1690	CGGGA	114.27388059701492	4.059925373134329	0.006891940298507464	-0.3	113.92	4.024	0.00498	0.0024507094158838566
ENST00000327044.7|ENSG00000188976.11|OTTHUMG00000040720.2|OTTHUMT00000097869.2|NOC2L-201|NOC2L|2757|protein_coding|	1691	GGGAG	120.45411764705881	3.813047619047618	0.007718571428571429	0.20500000000000002	121.055	3.229	0.00598	0.20285413850082593
ENST00000327044.7|ENSG00000188976.11|OTTHUMG00000040720.2|OTTHUMT00000097869.2|NOC2L-201|NOC2L|2757|protein_coding|	1692	GGAGT	109.8772972972973	5.945945945945946	0.004907297297297298	-1.1600000000000001	108.36	5.0895	0.0034850000000000003	0.04498171282002552
ENST00000327044.7|ENSG00000188976.11|OTTHUMG00000040720.2|OTTHUMT00000097869.2|NOC2L-201|NOC2L|2757|protein_coding|	1693	GAGTG	122.55843137254901	6.075156862745097	0.005224999999999999	0.31352941176470583	122.33500000000001	5.1645	0.00432	0.50748309249258
ENST00000327044.7|ENSG00000188976.11|OTTHUMG00000040720.2|OTTHUMT00000097869.2|NOC2L-201|NOC2L|2757|protein_coding|	1694	AGTGC	113.31171428571429	10.825805555555554	0.005966176470588235	0.425	115.125	10.4085	0.0053100000000000005	0.11721419561976831
ENST00000327044.7|ENSG00000188976.11|OTTHUMG00000040720.2|OTTHUMT00000097869.2|NOC2L-201|NOC2L|2757|protein_coding|	1695	GTGCA	87.56383561643834	2.921424657534246	0.005047162162162161	0.15000000000000002	87.36	2.314	0.00398	-0.06663748960567212
ENST00000327044.7|ENSG00000188976.11|OTTHUMG00000040720.2|OTTHUMT00000097869.2|NOC2L-201|NOC2L|2757|protein_coding|	1696	TGCAA	108.16795454545455	5.1003043478260865	0.0057615555555555545	0.4	107.93	4.973	0.00465	0.3213223699031313
ENST00000327044.7|ENSG00000188976.11|OTTHUMG00000040720.2|OTTHUMT00000097869.2|NOC2L-201|NOC2L|2757|protein_coding|	1697	GCAAG	74.577875	2.7275384615384612	0.005863506493506493	-0.15	79.24000000000001	2.31	0.00498	-0.0968415690269996
ENST00000327044.7|ENSG00000188976.11|OTTHUMG00000040720.2|OTTHUMT00000097869.2|NOC2L-201|NOC2L|2757|protein_coding|	1698	CAAGG	109.33041666666668	4.09	0.007484375000000001	0.74	109.82	3.793	0.00531	0.007389162561576417
ENST00000327044.7|ENSG00000188976.11|OTTHUMG00000040720.2|OTTHUMT00000097869.2|NOC2L-201|NOC2L|2757|protein_coding|	1699	AAGGT	115.91166666666668	7.776666666666666	0.006780212765957446	0.24	117.795	7.2940000000000005	0.00598	-0.008078231292517023
ENST00000327044.7|ENSG00000188976.11|OTTHUMG00000040720.2|OTTHUMT00000097869.2|NOC2L-201|NOC2L|2757|protein_coding|	1700	AGGTG	118.85057142857141	7.542154929577468	0.008127246376811595	0.65	119.97	7.12	0.00764	inf
ENST00000327044.7|ENSG00000188976.11|OTTHUMG00000040720.2|OTTHUMT00000097869.2|NOC2L-201|NOC2L|2757|protein_coding|	1701	GGTGG	101.8712676056338	9.504416666666666	0.0052585507246376804	0.18901408450704224	103.465	10.5015	0.004815	-0.019152046783625764
ENST00000327044.7|ENSG00000188976.11|OTTHUMG00000040720.2|OTTHUMT00000097869.2|NOC2L-201|NOC2L|2757|protein_coding|	1702	GTGGC	95.48333333333333	6.712726415094339	0.0070348076923076935	-0.32	95.245	4.8315	0.006144999999999999	0.6823875727053481
ENST00000327044.7|ENSG00000188976.11|OTTHUMG00000040720.2|OTTHUMT00000097869.2|NOC2L-201|NOC2L|2757|protein_coding|	1703	TGGCC	103.88603174603176	8.737999999999998	0.0064652459016393445	0.02000000000000001	105.83	8.192	0.00465	0.645574387947269
ENST00000327044.7|ENSG00000188976.11|OTTHUMG00000040720.2|OTTHUMT00000097869.2|NOC2L-201|NOC2L|2757|protein_coding|	1704	GGCCA	102.9485	4.989367088607595	0.0074843037974683555	0.33	103.34	4.634	0.00564	0.5165249509445576
ENST00000327044.7|ENSG00000188976.11|OTTHUMG00000040720.2|OTTHUMT00000097869.2|NOC2L-201|NOC2L|2757|protein_coding|	1705	GCCAA	74.21018867924528	2.2582592592592587	0.005036792452830188	0.37	74.26	1.897	0.00432	0.07026505178163928
ENST00000327044.7|ENSG00000188976.11|OTTHUMG00000040720.2|OTTHUMT00000097869.2|NOC2L-201|NOC2L|2757|protein_coding|	1706	CCAAC	85.76657534246574	2.059986301369863	0.00584527027027027	0.39	86.42	1.873	0.00465	-0.31788533067223074
ENST00000327044.7|ENSG00000188976.11|OTTHUMG00000040720.2|OTTHUMT00000097869.2|NOC2L-201|NOC2L|2757|protein_coding|	1707	CAACT	96.69475409836066	3.1975	0.0070481967213114755	0.23	96.71	2.743	0.00631	-0.07318840579710156
ENST00000327044.7|ENSG00000188976.11|OTTHUMG00000040720.2|OTTHUMT00000097869.2|NOC2L-201|NOC2L|2757|protein_coding|	1708	AACTA	91.95051020408162	2.088104166666666	0.005710425531914894	-0.2753061224489796	92.225	1.8865	0.00465	-0.23512667887667904
ENST00000327044.7|ENSG00000188976.11|OTTHUMG00000040720.2|OTTHUMT00000097869.2|NOC2L-201|NOC2L|2757|protein_coding|	1709	ACTAC	87.375625	2.254939393939394	0.006581237113402062	0.265	87.50999999999999	1.9325	0.005145	-0.1426085954603065
ENST00000327044.7|ENSG00000188976.11|OTTHUMG00000040720.2|OTTHUMT00000097869.2|NOC2L-201|NOC2L|2757|protein_coding|	1710	CTACT	83.78254385964914	2.178	0.006550714285714286	0.11	83.695	1.9575	0.005145	0.03714285714285707
ENST00000327044.7|ENSG00000188976.11|OTTHUMG00000040720.2|OTTHUMT00000097869.2|NOC2L-201|NOC2L|2757|protein_coding|	1711	TACTG	88.68017857142857	2.183375	0.007067999999999999	0.25232142857142853	88.57	2.137	0.00598	-0.2002289377289378
ENST00000327044.7|ENSG00000188976.11|OTTHUMG00000040720.2|OTTHUMT00000097869.2|NOC2L-201|NOC2L|2757|protein_coding|	1712	ACTGC	83.65954545454544	1.7172045454545453	0.004955813953488373	-0.77	83.19	1.656	0.00465	-0.39747208931419464
ENST00000327044.7|ENSG00000188976.11|OTTHUMG00000040720.2|OTTHUMT00000097869.2|NOC2L-201|NOC2L|2757|protein_coding|	1713	CTGCC	93.23054545454546	2.1179811320754713	0.006609074074074073	0.5605454545454546	93.49	2.174	0.00598	-0.323328711796974
ENST00000327044.7|ENSG00000188976.11|OTTHUMG00000040720.2|OTTHUMT00000097869.2|NOC2L-201|NOC2L|2757|protein_coding|	1714	TGCCG	103.07448818897637	3.2315275590551176	0.006673920000000001	0.21	103.0	2.897	0.00531	-0.017772778402699838
ENST00000327044.7|ENSG00000188976.11|OTTHUMG00000040720.2|OTTHUMT00000097869.2|NOC2L-201|NOC2L|2757|protein_coding|	1715	GCCGG	76.55588235294117	2.967921568627451	0.0048205999999999995	0.58	77.19	3.051	0.00432	0.0675976865566371
ENST00000327044.7|ENSG00000188976.11|OTTHUMG00000040720.2|OTTHUMT00000097869.2|NOC2L-201|NOC2L|2757|protein_coding|	1716	CCGGC	93.78690476190476	3.3041882352941174	0.006240952380952383	-0.12	94.15	2.928	0.00531	-0.33650838648712506
ENST00000327044.7|ENSG00000188976.11|OTTHUMG00000040720.2|OTTHUMT00000097869.2|NOC2L-201|NOC2L|2757|protein_coding|	1717	CGGCA	108.29795454545456	3.2427674418604657	0.005582790697674418	0.24590909090909088	107.43	2.7935	0.00432	-0.3893093329829631
ENST00000327044.7|ENSG00000188976.11|OTTHUMG00000040720.2|OTTHUMT00000097869.2|NOC2L-201|NOC2L|2757|protein_coding|	1718	GGCAG	104.89936170212766	4.169702127659574	0.007679347826086955	-0.1421276595744681	105.72	3.537	0.00564	0.08023371182890511
ENST00000327044.7|ENSG00000188976.11|OTTHUMG00000040720.2|OTTHUMT00000097869.2|NOC2L-201|NOC2L|2757|protein_coding|	1719	GCAGG	80.81520833333333	11.173784722222223	0.0077165714285714285	-0.515	80.725	11.7355	0.00598	1.1952425780397296
ENST00000327044.7|ENSG00000188976.11|OTTHUMG00000040720.2|OTTHUMT00000097869.2|NOC2L-201|NOC2L|2757|protein_coding|	1720	CAGGT	107.1517857142857	6.028964285714286	0.005904999999999999	-0.92	106.3	6.313	0.00432	-0.2309994533527696
ENST00000327044.7|ENSG00000188976.11|OTTHUMG00000040720.2|OTTHUMT00000097869.2|NOC2L-201|NOC2L|2757|protein_coding|	1721	AGGTG	117.11015873015874	5.025142857142857	0.00830015873015873	0.039999999999999994	117.045	4.7135	0.00664	0.49114031369224237
ENST00000327044.7|ENSG00000188976.11|OTTHUMG00000040720.2|OTTHUMT00000097869.2|NOC2L-201|NOC2L|2757|protein_coding|	1722	GGTGC	91.05806451612902	9.544048387096774	0.0070480327868852445	-0.2274193548387097	86.91	9.616499999999998	0.00581	-0.015062085954925204
ENST00000327044.7|ENSG00000188976.11|OTTHUMG00000040720.2|OTTHUMT00000097869.2|NOC2L-201|NOC2L|2757|protein_coding|	1723	GTGCA	85.99975609756098	5.0062	0.0077546913580246925	-0.27	85.9	3.747	0.0053100000000000005	0.5994249201277955
ENST00000327044.7|ENSG00000188976.11|OTTHUMG00000040720.2|OTTHUMT00000097869.2|NOC2L-201|NOC2L|2757|protein_coding|	1724	TGCAG	104.51567164179102	3.9512121212121216	0.005598955223880596	0.27621212121212124	105.205	3.7685	0.004815	0.02363008321557558
ENST00000327044.7|ENSG00000188976.11|OTTHUMG00000040720.2|OTTHUMT00000097869.2|NOC2L-201|NOC2L|2757|protein_coding|	1725	GCAGC	88.8541	2.7499803921568633	0.006066862745098041	-0.08	88.43	2.439	0.00465	-0.4597288031126005
ENST00000327044.7|ENSG00000188976.11|OTTHUMG00000040720.2|OTTHUMT00000097869.2|NOC2L-201|NOC2L|2757|protein_coding|	1726	CAGCA	108.35928571428572	2.9109285714285713	0.0052010526315789465	0.265	108.99	2.8185000000000002	0.00398	-0.036116367076632024
ENST00000327044.7|ENSG00000188976.11|OTTHUMG00000040720.2|OTTHUMT00000097869.2|NOC2L-201|NOC2L|2757|protein_coding|	1727	AGCAG	115.61217391304352	4.104466666666667	0.005430222222222221	0.6891304347826087	114.995	4.0695	0.00365	0.06333333333333349
ENST00000327044.7|ENSG00000188976.11|OTTHUMG00000040720.2|OTTHUMT00000097869.2|NOC2L-201|NOC2L|2757|protein_coding|	1728	GCAGC	94.24467213114755	2.818049586776859	0.005455491803278688	0.81	94.59	2.73	0.00432	-0.4463556803974737
ENST00000327044.7|ENSG00000188976.11|OTTHUMG00000040720.2|OTTHUMT00000097869.2|NOC2L-201|NOC2L|2757|protein_coding|	1729	CAGCT	112.61966386554624	3.4506355932203396	0.00809646551724138	0.315	113.15	3.4885	0.006475	0.1425945672915032
ENST00000327044.7|ENSG00000188976.11|OTTHUMG00000040720.2|OTTHUMT00000097869.2|NOC2L-201|NOC2L|2757|protein_coding|	1730	AGCTG	117.60793650793653	3.32965625	0.00627047619047619	0.01	117.48	2.7975	0.004484999999999999	-0.062068661971830884
ENST00000327044.7|ENSG00000188976.11|OTTHUMG00000040720.2|OTTHUMT00000097869.2|NOC2L-201|NOC2L|2757|protein_coding|	1731	GCTGC	85.79653333333333	2.72284	0.006934689655172414	0.58	85.59	2.662	0.00498	-0.0446175438596491
ENST00000327044.7|ENSG00000188976.11|OTTHUMG00000040720.2|OTTHUMT00000097869.2|NOC2L-201|NOC2L|2757|protein_coding|	1732	CTGCT	97.57253164556961	2.461515923566879	0.006834203821656049	0.30000000000000004	98.045	2.404	0.00498	-0.2135731873588246
ENST00000327044.7|ENSG00000188976.11|OTTHUMG00000040720.2|OTTHUMT00000097869.2|NOC2L-201|NOC2L|2757|protein_coding|	1733	TGCTT	109.27689189189189	4.093861111111112	0.006617397260273972	0.18	109.98	4.056	0.00498	0.15320031298904566
ENST00000327044.7|ENSG00000188976.11|OTTHUMG00000040720.2|OTTHUMT00000097869.2|NOC2L-201|NOC2L|2757|protein_coding|	1734	GCTTG	78.11597826086958	1.6625054945054947	0.005699000000000001	-0.63	77.63	1.522	0.00465	-0.3130142584688038
ENST00000327044.7|ENSG00000188976.11|OTTHUMG00000040720.2|OTTHUMT00000097869.2|NOC2L-201|NOC2L|2757|protein_coding|	1735	CTTGG	84.76489361702127	1.9637021276595747	0.006791086956521738	-1.0519148936170213	84.61	1.8845	0.00531	-0.2589803291850661
ENST00000327044.7|ENSG00000188976.11|OTTHUMG00000040720.2|OTTHUMT00000097869.2|NOC2L-201|NOC2L|2757|protein_coding|	1736	TTGGG	101.78637681159418	3.1173999999999995	0.007342753623188405	0.5604347826086957	101.81	2.563	0.00564	-0.21869674185463675
ENST00000327044.7|ENSG00000188976.11|OTTHUMG00000040720.2|OTTHUMT00000097869.2|NOC2L-201|NOC2L|2757|protein_coding|	1737	TGGGA	110.82567901234567	4.303170731707318	0.007701375000000001	-0.46499999999999997	111.18	4.323	0.00564	0.06251129177958463
ENST00000327044.7|ENSG00000188976.11|OTTHUMG00000040720.2|OTTHUMT00000097869.2|NOC2L-201|NOC2L|2757|protein_coding|	1738	GGGAA	118.96709677419355	3.65475	0.0063590625	-0.4	117.74	3.526	0.00498	0.15291798107255522
ENST00000327044.7|ENSG00000188976.11|OTTHUMG00000040720.2|OTTHUMT00000097869.2|NOC2L-201|NOC2L|2757|protein_coding|	1739	GGAAG	109.74100000000001	5.164457627118644	0.005952068965517241	-0.43	110.43	4.921	0.00498	inf
ENST00000327044.7|ENSG00000188976.11|OTTHUMG00000040720.2|OTTHUMT00000097869.2|NOC2L-201|NOC2L|2757|protein_coding|	1740	GAAGG	104.42576086956524	4.074901098901099	0.008295934065934065	-0.17	104.27	3.372	0.00664	0.0036702214042117756
ENST00000327044.7|ENSG00000188976.11|OTTHUMG00000040720.2|OTTHUMT00000097869.2|NOC2L-201|NOC2L|2757|protein_coding|	1741	AAGGT	114.14	4.5717727272727275	0.007304090909090908	0.135	116.775	4.5865	0.00664	-0.41686572356215207
ENST00000327044.7|ENSG00000188976.11|OTTHUMG00000040720.2|OTTHUMT00000097869.2|NOC2L-201|NOC2L|2757|protein_coding|	1742	AGGTT	122.13122950819672	3.8911451612903227	0.007918416666666667	0.395	122.72	3.398	0.00564	0.15464248109505122
ENST00000327044.7|ENSG00000188976.11|OTTHUMG00000040720.2|OTTHUMT00000097869.2|NOC2L-201|NOC2L|2757|protein_coding|	1743	GGTTC	118.53681818181818	6.6419999999999995	0.008811818181818181	0.515	119.22999999999999	6.8004999999999995	0.00963	-0.11321762349799742
ENST00000327044.7|ENSG00000188976.11|OTTHUMG00000040720.2|OTTHUMT00000097869.2|NOC2L-201|NOC2L|2757|protein_coding|	1744	GTTCA	77.96773584905661	2.661962962962963	0.005424150943396226	0.24	77.435	2.159	0.00432	inf
ENST00000327044.7|ENSG00000188976.11|OTTHUMG00000040720.2|OTTHUMT00000097869.2|NOC2L-201|NOC2L|2757|protein_coding|	1745	TTCAG	74.05202127659574	6.249031578947368	0.00740741935483871	0.12	74.72	3.769	0.00598	1.716970251716247
ENST00000327044.7|ENSG00000188976.11|OTTHUMG00000040720.2|OTTHUMT00000097869.2|NOC2L-201|NOC2L|2757|protein_coding|	1746	TCAGG	92.593125	4.817687500000001	0.005194193548387096	0.518125	93.735	4.8805	0.004484999999999999	-0.05349950884086426
ENST00000327044.7|ENSG00000188976.11|OTTHUMG00000040720.2|OTTHUMT00000097869.2|NOC2L-201|NOC2L|2757|protein_coding|	1747	CAGGA	97.1509375	4.218322580645162	0.006261595744680853	-0.11906249999999997	96.27000000000001	4.105	0.00531	-0.461948650427913
ENST00000327044.7|ENSG00000188976.11|OTTHUMG00000040720.2|OTTHUMT00000097869.2|NOC2L-201|NOC2L|2757|protein_coding|	1748	AGGAG	117.95744292237444	4.695784403669724	0.008750232558139535	0.3038356164383561	118.08	4.632	0.00631	0.4813200011576417
ENST00000327044.7|ENSG00000188976.11|OTTHUMG00000040720.2|OTTHUMT00000097869.2|NOC2L-201|NOC2L|2757|protein_coding|	1749	GGAGA	120.58771929824562	4.295338983050848	0.006834655172413793	0.41	122.34	4.026	0.00564	-0.2451073843495874
ENST00000327044.7|ENSG00000188976.11|OTTHUMG00000040720.2|OTTHUMT00000097869.2|NOC2L-201|NOC2L|2757|protein_coding|	1750	GAGAA	125.44795918367349	4.726877551020409	0.007718958333333334	-0.051224489795918364	125.61	4.172	0.00598	-0.19473976984320124
ENST00000327044.7|ENSG00000188976.11|OTTHUMG00000040720.2|OTTHUMT00000097869.2|NOC2L-201|NOC2L|2757|protein_coding|	1751	AGAAC	132.25831460674158	4.86804347826087	0.007764555555555555	0.59	132.68	4.590999999999999	0.00631	-0.12445261182358444
ENST00000327044.7|ENSG00000188976.11|OTTHUMG00000040720.2|OTTHUMT00000097869.2|NOC2L-201|NOC2L|2757|protein_coding|	1752	GAACT	101.61173410404625	2.6892499999999995	0.00618923076923077	0.06	101.08	2.301	0.00498	-0.2205072463768118
ENST00000327044.7|ENSG00000188976.11|OTTHUMG00000040720.2|OTTHUMT00000097869.2|NOC2L-201|NOC2L|2757|protein_coding|	1753	AACTC	93.7074358974359	2.2377317073170726	0.005596904761904762	0.88	94.96000000000001	1.7505000000000002	0.004815	-0.18031805592781222
ENST00000327044.7|ENSG00000188976.11|OTTHUMG00000040720.2|OTTHUMT00000097869.2|NOC2L-201|NOC2L|2757|protein_coding|	1754	ACTCG	80.91166666666665	2.206583333333333	0.004695714285714286	0.23	80.97	2.191	0.00398	-0.22576023391812874
ENST00000327044.7|ENSG00000188976.11|OTTHUMG00000040720.2|OTTHUMT00000097869.2|NOC2L-201|NOC2L|2757|protein_coding|	1755	CTCGG	82.72211267605634	2.0561714285714285	0.006311884057971014	0.10690140845070423	82.74	1.988	0.00432	-0.1060124223602484
ENST00000327044.7|ENSG00000188976.11|OTTHUMG00000040720.2|OTTHUMT00000097869.2|NOC2L-201|NOC2L|2757|protein_coding|	1756	TCGGC	95.74014285714284	2.815434782608696	0.006183731343283582	0.47652173913043483	96.575	2.761	0.005475	-0.4346516500785752
ENST00000327044.7|ENSG00000188976.11|OTTHUMG00000040720.2|OTTHUMT00000097869.2|NOC2L-201|NOC2L|2757|protein_coding|	1757	CGGCA	103.77093749999999	5.1464583333333325	0.00641691489361702	-0.26	104.02	4.151	0.00531	-0.030798807281858222
ENST00000327044.7|ENSG00000188976.11|OTTHUMG00000040720.2|OTTHUMT00000097869.2|NOC2L-201|NOC2L|2757|protein_coding|	1758	GGCAT	108.34617021276594	4.986968421052633	0.00713967741935484	0.08	109.09	5.002	0.00664	0.291960730842651
ENST00000327044.7|ENSG00000188976.11|OTTHUMG00000040720.2|OTTHUMT00000097869.2|NOC2L-201|NOC2L|2757|protein_coding|	1759	GCATA	83.96518134715025	1.6278670212765958	0.0058169680851063825	0.41	83.98	1.531	0.00531	-0.23574318249925078
ENST00000327044.7|ENSG00000188976.11|OTTHUMG00000040720.2|OTTHUMT00000097869.2|NOC2L-201|NOC2L|2757|protein_coding|	1760	CATAC	90.95852459016393	3.295116666666666	0.004748813559322033	0.06573770491803278	90.58	2.9589999999999996	0.00415	-0.4752998938428876
ENST00000327044.7|ENSG00000188976.11|OTTHUMG00000040720.2|OTTHUMT00000097869.2|NOC2L-201|NOC2L|2757|protein_coding|	1761	ATACA	79.49948717948718	1.826384615384615	0.005337179487179487	1.08	79.6	1.5535	0.004484999999999999	-0.13029304029304048
ENST00000327044.7|ENSG00000188976.11|OTTHUMG00000040720.2|OTTHUMT00000097869.2|NOC2L-201|NOC2L|2757|protein_coding|	1762	TACAT	85.14437500000001	1.8789279279279283	0.005000727272727273	0.5	85.17	1.66	0.00432	-0.4091421610289534
ENST00000327044.7|ENSG00000188976.11|OTTHUMG00000040720.2|OTTHUMT00000097869.2|NOC2L-201|NOC2L|2757|protein_coding|	1763	ACATC	79.0530357142857	1.5903275862068966	0.00570140350877193	1.09	81.06	1.457	0.00465	-0.2533673304192973
ENST00000327044.7|ENSG00000188976.11|OTTHUMG00000040720.2|OTTHUMT00000097869.2|NOC2L-201|NOC2L|2757|protein_coding|	1764	CATCT	83.96363636363635	2.5938823529411765	0.0042864705882352935	0.12	88.26	2.319	0.00332	inf
ENST00000327044.7|ENSG00000188976.11|OTTHUMG00000040720.2|OTTHUMT00000097869.2|NOC2L-201|NOC2L|2757|protein_coding|	1765	ATCTG	79.0529268292683	1.6131463414634142	0.005279761904761905	0.92	79.49000000000001	1.634	0.004484999999999999	-0.22070225050076603
ENST00000327044.7|ENSG00000188976.11|OTTHUMG00000040720.2|OTTHUMT00000097869.2|NOC2L-201|NOC2L|2757|protein_coding|	1766	TCTGC	83.75653846153847	1.9289102564102563	0.00609128205128205	-0.03	83.685	1.842	0.00465	-0.32318938371569955
ENST00000327044.7|ENSG00000188976.11|OTTHUMG00000040720.2|OTTHUMT00000097869.2|NOC2L-201|NOC2L|2757|protein_coding|	1767	CTGCA	94.76068965517241	2.59175294117647	0.005759418604651162	-0.0717441860465116	94.92500000000001	2.386	0.00498	-0.17196391655703827
ENST00000327044.7|ENSG00000188976.11|OTTHUMG00000040720.2|OTTHUMT00000097869.2|NOC2L-201|NOC2L|2757|protein_coding|	1768	TGCAG	105.14926470588235	4.130449275362319	0.005819117647058824	0.3680882352941177	105.35	3.796	0.00465	0.07006457910940915
ENST00000327044.7|ENSG00000188976.11|OTTHUMG00000040720.2|OTTHUMT00000097869.2|NOC2L-201|NOC2L|2757|protein_coding|	1769	GCAGC	88.63340425531914	2.8877391304347824	0.005757021276595743	-0.06	89.07	2.469	0.004484999999999999	-0.43266421798923727
ENST00000327044.7|ENSG00000188976.11|OTTHUMG00000040720.2|OTTHUMT00000097869.2|NOC2L-201|NOC2L|2757|protein_coding|	1770	CAGCC	104.93666666666667	2.5620930232558137	0.006076744186046511	0.25190476190476196	105.63	2.406	0.00498	-0.15162482673648556
ENST00000327044.7|ENSG00000188976.11|OTTHUMG00000040720.2|OTTHUMT00000097869.2|NOC2L-201|NOC2L|2757|protein_coding|	1771	AGCCG	109.50439024390245	3.618075	0.00635725	0.01	109.86	3.658	0.00531	0.09971884498480246
ENST00000327044.7|ENSG00000188976.11|OTTHUMG00000040720.2|OTTHUMT00000097869.2|NOC2L-201|NOC2L|2757|protein_coding|	1772	GCCGC	75.74775510204083	2.2715	0.00565	-0.15244897959183676	76.17	2.043	0.00498	-0.18291366906474812
ENST00000327044.7|ENSG00000188976.11|OTTHUMG00000040720.2|OTTHUMT00000097869.2|NOC2L-201|NOC2L|2757|protein_coding|	1773	CCGCC	84.88021897810219	2.1453971631205673	0.0068275	0.225	84.765	2.069	0.00498	-0.174847244953628
ENST00000327044.7|ENSG00000188976.11|OTTHUMG00000040720.2|OTTHUMT00000097869.2|NOC2L-201|NOC2L|2757|protein_coding|	1774	CGCCG	96.24641791044776	3.996060606060607	0.0052804615384615386	0.1471641791044776	96.32	3.867	0.00498	0.21460808694851274
ENST00000327044.7|ENSG00000188976.11|OTTHUMG00000040720.2|OTTHUMT00000097869.2|NOC2L-201|NOC2L|2757|protein_coding|	1775	GCCGC	76.15749999999998	2.0201818181818183	0.0065640909090909074	-0.08	75.99	1.834	0.00564	-0.27331589274035306
ENST00000327044.7|ENSG00000188976.11|OTTHUMG00000040720.2|OTTHUMT00000097869.2|NOC2L-201|NOC2L|2757|protein_coding|	1776	CCGCC	83.57695652173912	2.4389130434782613	0.005470434782608696	0.02	84.16	2.385	0.00465	-0.06195652173913029
ENST00000327044.7|ENSG00000188976.11|OTTHUMG00000040720.2|OTTHUMT00000097869.2|NOC2L-201|NOC2L|2757|protein_coding|	1777	CGCCA	93.53317073170732	4.5085999999999995	0.005797948717948718	0.31	94.6	4.122	0.00498	0.3703951367781153
ENST00000327044.7|ENSG00000188976.11|OTTHUMG00000040720.2|OTTHUMT00000097869.2|NOC2L-201|NOC2L|2757|protein_coding|	1778	GCCAG	70.99392857142858	3.3232499999999994	0.00493037037037037	1.7650000000000001	74.845	2.9395	0.00415	0.5749999999999998
ENST00000327044.7|ENSG00000188976.11|OTTHUMG00000040720.2|OTTHUMT00000097869.2|NOC2L-201|NOC2L|2757|protein_coding|	1779	CCAGA	79.07279069767442	4.673534883720931	0.005562926829268293	0.55	79.59	3.742	0.00498	-0.08182025860099582
ENST00000327044.7|ENSG00000188976.11|OTTHUMG00000040720.2|OTTHUMT00000097869.2|NOC2L-201|NOC2L|2757|protein_coding|	1780	CAGAG	105.92565217391304	4.077573529411764	0.005911940298507462	-0.055	106.245	3.8985000000000003	0.00498	-0.3053537428600061
ENST00000327044.7|ENSG00000188976.11|OTTHUMG00000040720.2|OTTHUMT00000097869.2|NOC2L-201|NOC2L|2757|protein_coding|	1781	AGAGG	126.04666666666667	5.470889705882352	0.005391893939393939	0.5700000000000001	127.215	4.981	0.00465	-0.038507960301871376
ENST00000327044.7|ENSG00000188976.11|OTTHUMG00000040720.2|OTTHUMT00000097869.2|NOC2L-201|NOC2L|2757|protein_coding|	1782	GAGGG	117.4946875	6.034903225806451	0.005057333333333332	0.77	117.97999999999999	5.104	0.00332	-0.23024193548387106
ENST00000327044.7|ENSG00000188976.11|OTTHUMG00000040720.2|OTTHUMT00000097869.2|NOC2L-201|NOC2L|2757|protein_coding|	1783	AGGGT	115.51859649122808	6.367883333333334	0.006285084745762711	-0.30000000000000004	115.135	6.259499999999999	0.005475	0.5723168724279838
ENST00000327044.7|ENSG00000188976.11|OTTHUMG00000040720.2|OTTHUMT00000097869.2|NOC2L-201|NOC2L|2757|protein_coding|	1784	GGGTT	119.75380952380952	4.988228915662651	0.008003780487804878	0.09892857142857144	119.555	4.710000000000001	0.00581	0.48018662185835337
ENST00000327044.7|ENSG00000188976.11|OTTHUMG00000040720.2|OTTHUMT00000097869.2|NOC2L-201|NOC2L|2757|protein_coding|	1785	GGTTT	98.45268292682927	7.710825	0.005414102564102565	-1.4629268292682929	99.29	7.505	0.00531	0.029482643524699547
ENST00000327044.7|ENSG00000188976.11|OTTHUMG00000040720.2|OTTHUMT00000097869.2|NOC2L-201|NOC2L|2757|protein_coding|	1786	GTTTC	76.23833333333332	1.69505	0.005793499999999998	-0.36	76.28999999999999	1.3395000000000001	0.004815	-0.13956852791878174
ENST00000327044.7|ENSG00000188976.11|OTTHUMG00000040720.2|OTTHUMT00000097869.2|NOC2L-201|NOC2L|2757|protein_coding|	1787	TTTCC	74.82348484848485	1.1277575757575757	0.006413333333333333	-0.125	74.86	1.069	0.00465	-0.4551895769287073
ENST00000327044.7|ENSG00000188976.11|OTTHUMG00000040720.2|OTTHUMT00000097869.2|NOC2L-201|NOC2L|2757|protein_coding|	1788	TTCCT	71.57565217391304	1.2725434782608698	0.006251063829787233	-0.055	71.79499999999999	1.224	0.00465	-0.44672022684310003
ENST00000327044.7|ENSG00000188976.11|OTTHUMG00000040720.2|OTTHUMT00000097869.2|NOC2L-201|NOC2L|2757|protein_coding|	1789	TCCTT	74.19837209302327	1.231888888888889	0.005729302325581395	0.2990697674418605	74.29	1.175	0.00465	-0.47579196217494085
ENST00000327044.7|ENSG00000188976.11|OTTHUMG00000040720.2|OTTHUMT00000097869.2|NOC2L-201|NOC2L|2757|protein_coding|	1790	CCTTC	75.79838709677419	1.1474193548387097	0.006114516129032257	0.12	75.66	1.065	0.00465	-0.5258597707278059
ENST00000327044.7|ENSG00000188976.11|OTTHUMG00000040720.2|OTTHUMT00000097869.2|NOC2L-201|NOC2L|2757|protein_coding|	1791	CTTCG	78.21481481481482	1.133358024691358	0.0057708641975308655	0.06827160493827161	78.175	1.0619999999999998	0.00498	-0.4524840460428222
ENST00000327044.7|ENSG00000188976.11|OTTHUMG00000040720.2|OTTHUMT00000097869.2|NOC2L-201|NOC2L|2757|protein_coding|	1792	TTCGG	82.008	1.84361797752809	0.008033186813186812	0.185	81.92500000000001	1.787	0.00598	-0.1984269662921347
ENST00000327044.7|ENSG00000188976.11|OTTHUMG00000040720.2|OTTHUMT00000097869.2|NOC2L-201|NOC2L|2757|protein_coding|	1793	TCGGC	94.29987804878049	2.430117647058824	0.005319642857142858	0.3	94.93	2.396	0.00432	-0.51202456886369
ENST00000327044.7|ENSG00000188976.11|OTTHUMG00000040720.2|OTTHUMT00000097869.2|NOC2L-201|NOC2L|2757|protein_coding|	1794	CGGCG	108.25776119402985	3.102140703517588	0.00836775	0.11	108.55000000000001	3.0305	0.00631	-0.41579271120196076
ENST00000327044.7|ENSG00000188976.11|OTTHUMG00000040720.2|OTTHUMT00000097869.2|NOC2L-201|NOC2L|2757|protein_coding|	1795	GGCGT	94.1825	9.871041666666668	0.005251818181818181	-0.12833333333333338	93.52000000000001	10.6035	0.003815	0.17652463249900688
ENST00000327044.7|ENSG00000188976.11|OTTHUMG00000040720.2|OTTHUMT00000097869.2|NOC2L-201|NOC2L|2757|protein_coding|	1796	GCGTC	83.02333333333337	3.1364122807017543	0.0053499115044247795	0.05	82.9	2.023	0.00432	0.028331895312050638
ENST00000327044.7|ENSG00000188976.11|OTTHUMG00000040720.2|OTTHUMT00000097869.2|NOC2L-201|NOC2L|2757|protein_coding|	1797	CGTCT	99.77703703703702	6.117925925925925	0.0055211111111111094	-0.28111111111111114	101.15	6.746	0.00398	0.007895539691256111
ENST00000327044.7|ENSG00000188976.11|OTTHUMG00000040720.2|OTTHUMT00000097869.2|NOC2L-201|NOC2L|2757|protein_coding|	1798	GTCTC	76.7573770491803	2.015359375	0.005699692307692308	0.47	76.65	1.522	0.00465	inf
ENST00000327044.7|ENSG00000188976.11|OTTHUMG00000040720.2|OTTHUMT00000097869.2|NOC2L-201|NOC2L|2757|protein_coding|	1799	TCTCT	79.81451612903224	1.9935806451612903	0.004858	0.125	79.58	1.698	0.00365	inf
ENST00000327044.7|ENSG00000188976.11|OTTHUMG00000040720.2|OTTHUMT00000097869.2|NOC2L-201|NOC2L|2757|protein_coding|	1800	CTCTG	80.00999999999999	1.5552769230769232	0.00537876923076923	0.3721212121212121	80.25	1.4935	0.00498	-0.24865849126718678
ENST00000327044.7|ENSG00000188976.11|OTTHUMG00000040720.2|OTTHUMT00000097869.2|NOC2L-201|NOC2L|2757|protein_coding|	1801	TCTGA	90.66573770491803	2.4082295081967207	0.005809999999999999	-0.1940983606557377	90.93	2.364	0.004815	-0.15500719010641384
ENST00000327044.7|ENSG00000188976.11|OTTHUMG00000040720.2|OTTHUMT00000097869.2|NOC2L-201|NOC2L|2757|protein_coding|	1802	CTGAG	107.59725490196077	4.5232745098039215	0.00633469387755102	0.42	108.29	3.218	0.00465	0.007410803965238602
ENST00000327044.7|ENSG00000188976.11|OTTHUMG00000040720.2|OTTHUMT00000097869.2|NOC2L-201|NOC2L|2757|protein_coding|	1803	TGAGC	116.30657142857143	5.969176470588236	0.005330882352941177	-0.2102857142857143	115.94	4.631	0.00432	0.04906440607877602
ENST00000327044.7|ENSG00000188976.11|OTTHUMG00000040720.2|OTTHUMT00000097869.2|NOC2L-201|NOC2L|2757|protein_coding|	1804	GAGCA	108.03247422680413	3.7310000000000008	0.007146315789473685	0.22897959183673475	108.11	3.057	0.00631	0.23543046357615918
ENST00000327044.7|ENSG00000188976.11|OTTHUMG00000040720.2|OTTHUMT00000097869.2|NOC2L-201|NOC2L|2757|protein_coding|	1805	AGCAG	115.46967479674797	2.9499090909090917	0.006332540983606557	0.6714634146341464	115.86	2.7005	0.00465	-0.23577484691474307
ENST00000327044.7|ENSG00000188976.11|OTTHUMG00000040720.2|OTTHUMT00000097869.2|NOC2L-201|NOC2L|2757|protein_coding|	1806	GCAGC	88.8086956521739	2.8933768115942025	0.005648260869565216	0.07	89.295	2.4524999999999997	0.00465	-0.4315566185473079
ENST00000327044.7|ENSG00000188976.11|OTTHUMG00000040720.2|OTTHUMT00000097869.2|NOC2L-201|NOC2L|2757|protein_coding|	1807	CAGCA	107.74377358490567	3.1954038461538463	0.00575826923076923	-0.175	107.455	2.945	0.00498	0.05808074375955175
ENST00000327044.7|ENSG00000188976.11|OTTHUMG00000040720.2|OTTHUMT00000097869.2|NOC2L-201|NOC2L|2757|protein_coding|	1808	AGCAG	112.96323076923076	4.691523076923077	0.005792	0.345	113.94	3.989	0.00498	0.21542048624950183
ENST00000327044.7|ENSG00000188976.11|OTTHUMG00000040720.2|OTTHUMT00000097869.2|NOC2L-201|NOC2L|2757|protein_coding|	1809	GCAGG	88.83250000000001	5.20952380952381	0.00713	0.29000000000000004	89.13499999999999	5.1515	0.00598	0.023482084385817253
ENST00000327044.7|ENSG00000188976.11|OTTHUMG00000040720.2|OTTHUMT00000097869.2|NOC2L-201|NOC2L|2757|protein_coding|	1810	CAGGC	116.2486111111111	8.387805555555556	0.00533142857142857	0.2116666666666667	116.92500000000001	7.766500000000001	0.00465	0.0698731575963719
ENST00000327044.7|ENSG00000188976.11|OTTHUMG00000040720.2|OTTHUMT00000097869.2|NOC2L-201|NOC2L|2757|protein_coding|	1811	AGGCA	109.98823529411766	7.0732058823529425	0.004346363636363636	0.03264705882352939	110.99	6.9719999999999995	0.00415	0.3320538384845467
ENST00000327044.7|ENSG00000188976.11|OTTHUMG00000040720.2|OTTHUMT00000097869.2|NOC2L-201|NOC2L|2757|protein_coding|	1812	GGCAG	104.91857142857141	4.917308823529412	0.005937058823529412	-0.15185714285714283	105.315	4.336	0.004815	0.27391420298689434
ENST00000327044.7|ENSG00000188976.11|OTTHUMG00000040720.2|OTTHUMT00000097869.2|NOC2L-201|NOC2L|2757|protein_coding|	1813	GCAGT	92.46867469879518	4.2900602409638555	0.006483614457831326	0.11	91.77	3.59	0.00498	-0.1571590882192818
ENST00000327044.7|ENSG00000188976.11|OTTHUMG00000040720.2|OTTHUMT00000097869.2|NOC2L-201|NOC2L|2757|protein_coding|	1814	CAGTG	117.37197674418603	3.9038928571428566	0.00662764705882353	-0.31	117.64	3.859	0.00498	-0.031292095001772616
ENST00000327044.7|ENSG00000188976.11|OTTHUMG00000040720.2|OTTHUMT00000097869.2|NOC2L-201|NOC2L|2757|protein_coding|	1815	AGTGG	102.2857894736842	8.618105263157895	0.005533888888888889	-0.53	101.27	8.183	0.00432	inf
ENST00000327044.7|ENSG00000188976.11|OTTHUMG00000040720.2|OTTHUMT00000097869.2|NOC2L-201|NOC2L|2757|protein_coding|	1816	GTGGA	101.86128571428571	3.9126176470588234	0.0064279710144927536	-0.1	103.05	3.208	0.00465	-0.0193940734188413
ENST00000327044.7|ENSG00000188976.11|OTTHUMG00000040720.2|OTTHUMT00000097869.2|NOC2L-201|NOC2L|2757|protein_coding|	1817	TGGAA	117.39015625000002	3.6866406250000003	0.007823387096774192	-0.66	117.57	3.297	0.00664	0.16297811514195598
ENST00000327044.7|ENSG00000188976.11|OTTHUMG00000040720.2|OTTHUMT00000097869.2|NOC2L-201|NOC2L|2757|protein_coding|	1818	GGAAG	114.676875	5.727151515151515	0.00587125	0.13	116.61	5.077	0.00398	0.03006322214955319
ENST00000327044.7|ENSG00000188976.11|OTTHUMG00000040720.2|OTTHUMT00000097869.2|NOC2L-201|NOC2L|2757|protein_coding|	1819	GAAGC	97.1864705882353	6.961843137254902	0.006564897959183673	-0.54	96.71	6.882	0.00564	0.7147396889790399
ENST00000327044.7|ENSG00000188976.11|OTTHUMG00000040720.2|OTTHUMT00000097869.2|NOC2L-201|NOC2L|2757|protein_coding|	1820	AAGCC	103.82044776119402	4.959507462686567	0.007519545454545455	0.24880597014925376	103.94	4.221	0.00598	0.6422210141346247
ENST00000327044.7|ENSG00000188976.11|OTTHUMG00000040720.2|OTTHUMT00000097869.2|NOC2L-201|NOC2L|2757|protein_coding|	1821	AGCCT	114.64313725490196	3.2489705882352937	0.007123069306930694	0.96	115.19	3.0140000000000002	0.00465	-0.012470945825138698
ENST00000327044.7|ENSG00000188976.11|OTTHUMG00000040720.2|OTTHUMT00000097869.2|NOC2L-201|NOC2L|2757|protein_coding|	1822	GCCTG	73.2676595744681	3.7499400000000005	0.0074958	1.5150000000000001	74.06	2.769	0.00631	0.5957191489361704
ENST00000327044.7|ENSG00000188976.11|OTTHUMG00000040720.2|OTTHUMT00000097869.2|NOC2L-201|NOC2L|2757|protein_coding|	1823	CCTGG	85.13150684931507	2.29369014084507	0.00530718309859155	-0.8463013698630137	85.36	2.108	0.00498	-0.19519644180874737
ENST00000327044.7|ENSG00000188976.11|OTTHUMG00000040720.2|OTTHUMT00000097869.2|NOC2L-201|NOC2L|2757|protein_coding|	1824	CTGGG	104.37428571428572	2.7419024390243902	0.005288095238095238	0.64	104.73	2.654	0.00398	-0.31280640625955136
ENST00000327044.7|ENSG00000188976.11|OTTHUMG00000040720.2|OTTHUMT00000097869.2|NOC2L-201|NOC2L|2757|protein_coding|	1825	TGGGA	114.75609523809526	4.1034	0.007791470588235295	0.23095238095238096	114.88	4.201	0.00598	0.01318518518518516
ENST00000327044.7|ENSG00000188976.11|OTTHUMG00000040720.2|OTTHUMT00000097869.2|NOC2L-201|NOC2L|2757|protein_coding|	1826	GGGAG	120.39070967741937	3.4060268456375833	0.007048807947019868	0.031999999999999994	120.63	3.221	0.00564	0.07445641818220296
ENST00000327044.7|ENSG00000188976.11|OTTHUMG00000040720.2|OTTHUMT00000097869.2|NOC2L-201|NOC2L|2757|protein_coding|	1827	GGAGA	117.81782608695652	4.9288888888888875	0.006321489361702125	0.04	118.55	4.491	0.00598	-0.13376293692638186
ENST00000327044.7|ENSG00000188976.11|OTTHUMG00000040720.2|OTTHUMT00000097869.2|NOC2L-201|NOC2L|2757|protein_coding|	1828	GAGAA	130.8461971830986	3.5373943661971836	0.005875714285714285	0.64	130.59	3.156	0.00365	-0.39737745039230266
ENST00000327044.7|ENSG00000188976.11|OTTHUMG00000040720.2|OTTHUMT00000097869.2|NOC2L-201|NOC2L|2757|protein_coding|	1829	AGAAG	123.02181818181818	6.1228	0.00813470588235294	0.07	121.88	6.398	0.00598	inf
ENST00000327044.7|ENSG00000188976.11|OTTHUMG00000040720.2|OTTHUMT00000097869.2|NOC2L-201|NOC2L|2757|protein_coding|	1830	GAAGC	101.97222222222224	5.384581818181818	0.005750188679245281	0.7949999999999999	103.305	5.434	0.004815	0.3262516793551277
ENST00000327044.7|ENSG00000188976.11|OTTHUMG00000040720.2|OTTHUMT00000097869.2|NOC2L-201|NOC2L|2757|protein_coding|	1831	AAGCT	109.2304964539007	4.849528169014085	0.008843970588235295	-0.45	109.05	5.175	0.0073	0.6058040294748624
ENST00000327044.7|ENSG00000188976.11|OTTHUMG00000040720.2|OTTHUMT00000097869.2|NOC2L-201|NOC2L|2757|protein_coding|	1832	AGCTG	115.77851063829783	4.384648936170213	0.007896129032258064	-0.31	115.8	4.203	0.00631	0.23511237638597549
ENST00000327044.7|ENSG00000188976.11|OTTHUMG00000040720.2|OTTHUMT00000097869.2|NOC2L-201|NOC2L|2757|protein_coding|	1833	GCTGA	89.33051282051281	3.1232307692307697	0.005934102564102564	-0.29500000000000004	88.725	2.919	0.00564	0.09587044534412968
ENST00000327044.7|ENSG00000188976.11|OTTHUMG00000040720.2|OTTHUMT00000097869.2|NOC2L-201|NOC2L|2757|protein_coding|	1834	CTGAC	107.98342857142856	4.2336285714285715	0.005868235294117646	0.28500000000000003	108.55000000000001	4.0415	0.00498	-0.05709831371301307
ENST00000327044.7|ENSG00000188976.11|OTTHUMG00000040720.2|OTTHUMT00000097869.2|NOC2L-201|NOC2L|2757|protein_coding|	1835	TGACC	120.57476190476191	5.683166666666667	0.007296585365853658	0.34261904761904766	120.215	5.872	0.00697	0.18646485734168405
ENST00000327044.7|ENSG00000188976.11|OTTHUMG00000040720.2|OTTHUMT00000097869.2|NOC2L-201|NOC2L|2757|protein_coding|	1836	GACCC	81.34874074074074	3.1522043795620442	0.006961716417910447	0.76	81.51	2.951	0.00564	0.12178091799361003
ENST00000327044.7|ENSG00000188976.11|OTTHUMG00000040720.2|OTTHUMT00000097869.2|NOC2L-201|NOC2L|2757|protein_coding|	1837	ACCCG	68.45944444444444	2.073239436619718	0.004490857142857142	0.55	68.58	1.915	0.00332	0.001564945226917088
ENST00000327044.7|ENSG00000188976.11|OTTHUMG00000040720.2|OTTHUMT00000097869.2|NOC2L-201|NOC2L|2757|protein_coding|	1838	CCCGG	77.39611940298508	2.851507462686567	0.005168615384615384	-0.18373134328358207	77.98	2.71	0.00432	0.02572210888006017
ENST00000327044.7|ENSG00000188976.11|OTTHUMG00000040720.2|OTTHUMT00000097869.2|NOC2L-201|NOC2L|2757|protein_coding|	1839	CCGGG	97.42546875000001	4.492338461538462	0.0054721875	0.78	97.63	4.424	0.00465	-0.09792400370713625
ENST00000327044.7|ENSG00000188976.11|OTTHUMG00000040720.2|OTTHUMT00000097869.2|NOC2L-201|NOC2L|2757|protein_coding|	1840	CGGGA	114.58710526315791	4.299447368421053	0.005228	-0.18960526315789475	115.26	4.242	0.00432	0.061591942820013026
ENST00000327044.7|ENSG00000188976.11|OTTHUMG00000040720.2|OTTHUMT00000097869.2|NOC2L-201|NOC2L|2757|protein_coding|	1841	GGGAA	120.80620689655173	3.7289370629370633	0.006371338028169015	0.04	120.84	3.49	0.00465	0.17632084004323764
ENST00000327044.7|ENSG00000188976.11|OTTHUMG00000040720.2|OTTHUMT00000097869.2|NOC2L-201|NOC2L|2757|protein_coding|	1842	GGAAG	114.655	5.898166666666667	0.0050455	-0.1469047619047619	116.78	5.88	0.004815	0.06082134292565953
ENST00000327044.7|ENSG00000188976.11|OTTHUMG00000040720.2|OTTHUMT00000097869.2|NOC2L-201|NOC2L|2757|protein_coding|	1843	GAAGA	104.14851063829786	6.620744680851064	0.005636521739130434	-0.23489361702127665	103.22	6.482	0.00432	0.6307252908500158
ENST00000327044.7|ENSG00000188976.11|OTTHUMG00000040720.2|OTTHUMT00000097869.2|NOC2L-201|NOC2L|2757|protein_coding|	1844	AAGAG	119.24281250000001	6.350468749999999	0.006028709677419354	-0.379375	118.82499999999999	5.432	0.00365	0.08185157580919916
ENST00000327044.7|ENSG00000188976.11|OTTHUMG00000040720.2|OTTHUMT00000097869.2|NOC2L-201|NOC2L|2757|protein_coding|	1845	AGAGG	125.84529411764703	5.386223880597014	0.0063738461538461536	0.34176470588235286	126.39500000000001	4.669499999999999	0.004484999999999999	-0.053387718699997574
ENST00000327044.7|ENSG00000188976.11|OTTHUMG00000040720.2|OTTHUMT00000097869.2|NOC2L-201|NOC2L|2757|protein_coding|	1846	GAGGG	113.06583333333336	7.38375	0.007322571428571427	-0.20805555555555555	113.24000000000001	7.83	0.00498	-0.05819515306122447
ENST00000327044.7|ENSG00000188976.11|OTTHUMG00000040720.2|OTTHUMT00000097869.2|NOC2L-201|NOC2L|2757|protein_coding|	1847	AGGGG	112.52375	6.178776041666666	0.007408763440860215	-0.2065104166666667	112.205	6.163	0.00564	0.5256237139917693
ENST00000327044.7|ENSG00000188976.11|OTTHUMG00000040720.2|OTTHUMT00000097869.2|NOC2L-201|NOC2L|2757|protein_coding|	1848	GGGGA	113.05860465116275	6.128093023255814	0.008852857142857143	-0.37	112.33	5.975	0.00598	0.5131093884582257
ENST00000327044.7|ENSG00000188976.11|OTTHUMG00000040720.2|OTTHUMT00000097869.2|NOC2L-201|NOC2L|2757|protein_coding|	1849	GGGAC	119.46072727272725	4.788214285714285	0.008336363636363633	0.55	120.1	4.603	0.00598	0.5104776926543486
ENST00000327044.7|ENSG00000188976.11|OTTHUMG00000040720.2|OTTHUMT00000097869.2|NOC2L-201|NOC2L|2757|protein_coding|	1850	GGACA	115.54098039215685	7.308192307692308	0.007459803921568628	-0.355	116.095	6.9625	0.004484999999999999	0.5257186446121729
ENST00000327044.7|ENSG00000188976.11|OTTHUMG00000040720.2|OTTHUMT00000097869.2|NOC2L-201|NOC2L|2757|protein_coding|	1851	GACAC	85.49569343065693	2.636511111111111	0.0066273529411764705	0.39	85.99	2.601	0.00498	-0.17090845562543683
ENST00000327044.7|ENSG00000188976.11|OTTHUMG00000040720.2|OTTHUMT00000097869.2|NOC2L-201|NOC2L|2757|protein_coding|	1852	ACACC	72.21071428571429	1.4750714285714288	0.007442040816326531	0.017551020408163243	72.00999999999999	1.3075	0.005475	-0.2153875379939208
ENST00000327044.7|ENSG00000188976.11|OTTHUMG00000040720.2|OTTHUMT00000097869.2|NOC2L-201|NOC2L|2757|protein_coding|	1853	CACCC	77.7011	1.6835098039215688	0.005867307692307692	0.91	78.06	1.565	0.00498	-0.40088619077524246
ENST00000327044.7|ENSG00000188976.11|OTTHUMG00000040720.2|OTTHUMT00000097869.2|NOC2L-201|NOC2L|2757|protein_coding|	1854	ACCCC	66.0163888888889	1.6301428571428573	0.006720000000000001	0.93	68.36	1.171	0.00465	inf
ENST00000327044.7|ENSG00000188976.11|OTTHUMG00000040720.2|OTTHUMT00000097869.2|NOC2L-201|NOC2L|2757|protein_coding|	1855	CCCCT	63.71864864864864	1.136972222222222	0.006021388888888888	-0.31216216216216225	64.8	1.04	0.00498	-0.4507380568974772
ENST00000327044.7|ENSG00000188976.11|OTTHUMG00000040720.2|OTTHUMT00000097869.2|NOC2L-201|NOC2L|2757|protein_coding|	1856	CCCTG	73.58827586206897	1.9792241379310345	0.006651428571428571	0.6274137931034482	73.695	1.9249999999999998	0.00531	-0.15777696258253857
ENST00000327044.7|ENSG00000188976.11|OTTHUMG00000040720.2|OTTHUMT00000097869.2|NOC2L-201|NOC2L|2757|protein_coding|	1857	CCTGA	92.80891566265062	2.366048192771084	0.008025802469135803	-0.42	92.445	2.3925	0.00598	-0.16980765165926875
ENST00000327044.7|ENSG00000188976.11|OTTHUMG00000040720.2|OTTHUMT00000097869.2|NOC2L-201|NOC2L|2757|protein_coding|	1858	CTGAC	108.68899999999998	2.837218181818182	0.006413084112149533	0.2550909090909091	109.49	2.789	0.00498	-0.36810285482891275
ENST00000327044.7|ENSG00000188976.11|OTTHUMG00000040720.2|OTTHUMT00000097869.2|NOC2L-201|NOC2L|2757|protein_coding|	1859	TGACC	117.35126760563381	6.271958333333334	0.006508591549295774	0.02	117.83	6.289	0.00564	0.3093858733472513
ENST00000327044.7|ENSG00000188976.11|OTTHUMG00000040720.2|OTTHUMT00000097869.2|NOC2L-201|NOC2L|2757|protein_coding|	1860	GACCT	81.5171212121212	2.673925373134329	0.006385882352941175	0.59	81.85	2.415	0.00564	-0.04842513411589722
ENST00000327044.7|ENSG00000188976.11|OTTHUMG00000040720.2|OTTHUMT00000097869.2|NOC2L-201|NOC2L|2757|protein_coding|	1861	ACCTT	73.11293103448276	1.229258620689655	0.0051603508771929825	0.29344827586206895	73.715	1.2485	0.00465	-0.4769112252384447
ENST00000327044.7|ENSG00000188976.11|OTTHUMG00000040720.2|OTTHUMT00000097869.2|NOC2L-201|NOC2L|2757|protein_coding|	1862	CCTTG	78.06851851851852	1.310025	0.005741666666666666	0.13135802469135804	78.23	1.243	0.00465	-0.4586673553719008
ENST00000327044.7|ENSG00000188976.11|OTTHUMG00000040720.2|OTTHUMT00000097869.2|NOC2L-201|NOC2L|2757|protein_coding|	1863	CTTGT	88.26922077922079	2.0022025316455703	0.006067	0.675	88.685	1.924	0.00498	-0.24445187485072817
ENST00000327044.7|ENSG00000188976.11|OTTHUMG00000040720.2|OTTHUMT00000097869.2|NOC2L-201|NOC2L|2757|protein_coding|	1864	TTGTA	101.83115942028986	2.5506571428571423	0.005609999999999999	0.76	102.61	2.394	0.00465	-0.3252229780801211
ENST00000327044.7|ENSG00000188976.11|OTTHUMG00000040720.2|OTTHUMT00000097869.2|NOC2L-201|NOC2L|2757|protein_coding|	1865	TGTAC	113.2413924050633	5.243875	0.006452692307692307	-0.03	113.535	4.947	0.00581	-0.3873977803738318
ENST00000327044.7|ENSG00000188976.11|OTTHUMG00000040720.2|OTTHUMT00000097869.2|NOC2L-201|NOC2L|2757|protein_coding|	1866	GTACT	82.2292105263158	2.115342105263158	0.005591315789473685	0.51	82.41	1.714	0.00564	0.007305764411027482
ENST00000327044.7|ENSG00000188976.11|OTTHUMG00000040720.2|OTTHUMT00000097869.2|NOC2L-201|NOC2L|2757|protein_coding|	1867	TACTA	89.80544303797467	1.9021234567901235	0.006902345679012345	0.59	90.09	1.709	0.00564	-0.3032514810292588
ENST00000327044.7|ENSG00000188976.11|OTTHUMG00000040720.2|OTTHUMT00000097869.2|NOC2L-201|NOC2L|2757|protein_coding|	1868	ACTAC	85.49680000000001	2.1537115384615384	0.005401346153846153	-0.27	85.63	2.113	0.00398	-0.1810982743492249
ENST00000327044.7|ENSG00000188976.11|OTTHUMG00000040720.2|OTTHUMT00000097869.2|NOC2L-201|NOC2L|2757|protein_coding|	1869	CTACA	80.17086419753086	1.8377926829268294	0.005760125	-0.01	80.26	1.708	0.00432	-0.12486062717770033
ENST00000327044.7|ENSG00000188976.11|OTTHUMG00000040720.2|OTTHUMT00000097869.2|NOC2L-201|NOC2L|2757|protein_coding|	1870	TACAG	80.11692307692307	2.080679245283019	0.0048671999999999995	0.29	80.77	1.998	0.00432	-0.3456983505399311
ENST00000327044.7|ENSG00000188976.11|OTTHUMG00000040720.2|OTTHUMT00000097869.2|NOC2L-201|NOC2L|2757|protein_coding|	1871	ACAGC	88.44185185185187	3.264629629629629	0.00541037037037037	0.29000000000000004	87.80000000000001	3.1814999999999998	0.00465	-0.35861893327512195
ENST00000327044.7|ENSG00000188976.11|OTTHUMG00000040720.2|OTTHUMT00000097869.2|NOC2L-201|NOC2L|2757|protein_coding|	1872	CAGCC	105.46249999999999	3.197694444444444	0.005086470588235296	0.78	107.015	2.8289999999999997	0.00398	0.05883922001471661
ENST00000327044.7|ENSG00000188976.11|OTTHUMG00000040720.2|OTTHUMT00000097869.2|NOC2L-201|NOC2L|2757|protein_coding|	1873	AGCCA	108.19341463414635	3.509488372093023	0.0075269767441860464	0.23	109.15	2.843	0.00564	0.06671379090973335
ENST00000327044.7|ENSG00000188976.11|OTTHUMG00000040720.2|OTTHUMT00000097869.2|NOC2L-201|NOC2L|2757|protein_coding|	1874	GCCAC	74.0862962962963	2.5521851851851847	0.00702074074074074	1.085	74.76	2.269	0.004815	0.20956643847639092
ENST00000327044.7|ENSG00000188976.11|OTTHUMG00000040720.2|OTTHUMT00000097869.2|NOC2L-201|NOC2L|2757|protein_coding|	1875	CCACT	78.74103448275861	2.1789821428571434	0.0054987719298245615	0.57	79.31	1.964	0.00465	0.15903305471124657
ENST00000327044.7|ENSG00000188976.11|OTTHUMG00000040720.2|OTTHUMT00000097869.2|NOC2L-201|NOC2L|2757|protein_coding|	1876	CACTG	85.44694444444445	2.1066986301369863	0.00669	-0.03	85.63	1.958	0.00598	-0.228315520096342
ENST00000327044.7|ENSG00000188976.11|OTTHUMG00000040720.2|OTTHUMT00000097869.2|NOC2L-201|NOC2L|2757|protein_coding|	1877	ACTGG	90.03368421052632	2.4523750000000004	0.005543035714285714	0.88	90.47	2.4130000000000003	0.00398	-0.139517543859649
ENST00000327044.7|ENSG00000188976.11|OTTHUMG00000040720.2|OTTHUMT00000097869.2|NOC2L-201|NOC2L|2757|protein_coding|	1878	CTGGC	102.44536585365854	4.620214285714285	0.007170999999999999	0.16999999999999998	103.36500000000001	4.355	0.00598	0.15794844253490845
ENST00000327044.7|ENSG00000188976.11|OTTHUMG00000040720.2|OTTHUMT00000097869.2|NOC2L-201|NOC2L|2757|protein_coding|	1879	TGGCG	108.33025641025641	4.916243243243243	0.008456842105263157	0.11051282051282055	109.36	4.717	0.00598	-0.0741538148317809
ENST00000327044.7|ENSG00000188976.11|OTTHUMG00000040720.2|OTTHUMT00000097869.2|NOC2L-201|NOC2L|2757|protein_coding|	1880	GGCGC	97.07413793103449	7.296758620689655	0.006563859649122807	-0.185	97.255	6.051	0.00564	-0.13030290575808648
ENST00000327044.7|ENSG00000188976.11|OTTHUMG00000040720.2|OTTHUMT00000097869.2|NOC2L-201|NOC2L|2757|protein_coding|	1881	GCGCA	81.90960000000003	2.5938833333333333	0.006953196721311476	0.3251612903225806	81.885	2.241	0.00598	-0.002352564102564142
ENST00000327044.7|ENSG00000188976.11|OTTHUMG00000040720.2|OTTHUMT00000097869.2|NOC2L-201|NOC2L|2757|protein_coding|	1882	CGCAA	98.01636363636364	5.612744186046512	0.006927333333333331	-0.32	97.0	5.2135	0.0053100000000000005	0.4540788046752621
ENST00000327044.7|ENSG00000188976.11|OTTHUMG00000040720.2|OTTHUMT00000097869.2|NOC2L-201|NOC2L|2757|protein_coding|	1883	GCAAG	83.39345454545459	2.788537735849057	0.005712149532710281	0.455	83.69	2.63	0.00465	-0.07664313382481555
ENST00000327044.7|ENSG00000188976.11|OTTHUMG00000040720.2|OTTHUMT00000097869.2|NOC2L-201|NOC2L|2757|protein_coding|	1884	CAAGC	103.68606557377049	4.119366666666667	0.005103050847457626	-0.03	102.31	4.137	0.00432	0.014622331691297404
ENST00000327044.7|ENSG00000188976.11|OTTHUMG00000040720.2|OTTHUMT00000097869.2|NOC2L-201|NOC2L|2757|protein_coding|	1885	AAGCT	113.62575757575758	3.918485714285714	0.0070108571428571425	0.75	113.53	3.771	0.00631	0.29751182592242187
ENST00000327044.7|ENSG00000188976.11|OTTHUMG00000040720.2|OTTHUMT00000097869.2|NOC2L-201|NOC2L|2757|protein_coding|	1886	AGCTG	118.5197674418605	3.5383488372093024	0.007106428571428571	0.23023255813953486	118.85	3.357	0.00598	-0.0032820176875204073
ENST00000327044.7|ENSG00000188976.11|OTTHUMG00000040720.2|OTTHUMT00000097869.2|NOC2L-201|NOC2L|2757|protein_coding|	1887	GCTGC	82.691875	2.4324430379746835	0.006274874999999999	-0.202625	82.925	2.2664999999999997	0.005145	-0.1465112147457251
ENST00000327044.7|ENSG00000188976.11|OTTHUMG00000040720.2|OTTHUMT00000097869.2|NOC2L-201|NOC2L|2757|protein_coding|	1888	CTGCG	94.0645744680851	3.9662826086956526	0.005890888888888889	0.09	94.415	3.362	0.004815	0.2671829420752884
ENST00000327044.7|ENSG00000188976.11|OTTHUMG00000040720.2|OTTHUMT00000097869.2|NOC2L-201|NOC2L|2757|protein_coding|	1889	TGCGT	95.12090909090908	7.079386363636363	0.006502954545454545	-0.2104444444444444	95.22	7.551	0.00465	-0.15621139885144664
ENST00000327044.7|ENSG00000188976.11|OTTHUMG00000040720.2|OTTHUMT00000097869.2|NOC2L-201|NOC2L|2757|protein_coding|	1890	GCGTG	85.49566433566433	3.260035460992908	0.006267872340425531	0.57	85.54	2.67	0.00498	0.06886408557144534
ENST00000327044.7|ENSG00000188976.11|OTTHUMG00000040720.2|OTTHUMT00000097869.2|NOC2L-201|NOC2L|2757|protein_coding|	1891	CGTGA	89.06592592592591	3.513592592592593	0.00662888888888889	-0.32	89.27	3.253	0.00564	-0.6374001452432825
ENST00000327044.7|ENSG00000188976.11|OTTHUMG00000040720.2|OTTHUMT00000097869.2|NOC2L-201|NOC2L|2757|protein_coding|	1892	GTGAC	101.45888888888891	3.5722888888888886	0.004504090909090908	0.3044444444444444	101.7	3.23	0.00365	-0.2043900024746351
ENST00000327044.7|ENSG00000188976.11|OTTHUMG00000040720.2|OTTHUMT00000097869.2|NOC2L-201|NOC2L|2757|protein_coding|	1893	TGACC	114.56022727272729	7.6297500000000005	0.005766511627906976	-0.655	113.805	7.609	0.004815	inf
ENST00000327044.7|ENSG00000188976.11|OTTHUMG00000040720.2|OTTHUMT00000097869.2|NOC2L-201|NOC2L|2757|protein_coding|	1894	GACCG	79.61923076923077	2.6707	0.005941282051282052	0.46	79.96	2.705	0.00531	-0.049572953736654796
ENST00000327044.7|ENSG00000188976.11|OTTHUMG00000040720.2|OTTHUMT00000097869.2|NOC2L-201|NOC2L|2757|protein_coding|	1895	ACCGG	76.05416666666669	1.909406779661017	0.0074562711864406776	-0.11271186440677966	76.47	1.7854999999999999	0.00598	-0.3131630288989147
ENST00000327044.7|ENSG00000188976.11|OTTHUMG00000040720.2|OTTHUMT00000097869.2|NOC2L-201|NOC2L|2757|protein_coding|	1896	CCGGG	96.11525000000002	3.7150999999999996	0.00576825	0.5118987341772152	97.17	3.937	0.00465	-0.25399598393574313
ENST00000327044.7|ENSG00000188976.11|OTTHUMG00000040720.2|OTTHUMT00000097869.2|NOC2L-201|NOC2L|2757|protein_coding|	1897	CGGGA	114.20395348837208	3.3598095238095245	0.005873095238095238	-0.27	114.32	3.3674999999999997	0.00598	-0.17041740152851245
ENST00000327044.7|ENSG00000188976.11|OTTHUMG00000040720.2|OTTHUMT00000097869.2|NOC2L-201|NOC2L|2757|protein_coding|	1898	GGGAG	119.74459770114943	3.212413793103448	0.00531103448275862	-0.08	119.84	3.053	0.00398	0.013379745458500967
ENST00000327044.7|ENSG00000188976.11|OTTHUMG00000040720.2|OTTHUMT00000097869.2|NOC2L-201|NOC2L|2757|protein_coding|	1899	GGAGA	120.65828571428571	4.8875142857142855	0.00498970588235294	0.16657142857142856	120.41	5.065	0.00432	-0.14103439618378116
ENST00000327044.7|ENSG00000188976.11|OTTHUMG00000040720.2|OTTHUMT00000097869.2|NOC2L-201|NOC2L|2757|protein_coding|	1900	GAGAT	129.4282142857143	3.913034482758621	0.005833571428571427	0.25	132.05	3.146	0.00465	-0.33338424484520934
ENST00000327044.7|ENSG00000188976.11|OTTHUMG00000040720.2|OTTHUMT00000097869.2|NOC2L-201|NOC2L|2757|protein_coding|	1901	AGATC	133.93024590163932	3.3298429752066117	0.008135206611570248	0.04	134.25	3.19	0.00531	-0.3470896127045859
ENST00000327044.7|ENSG00000188976.11|OTTHUMG00000040720.2|OTTHUMT00000097869.2|NOC2L-201|NOC2L|2757|protein_coding|	1902	GATCC	91.39254901960786	5.368944444444445	0.00483	-0.05500000000000001	93.765	5.0015	0.00398	-0.058079922027290426
ENST00000327044.7|ENSG00000188976.11|OTTHUMG00000040720.2|OTTHUMT00000097869.2|NOC2L-201|NOC2L|2757|protein_coding|	1903	ATCCA	69.31625	1.8031750000000002	0.00497974358974359	-0.32025000000000003	69.81	1.679	0.00498	-0.21601086956521726
ENST00000327044.7|ENSG00000188976.11|OTTHUMG00000040720.2|OTTHUMT00000097869.2|NOC2L-201|NOC2L|2757|protein_coding|	1904	TCCAG	75.20220588235294	1.8713970588235294	0.005584328358208955	0.9801470588235295	75.24	1.833	0.00465	-0.11308196264287702
ENST00000327044.7|ENSG00000188976.11|OTTHUMG00000040720.2|OTTHUMT00000097869.2|NOC2L-201|NOC2L|2757|protein_coding|	1905	CCAGC	96.26490909090909	2.899810810810811	0.00626855855855856	0.55	96.57	2.5915	0.00465	-0.4302925715499389
ENST00000327044.7|ENSG00000188976.11|OTTHUMG00000040720.2|OTTHUMT00000097869.2|NOC2L-201|NOC2L|2757|protein_coding|	1906	CAGCT	110.28074074074075	2.6386	0.005372962962962963	0.08	111.41	2.328	0.00432	-0.1262913907284769
ENST00000327044.7|ENSG00000188976.11|OTTHUMG00000040720.2|OTTHUMT00000097869.2|NOC2L-201|NOC2L|2757|protein_coding|	1907	AGCTG	118.06406779661017	3.693155172413793	0.007910689655172413	0.15949152542372885	118.72	2.929	0.00631	0.04032540067994174
ENST00000327044.7|ENSG00000188976.11|OTTHUMG00000040720.2|OTTHUMT00000097869.2|NOC2L-201|NOC2L|2757|protein_coding|	1908	GCTGG	85.32488188976379	2.5096484375	0.008318124999999999	-0.09	85.14	2.455	0.00631	-0.11942160087719297
ENST00000327044.7|ENSG00000188976.11|OTTHUMG00000040720.2|OTTHUMT00000097869.2|NOC2L-201|NOC2L|2757|protein_coding|	1909	CTGGA	107.90846153846152	2.8700666666666663	0.0060230769230769235	-0.08164835164835163	107.85	2.7035	0.00465	-0.280685045948204
ENST00000327044.7|ENSG00000188976.11|OTTHUMG00000040720.2|OTTHUMT00000097869.2|NOC2L-201|NOC2L|2757|protein_coding|	1910	TGGAG	120.85121621621622	3.572756756756756	0.006519583333333333	0.1616216216216216	121.19999999999999	3.3225	0.00564	0.1270526046551281
ENST00000327044.7|ENSG00000188976.11|OTTHUMG00000040720.2|OTTHUMT00000097869.2|NOC2L-201|NOC2L|2757|protein_coding|	1911	GGAGA	121.21999999999998	3.970333333333334	0.0063252631578947375	0.2421052631578947	122.11	4.258	0.00631	-0.3022261277094317
ENST00000327044.7|ENSG00000188976.11|OTTHUMG00000040720.2|OTTHUMT00000097869.2|NOC2L-201|NOC2L|2757|protein_coding|	1912	GAGAT	132.85642857142855	3.3242857142857147	0.008217142857142857	0.34928571428571425	133.965	3.271	0.00797	-0.433682161109759
ENST00000327044.7|ENSG00000188976.11|OTTHUMG00000040720.2|OTTHUMT00000097869.2|NOC2L-201|NOC2L|2757|protein_coding|	1913	AGATC	135.2733	3.8997800000000007	0.008020900000000003	0.235	135.575	3.533	0.00664	-0.23533725490196059
ENST00000327044.7|ENSG00000188976.11|OTTHUMG00000040720.2|OTTHUMT00000097869.2|NOC2L-201|NOC2L|2757|protein_coding|	1914	GATCA	93.74178571428573	5.161228070175438	0.005108421052631579	-0.02	92.905	5.1665	0.00465	-0.09452139119729155
ENST00000327044.7|ENSG00000188976.11|OTTHUMG00000040720.2|OTTHUMT00000097869.2|NOC2L-201|NOC2L|2757|protein_coding|	1915	ATCAG	77.43126984126982	1.6112903225806452	0.006757258064516127	0.15	77.13	1.532	0.00531	-0.2994389901823281
ENST00000327044.7|ENSG00000188976.11|OTTHUMG00000040720.2|OTTHUMT00000097869.2|NOC2L-201|NOC2L|2757|protein_coding|	1916	TCAGT	93.99702127659577	2.7471086956521735	0.004301333333333332	0.12744680851063828	93.34	2.69	0.00365	-0.46029298710173405
ENST00000327044.7|ENSG00000188976.11|OTTHUMG00000040720.2|OTTHUMT00000097869.2|NOC2L-201|NOC2L|2757|protein_coding|	1917	CAGTG	119.33377049180328	3.284866666666667	0.005765499999999998	-0.03557377049180327	119.02	3.2235	0.00498	-0.18489660876757652
ENST00000327044.7|ENSG00000188976.11|OTTHUMG00000040720.2|OTTHUMT00000097869.2|NOC2L-201|NOC2L|2757|protein_coding|	1918	AGTGG	112.35636363636364	6.3100000000000005	0.0071065625	0.05909090909090912	113.88	5.892	0.00564	-0.348813209494324
ENST00000327044.7|ENSG00000188976.11|OTTHUMG00000040720.2|OTTHUMT00000097869.2|NOC2L-201|NOC2L|2757|protein_coding|	1919	GTGGC	95.74269230769232	5.580173076923075	0.006912599999999999	-0.22576923076923075	96.09	4.7055	0.00581	0.3985396182764599
ENST00000327044.7|ENSG00000188976.11|OTTHUMG00000040720.2|OTTHUMT00000097869.2|NOC2L-201|NOC2L|2757|protein_coding|	1920	TGGCA	105.042	5.4214	0.006325945945945946	0.03649999999999999	103.545	4.5009999999999994	0.00598	0.020979284369114993
ENST00000327044.7|ENSG00000188976.11|OTTHUMG00000040720.2|OTTHUMT00000097869.2|NOC2L-201|NOC2L|2757|protein_coding|	1921	GGCAA	109.04158415841583	4.850413461538461	0.007729999999999998	0.15	109.22	4.838	0.00631	0.2565837983260263
ENST00000327044.7|ENSG00000188976.11|OTTHUMG00000040720.2|OTTHUMT00000097869.2|NOC2L-201|NOC2L|2757|protein_coding|	1922	GCAAA	83.57600000000001	2.758534246575343	0.0054552702702702705	-0.12	83.82	2.582	0.00498	-0.08657806404789972
ENST00000327044.7|ENSG00000188976.11|OTTHUMG00000040720.2|OTTHUMT00000097869.2|NOC2L-201|NOC2L|2757|protein_coding|	1923	CAAAG	105.06192771084336	2.8642289156626504	0.0055043373493975905	0.795	105.645	2.5305	0.00432	0.0687421327099441
ENST00000327044.7|ENSG00000188976.11|OTTHUMG00000040720.2|OTTHUMT00000097869.2|NOC2L-201|NOC2L|2757|protein_coding|	1924	AAAGA	112.23928571428571	4.008071428571428	0.006236071428571427	0.07	110.89	3.574	0.00531	-0.01279028852920476
ENST00000327044.7|ENSG00000188976.11|OTTHUMG00000040720.2|OTTHUMT00000097869.2|NOC2L-201|NOC2L|2757|protein_coding|	1925	AAGAG	125.0715625	4.45416129032258	0.005744333333333333	0.39	126.16499999999999	4.4535	0.005145	-0.24119909875254172
ENST00000327044.7|ENSG00000188976.11|OTTHUMG00000040720.2|OTTHUMT00000097869.2|NOC2L-201|NOC2L|2757|protein_coding|	1926	AGAGC	131.47753424657535	5.6152837837837835	0.007444794520547945	0.355	131.03	4.0625	0.005475	-0.013131145204959038
ENST00000327044.7|ENSG00000188976.11|OTTHUMG00000040720.2|OTTHUMT00000097869.2|NOC2L-201|NOC2L|2757|protein_coding|	1927	GAGCG	109.40532467532466	4.241567901234568	0.006623000000000001	0.135	109.215	3.532	0.00564	0.4044926825280026
ENST00000327044.7|ENSG00000188976.11|OTTHUMG00000040720.2|OTTHUMT00000097869.2|NOC2L-201|NOC2L|2757|protein_coding|	1928	AGCGG	109.85041666666666	5.331875	0.004546086956521739	0.49	111.22	5.089	0.00398	-0.36449642431466034
ENST00000327044.7|ENSG00000188976.11|OTTHUMG00000040720.2|OTTHUMT00000097869.2|NOC2L-201|NOC2L|2757|protein_coding|	1929	GCGGC	91.79864864864864	4.318405405405405	0.005054166666666666	0.71	94.50999999999999	3.5655	0.004484999999999999	-0.132850320199718
ENST00000327044.7|ENSG00000188976.11|OTTHUMG00000040720.2|OTTHUMT00000097869.2|NOC2L-201|NOC2L|2757|protein_coding|	1930	CGGCT	109.21615384615384	3.1265199999999997	0.005656538461538462	-0.19576923076923075	109.155	3.0445	0.00432	-0.4112015065913371
ENST00000327044.7|ENSG00000188976.11|OTTHUMG00000040720.2|OTTHUMT00000097869.2|NOC2L-201|NOC2L|2757|protein_coding|	1931	GGCTG	111.94593750000001	4.2821875	0.00753234375	0.4	113.06	3.988	0.00598	0.20625000000000007
ENST00000327044.7|ENSG00000188976.11|OTTHUMG00000040720.2|OTTHUMT00000097869.2|NOC2L-201|NOC2L|2757|protein_coding|	1932	GCTGG	86.97090909090909	4.132515151515151	0.00435625	0.66	87.78	3.886	0.003815	0.45000531632110563
ENST00000327044.7|ENSG00000188976.11|OTTHUMG00000040720.2|OTTHUMT00000097869.2|NOC2L-201|NOC2L|2757|protein_coding|	1933	CTGGA	107.77452830188679	4.551509433962265	0.005705490196078433	-0.15000000000000002	107.3	3.8255	0.00465	0.14072918144417654
ENST00000327044.7|ENSG00000188976.11|OTTHUMG00000040720.2|OTTHUMT00000097869.2|NOC2L-201|NOC2L|2757|protein_coding|	1934	TGGAA	118.6516504854369	3.02421568627451	0.0065201	-0.325	118.97999999999999	2.9325	0.00498	-0.045988742500154556
ENST00000327044.7|ENSG00000188976.11|OTTHUMG00000040720.2|OTTHUMT00000097869.2|NOC2L-201|NOC2L|2757|protein_coding|	1935	GGAAG	113.16624999999999	5.321479166666666	0.006915106382978722	-0.28	113.83	5.0145	0.005475	-0.04289943045563549
ENST00000327044.7|ENSG00000188976.11|OTTHUMG00000040720.2|OTTHUMT00000097869.2|NOC2L-201|NOC2L|2757|protein_coding|	1936	GAAGA	103.79124324324323	5.80320320855615	0.006949617486338797	-0.3163243243243243	103.04	6.016	0.00531	0.42936039619609623
ENST00000327044.7|ENSG00000188976.11|OTTHUMG00000040720.2|OTTHUMT00000097869.2|NOC2L-201|NOC2L|2757|protein_coding|	1937	AAGAC	119.5409375	4.577451612903225	0.0059758064516129035	-0.205625	119.69999999999999	4.6915	0.00564	-0.22019563664340291
ENST00000327044.7|ENSG00000188976.11|OTTHUMG00000040720.2|OTTHUMT00000097869.2|NOC2L-201|NOC2L|2757|protein_coding|	1938	AGACC	128.24433333333334	4.639383333333333	0.008410833333333334	0.8200000000000001	129.23	4.321999999999999	0.00581	-0.031443980514961806
ENST00000327044.7|ENSG00000188976.11|OTTHUMG00000040720.2|OTTHUMT00000097869.2|NOC2L-201|NOC2L|2757|protein_coding|	1939	GACCT	78.600625	4.630387096774195	0.0051771875	-0.52	77.8	3.593	0.00432	0.6478245895993575
ENST00000327044.7|ENSG00000188976.11|OTTHUMG00000040720.2|OTTHUMT00000097869.2|NOC2L-201|NOC2L|2757|protein_coding|	1940	ACCTG	69.77949152542372	2.4043050847457628	0.00534	-0.31	69.58	2.076	0.00465	0.023108546700324542
ENST00000327044.7|ENSG00000188976.11|OTTHUMG00000040720.2|OTTHUMT00000097869.2|NOC2L-201|NOC2L|2757|protein_coding|	1941	CCTGA	94.25396226415093	2.337620253164557	0.007185569620253165	0.37	95.28	2.222	0.00598	-0.17978236731068173
ENST00000327044.7|ENSG00000188976.11|OTTHUMG00000040720.2|OTTHUMT00000097869.2|NOC2L-201|NOC2L|2757|protein_coding|	1942	CTGAA	110.36256410256411	4.0836410256410245	0.006159473684210526	0.4133333333333334	113.11	3.514	0.00465	-0.09050311232939325
ENST00000327044.7|ENSG00000188976.11|OTTHUMG00000040720.2|OTTHUMT00000097869.2|NOC2L-201|NOC2L|2757|protein_coding|	1943	TGAAC	116.73416666666665	5.128702702702702	0.0068425000000000005	-0.2736111111111111	116.49	4.573	0.00598	-0.07757145634843485
ENST00000327044.7|ENSG00000188976.11|OTTHUMG00000040720.2|OTTHUMT00000097869.2|NOC2L-201|NOC2L|2757|protein_coding|	1944	GAACT	101.59	3.8919107142857143	0.006048727272727272	-0.23	99.6	3.146	0.00531	0.1280900621118012
ENST00000327044.7|ENSG00000188976.11|OTTHUMG00000040720.2|OTTHUMT00000097869.2|NOC2L-201|NOC2L|2757|protein_coding|	1945	AACTT	92.00974683544307	2.6033116883116882	0.007051772151898735	-0.23974683544303804	92.53	2.584	0.00564	-0.04640597497740357
ENST00000327044.7|ENSG00000188976.11|OTTHUMG00000040720.2|OTTHUMT00000097869.2|NOC2L-201|NOC2L|2757|protein_coding|	1946	ACTTC	82.24147540983607	2.1002380952380957	0.006270161290322579	0.92	83.04	1.891	0.00465	-0.13213301849665465
ENST00000327044.7|ENSG00000188976.11|OTTHUMG00000040720.2|OTTHUMT00000097869.2|NOC2L-201|NOC2L|2757|protein_coding|	1947	CTTCC	74.39708955223882	1.26544696969697	0.006396940298507463	0.06746268656716417	74.46	1.266	0.00531	-0.3886729614990483
ENST00000327044.7|ENSG00000188976.11|OTTHUMG00000040720.2|OTTHUMT00000097869.2|NOC2L-201|NOC2L|2757|protein_coding|	1948	TTCCC	70.09111111111112	1.057037037037037	0.008649818181818182	0.45999999999999996	70.10499999999999	1.0425	0.005974999999999999	-0.5404186795491143
ENST00000327044.7|ENSG00000188976.11|OTTHUMG00000040720.2|OTTHUMT00000097869.2|NOC2L-201|NOC2L|2757|protein_coding|	1949	TCCCT	66.64918367346938	1.3365714285714287	0.0055541666666666665	0.185	66.75	1.0545	0.00498	-0.3543133195307107
ENST00000327044.7|ENSG00000188976.11|OTTHUMG00000040720.2|OTTHUMT00000097869.2|NOC2L-201|NOC2L|2757|protein_coding|	1950	CCCTG	69.2153125	2.088983870967742	0.005736557377049179	0.6599999999999999	72.1	2.0324999999999998	0.00432	-0.11107069320521612
ENST00000327044.7|ENSG00000188976.11|OTTHUMG00000040720.2|OTTHUMT00000097869.2|NOC2L-201|NOC2L|2757|protein_coding|	1951	CCTGA	95.60086486486486	2.3186931216931215	0.005134946808510638	0.47	95.78	2.278	0.00432	-0.18642346607258897
ENST00000327044.7|ENSG00000188976.11|OTTHUMG00000040720.2|OTTHUMT00000097869.2|NOC2L-201|NOC2L|2757|protein_coding|	1952	CTGAG	108.69062500000001	3.1173870967741935	0.005150967741935484	0.71	109.965	3.235	0.003815	-0.30570443278971193
ENST00000327044.7|ENSG00000188976.11|OTTHUMG00000040720.2|OTTHUMT00000097869.2|NOC2L-201|NOC2L|2757|protein_coding|	1953	TGAGA	118.33295454545454	3.1912758620689656	0.00612	0.07	118.03	3.116	0.00465	-0.4391430822374402
ENST00000327044.7|ENSG00000188976.11|OTTHUMG00000040720.2|OTTHUMT00000097869.2|NOC2L-201|NOC2L|2757|protein_coding|	1954	GAGAT	128.70258064516128	3.2981034482758615	0.008719666666666665	-0.19548387096774195	129.27	3.28	0.0073	-0.4381425130705517
ENST00000327044.7|ENSG00000188976.11|OTTHUMG00000040720.2|OTTHUMT00000097869.2|NOC2L-201|NOC2L|2757|protein_coding|	1955	AGATC	133.90111111111108	4.67225	0.007513064516129032	0.17	135.06	3.777	0.0073	-0.08387254901960778
ENST00000327044.7|ENSG00000188976.11|OTTHUMG00000040720.2|OTTHUMT00000097869.2|NOC2L-201|NOC2L|2757|protein_coding|	1956	GATCA	89.69568627450981	4.204019607843138	0.004934313725490196	-0.175	90.825	4.098	0.00432	-0.26245270037839685
ENST00000327044.7|ENSG00000188976.11|OTTHUMG00000040720.2|OTTHUMT00000097869.2|NOC2L-201|NOC2L|2757|protein_coding|	1957	ATCAA	73.39742857142858	1.8091176470588237	0.00514121212121212	0.4	78.33	1.729	0.00432	-0.2134271099744244
ENST00000327044.7|ENSG00000188976.11|OTTHUMG00000040720.2|OTTHUMT00000097869.2|NOC2L-201|NOC2L|2757|protein_coding|	1958	TCAAA	89.76571428571428	2.274121951219512	0.004890243902439024	0.59	89.58	2.18	0.00432	-0.24697948635115494
ENST00000327044.7|ENSG00000188976.11|OTTHUMG00000040720.2|OTTHUMT00000097869.2|NOC2L-201|NOC2L|2757|protein_coding|	1959	CAAAC	105.11711111111111	2.661840909090909	0.005275227272727273	0.32	105.0	2.3585000000000003	0.00432	-0.006775780189959395
ENST00000327044.7|ENSG00000188976.11|OTTHUMG00000040720.2|OTTHUMT00000097869.2|NOC2L-201|NOC2L|2757|protein_coding|	1960	AAACG	98.54458333333334	4.404823529411765	0.006141799999999999	-0.35	98.41	4.151	0.00465	0.2767604433077578
ENST00000327044.7|ENSG00000188976.11|OTTHUMG00000040720.2|OTTHUMT00000097869.2|NOC2L-201|NOC2L|2757|protein_coding|	1961	AACGA	78.63600000000002	3.359017543859649	0.0058896296296296275	-0.41	78.14	3.196	0.00432	0.05629482511309712
ENST00000327044.7|ENSG00000188976.11|OTTHUMG00000040720.2|OTTHUMT00000097869.2|NOC2L-201|NOC2L|2757|protein_coding|	1962	ACGAA	87.20344262295083	3.996586206896552	0.005931333333333333	0.28081967213114745	87.89	3.774	0.00465	0.001650678420188439
ENST00000327044.7|ENSG00000188976.11|OTTHUMG00000040720.2|OTTHUMT00000097869.2|NOC2L-201|NOC2L|2757|protein_coding|	1963	CGAAG	110.7625	4.94593023255814	0.007809090909090907	0.22	111.17	4.755	0.00498	-0.11044420277731297
ENST00000327044.7|ENSG00000188976.11|OTTHUMG00000040720.2|OTTHUMT00000097869.2|NOC2L-201|NOC2L|2757|protein_coding|	1964	GAAGG	106.2307462686567	3.976538461538461	0.008344696969696969	0.245	106.52000000000001	3.8005	0.006805	-0.020557029177718893
ENST00000327044.7|ENSG00000188976.11|OTTHUMG00000040720.2|OTTHUMT00000097869.2|NOC2L-201|NOC2L|2757|protein_coding|	1965	AAGGA	109.57370370370373	5.049115384615385	0.00884846153846154	-0.43333333333333335	111.18	5.291	0.00863	-0.35598018053375186
ENST00000327044.7|ENSG00000188976.11|OTTHUMG00000040720.2|OTTHUMT00000097869.2|NOC2L-201|NOC2L|2757|protein_coding|	1966	AGGAA	115.93019999999999	4.77184	0.008332857142857142	-0.37379999999999997	115.32499999999999	4.7965	0.006144999999999999	0.5053123028391168
ENST00000327044.7|ENSG00000188976.11|OTTHUMG00000040720.2|OTTHUMT00000097869.2|NOC2L-201|NOC2L|2757|protein_coding|	1967	GGAAG	115.74235294117648	5.239764705882353	0.0058548484848484844	0.009411764705882347	115.865	5.2059999999999995	0.00531	-0.0575962759204401
ENST00000327044.7|ENSG00000188976.11|OTTHUMG00000040720.2|OTTHUMT00000097869.2|NOC2L-201|NOC2L|2757|protein_coding|	1968	GAAGA	108.07914893617021	5.6096382978723405	0.007527608695652173	0.5125531914893616	107.25	5.748	0.00631	0.38168430982077367
ENST00000327044.7|ENSG00000188976.11|OTTHUMG00000040720.2|OTTHUMT00000097869.2|NOC2L-201|NOC2L|2757|protein_coding|	1969	AAGAT	123.22941176470589	4.658750000000001	0.0063934285714285725	0.48	126.29	4.222	0.00598	-0.20634582623509348
ENST00000327044.7|ENSG00000188976.11|OTTHUMG00000040720.2|OTTHUMT00000097869.2|NOC2L-201|NOC2L|2757|protein_coding|	1970	AGATG	131.91222222222223	6.739381818181818	0.006374999999999999	-0.22	132.15	4.82	0.00432	0.32144741532976834
ENST00000327044.7|ENSG00000188976.11|OTTHUMG00000040720.2|OTTHUMT00000097869.2|NOC2L-201|NOC2L|2757|protein_coding|	1971	GATGG	79.02170542635659	3.4478046875	0.005996935483870969	-0.9	78.19	3.261	0.00465	-0.10909439599483203
ENST00000327044.7|ENSG00000188976.11|OTTHUMG00000040720.2|OTTHUMT00000097869.2|NOC2L-201|NOC2L|2757|protein_coding|	1972	ATGGC	93.80186440677967	3.7303965517241378	0.004973571428571429	-0.15	93.31	3.407	0.00432	-0.06506352087114348
ENST00000327044.7|ENSG00000188976.11|OTTHUMG00000040720.2|OTTHUMT00000097869.2|NOC2L-201|NOC2L|2757|protein_coding|	1973	TGGCT	103.20046511627905	4.480093023255814	0.00746952380952381	-0.34	105.34	4.311	0.00598	-0.15629133272018558
ENST00000327044.7|ENSG00000188976.11|OTTHUMG00000040720.2|OTTHUMT00000097869.2|NOC2L-201|NOC2L|2757|protein_coding|	1974	GGCTG	110.33754901960783	3.382205882352941	0.006480300000000001	-0.09	110.62	3.15	0.00531	-0.04726594863297436
ENST00000327044.7|ENSG00000188976.11|OTTHUMG00000040720.2|OTTHUMT00000097869.2|NOC2L-201|NOC2L|2757|protein_coding|	1975	GCTGA	89.63246376811594	2.976173913043478	0.00662029411764706	-0.34	88.44	2.566	0.00432	0.044271548436308
ENST00000327044.7|ENSG00000188976.11|OTTHUMG00000040720.2|OTTHUMT00000097869.2|NOC2L-201|NOC2L|2757|protein_coding|	1976	CTGAC	106.54299270072993	4.277328358208956	0.0061111111111111106	-0.22	105.85	3.479	0.00498	-0.04736562177974267
ENST00000327044.7|ENSG00000188976.11|OTTHUMG00000040720.2|OTTHUMT00000097869.2|NOC2L-201|NOC2L|2757|protein_coding|	1977	TGACA	115.3060294117647	6.92525352112676	0.008227536231884058	-0.04	115.37	5.735	0.00564	0.44577317768825886
ENST00000327044.7|ENSG00000188976.11|OTTHUMG00000040720.2|OTTHUMT00000097869.2|NOC2L-201|NOC2L|2757|protein_coding|	1978	GACAG	80.16063157894737	2.950265957446808	0.00639627659574468	-0.425	79.22999999999999	2.6565000000000003	0.004815	-0.07224340960792207
ENST00000327044.7|ENSG00000188976.11|OTTHUMG00000040720.2|OTTHUMT00000097869.2|NOC2L-201|NOC2L|2757|protein_coding|	1979	ACAGG	83.03074074074074	4.866592592592593	0.006787037037037037	-0.05	82.815	4.843999999999999	0.00581	-0.04389143563996214
ENST00000327044.7|ENSG00000188976.11|OTTHUMG00000040720.2|OTTHUMT00000097869.2|NOC2L-201|NOC2L|2757|protein_coding|	1980	CAGGA	102.43243902439023	5.363309523809524	0.007377073170731708	0.96	107.1	5.813	0.00631	-0.315904397473275
ENST00000327044.7|ENSG00000188976.11|OTTHUMG00000040720.2|OTTHUMT00000097869.2|NOC2L-201|NOC2L|2757|protein_coding|	1981	AGGAA	116.26259842519687	5.154484375000001	0.01049283464566929	-0.28165354330708664	116.535	5.1605	0.0073	0.6260203075709783
ENST00000327044.7|ENSG00000188976.11|OTTHUMG00000040720.2|OTTHUMT00000097869.2|NOC2L-201|NOC2L|2757|protein_coding|	1982	GGAAG	116.30516129032259	5.396483870967741	0.007702333333333334	0.07870967741935483	117.47	4.89	0.00631	-0.029409375725226297
ENST00000327044.7|ENSG00000188976.11|OTTHUMG00000040720.2|OTTHUMT00000097869.2|NOC2L-201|NOC2L|2757|protein_coding|	1983	GAAGG	106.00899159663864	3.992441666666667	0.007259075630252102	0.05	105.48	2.914	0.00432	-0.01663998357963855
ENST00000327044.7|ENSG00000188976.11|OTTHUMG00000040720.2|OTTHUMT00000097869.2|NOC2L-201|NOC2L|2757|protein_coding|	1984	AAGGA	113.5182608695652	4.092434782608696	0.010928333333333333	-0.0491304347826087	113.875	4.041	0.008965	-0.478005767524401
ENST00000327044.7|ENSG00000188976.11|OTTHUMG00000040720.2|OTTHUMT00000097869.2|NOC2L-201|NOC2L|2757|protein_coding|	1985	AGGAT	119.54279999999999	4.9693319838056675	0.009346204081632652	-0.19	119.53	5.123	0.00697	0.5676126131879078
ENST00000327044.7|ENSG00000188976.11|OTTHUMG00000040720.2|OTTHUMT00000097869.2|NOC2L-201|NOC2L|2757|protein_coding|	1986	GGATG	125.4939024390244	8.118046511627906	0.010172857142857141	0.11	126.09	8.596	0.00764	0.5917738258093934
ENST00000327044.7|ENSG00000188976.11|OTTHUMG00000040720.2|OTTHUMT00000097869.2|NOC2L-201|NOC2L|2757|protein_coding|	1987	GATGA	75.77513513513514	3.76177027027027	0.006882432432432432	-0.97	74.325	3.4059999999999997	0.004484999999999999	-0.027966338431454806
ENST00000327044.7|ENSG00000188976.11|OTTHUMG00000040720.2|OTTHUMT00000097869.2|NOC2L-201|NOC2L|2757|protein_coding|	1988	ATGAG	90.74555555555554	4.202666666666666	0.004933888888888888	-0.33	90.72	3.653	0.00432	-0.06399406087602105
ENST00000327044.7|ENSG00000188976.11|OTTHUMG00000040720.2|OTTHUMT00000097869.2|NOC2L-201|NOC2L|2757|protein_coding|	1989	TGAGG	100.3754285714286	6.548666666666667	0.008780000000000001	-0.075	110.555	6.37	0.00764	0.1509080257762155
ENST00000327044.7|ENSG00000188976.11|OTTHUMG00000040720.2|OTTHUMT00000097869.2|NOC2L-201|NOC2L|2757|protein_coding|	1990	GAGGA	108.07222222222224	6.666750000000001	0.006085925925925926	-0.4485185185185185	106.46	6.3345	0.003815	-0.14964923469387736
ENST00000327044.7|ENSG00000188976.11|OTTHUMG00000040720.2|OTTHUMT00000097869.2|NOC2L-201|NOC2L|2757|protein_coding|	1991	AGGAC	115.36326086956524	5.393868131868132	0.009096666666666668	-0.2	115.08	5.559	0.00797	0.7015356882864769
ENST00000327044.7|ENSG00000188976.11|OTTHUMG00000040720.2|OTTHUMT00000097869.2|NOC2L-201|NOC2L|2757|protein_coding|	1992	GGACA	119.64204545454545	6.138608695652174	0.006137999999999998	0.59	121.52	6.077	0.00498	0.2815467005536897
ENST00000327044.7|ENSG00000188976.11|OTTHUMG00000040720.2|OTTHUMT00000097869.2|NOC2L-201|NOC2L|2757|protein_coding|	1993	GACAG	79.85999999999999	3.955262295081968	0.007051935483870967	0.195	80.28	3.213	0.00631	0.24379317455407792
ENST00000327044.7|ENSG00000188976.11|OTTHUMG00000040720.2|OTTHUMT00000097869.2|NOC2L-201|NOC2L|2757|protein_coding|	1994	ACAGG	70.65787234042553	8.551434782608695	0.005997777777777776	0.07	75.61	8.039	0.00531	0.6800461262492524
ENST00000327044.7|ENSG00000188976.11|OTTHUMG00000040720.2|OTTHUMT00000097869.2|NOC2L-201|NOC2L|2757|protein_coding|	1995	CAGGA	90.59576923076922	7.2628076923076925	0.0059756	-0.8200000000000001	88.87	7.355	0.00564	-0.07362146781789634
ENST00000327044.7|ENSG00000188976.11|OTTHUMG00000040720.2|OTTHUMT00000097869.2|NOC2L-201|NOC2L|2757|protein_coding|	1996	AGGAA	119.40135714285714	4.643978873239438	0.006997826086956521	0.45999999999999996	119.34	4.7455	0.00531	0.4649775625361003
ENST00000327044.7|ENSG00000188976.11|OTTHUMG00000040720.2|OTTHUMT00000097869.2|NOC2L-201|NOC2L|2757|protein_coding|	1997	GGAAG	118.46673076923076	5.225851851851853	0.006614339622641508	1.085	118.47	4.558	0.00498	-0.06009858779642931
ENST00000327044.7|ENSG00000188976.11|OTTHUMG00000040720.2|OTTHUMT00000097869.2|NOC2L-201|NOC2L|2757|protein_coding|	1998	GAAGC	99.87634146341465	6.018878048780488	0.00706325	-0.11219512195121953	99.8	5.956	0.00531	0.4824822780247509
ENST00000327044.7|ENSG00000188976.11|OTTHUMG00000040720.2|OTTHUMT00000097869.2|NOC2L-201|NOC2L|2757|protein_coding|	1999	AAGCA	108.37379310344828	3.550627586206896	0.00754361111111111	0.2559310344827586	108.76	3.056	0.00631	0.17570449874400526
ENST00000327044.7|ENSG00000188976.11|OTTHUMG00000040720.2|OTTHUMT00000097869.2|NOC2L-201|NOC2L|2757|protein_coding|	2000	AGCAA	112.52499999999999	4.38467816091954	0.005879638554216866	0.29	115.24	4.164	0.00498	0.13592698469418138
ENST00000327044.7|ENSG00000188976.11|OTTHUMG00000040720.2|OTTHUMT00000097869.2|NOC2L-201|NOC2L|2757|protein_coding|	2001	GCAAT	88.75102272727273	2.732344827586207	0.005836477272727273	0.91	89.74	2.315	0.00531	-0.09525005709065994
ENST00000327044.7|ENSG00000188976.11|OTTHUMG00000040720.2|OTTHUMT00000097869.2|NOC2L-201|NOC2L|2757|protein_coding|	2002	CAATT	109.37827586206896	2.6307857142857145	0.005469510489510488	0.17	109.57	2.488	0.00465	-0.15408819476343583
ENST00000327044.7|ENSG00000188976.11|OTTHUMG00000040720.2|OTTHUMT00000097869.2|NOC2L-201|NOC2L|2757|protein_coding|	2003	AATTT	92.95282608695652	4.2982826086956525	0.005693404255319149	-1.2650000000000001	91.235	4.103	0.00581	-0.22273370547999055
ENST00000327044.7|ENSG00000188976.11|OTTHUMG00000040720.2|OTTHUMT00000097869.2|NOC2L-201|NOC2L|2757|protein_coding|	2004	ATTTA	77.73202614379085	1.5123986928104574	0.006109607843137255	0.1	77.78	1.274	0.00531	-0.23228492750738206
ENST00000327044.7|ENSG00000188976.11|OTTHUMG00000040720.2|OTTHUMT00000097869.2|NOC2L-201|NOC2L|2757|protein_coding|	2005	TTTAA	84.79490909090909	1.6333865030674848	0.005488834355828221	0.1	84.74000000000001	1.58	0.00432	-0.33602174672053464
ENST00000327044.7|ENSG00000188976.11|OTTHUMG00000040720.2|OTTHUMT00000097869.2|NOC2L-201|NOC2L|2757|protein_coding|	2006	TTAAA	90.17490566037736	2.221	0.005797407407407406	-0.72	88.7	1.832	0.00465	-0.26940789473684207
ENST00000327044.7|ENSG00000188976.11|OTTHUMG00000040720.2|OTTHUMT00000097869.2|NOC2L-201|NOC2L|2757|protein_coding|	2007	TAAAG	101.51792452830189	2.6852931034482763	0.00604181818181818	-0.13	101.47	2.4299999999999997	0.00432	0.0019750386001030447
ENST00000327044.7|ENSG00000188976.11|OTTHUMG00000040720.2|OTTHUMT00000097869.2|NOC2L-201|NOC2L|2757|protein_coding|	2008	AAAGA	110.33815789473682	4.431410256410258	0.007163684210526315	-0.29	108.97	4.458	0.00564	0.09148035872173853
ENST00000327044.7|ENSG00000188976.11|OTTHUMG00000040720.2|OTTHUMT00000097869.2|NOC2L-201|NOC2L|2757|protein_coding|	2009	AAGAC	121.40578947368421	3.7445000000000004	0.006904999999999999	0.03947368421052631	122.48	3.9395	0.005475	-0.36209540034071547
ENST00000327044.7|ENSG00000188976.11|OTTHUMG00000040720.2|OTTHUMT00000097869.2|NOC2L-201|NOC2L|2757|protein_coding|	2010	AGACC	124.54092105263159	4.341662162162162	0.007913026315789473	-0.14	124.64	3.588	0.00631	-0.09359871353608304
ENST00000327044.7|ENSG00000188976.11|OTTHUMG00000040720.2|OTTHUMT00000097869.2|NOC2L-201|NOC2L|2757|protein_coding|	2011	GACCT	80.8120930232558	4.229488372093023	0.004941818181818183	0.20500000000000002	80.56	3.3435	0.004484999999999999	inf
ENST00000327044.7|ENSG00000188976.11|OTTHUMG00000040720.2|OTTHUMT00000097869.2|NOC2L-201|NOC2L|2757|protein_coding|	2012	ACCTC	70.77000000000002	1.342918918918919	0.005469210526315789	0.54	70.695	1.193	0.00415	-0.4285451408855664
ENST00000327044.7|ENSG00000188976.11|OTTHUMG00000040720.2|OTTHUMT00000097869.2|NOC2L-201|NOC2L|2757|protein_coding|	2013	CCTCT	75.47877551020409	1.115125	0.008243958333333334	0.05122448979591834	75.61	1.095	0.0073	-0.6087280701754386
ENST00000327044.7|ENSG00000188976.11|OTTHUMG00000040720.2|OTTHUMT00000097869.2|NOC2L-201|NOC2L|2757|protein_coding|	2014	CTCTT	78.67397058823528	1.1298358208955224	0.005698787878787879	-0.13720588235294115	78.155	1.084	0.005145	-0.454185593770279
ENST00000327044.7|ENSG00000188976.11|OTTHUMG00000040720.2|OTTHUMT00000097869.2|NOC2L-201|NOC2L|2757|protein_coding|	2015	TCTTT	81.0132	1.3464583333333333	0.005700869565217392	0.19359999999999997	81.6	1.459	0.00564	-0.443612258953168
ENST00000327044.7|ENSG00000188976.11|OTTHUMG00000040720.2|OTTHUMT00000097869.2|NOC2L-201|NOC2L|2757|protein_coding|	2016	CTTTG	81.82108108108109	1.2570274725274726	0.005977611111111111	0.5576756756756758	82.375	1.238	0.004815	-0.3619149885647347
ENST00000327044.7|ENSG00000188976.11|OTTHUMG00000040720.2|OTTHUMT00000097869.2|NOC2L-201|NOC2L|2757|protein_coding|	2017	TTTGA	88.87560000000002	2.2287	0.006877346938775509	-0.39	88.65	2.114	0.00531	-0.1589811320754717
ENST00000327044.7|ENSG00000188976.11|OTTHUMG00000040720.2|OTTHUMT00000097869.2|NOC2L-201|NOC2L|2757|protein_coding|	2018	TTGAC	105.72372881355932	2.8917833333333336	0.005483333333333332	0.33	105.79	2.76	0.00465	-0.35595025983667405
ENST00000327044.7|ENSG00000188976.11|OTTHUMG00000040720.2|OTTHUMT00000097869.2|NOC2L-201|NOC2L|2757|protein_coding|	2019	TGACC	115.48970588235294	9.284361111111112	0.006165428571428571	-0.33999999999999997	115.705	9.925999999999998	0.0053100000000000005	0.9382799814428209
ENST00000327044.7|ENSG00000188976.11|OTTHUMG00000040720.2|OTTHUMT00000097869.2|NOC2L-201|NOC2L|2757|protein_coding|	2020	GACCT	79.23722222222221	3.345054054054054	0.0043451428571428564	-0.42	78.22	3.205	0.00365	0.1904106953929017
ENST00000327044.7|ENSG00000188976.11|OTTHUMG00000040720.2|OTTHUMT00000097869.2|NOC2L-201|NOC2L|2757|protein_coding|	2021	ACCTG	66.96886363636364	2.5045505617977524	0.006458372093023256	0.72	69.63	2.284	0.00564	0.06576619650968182
ENST00000327044.7|ENSG00000188976.11|OTTHUMG00000040720.2|OTTHUMT00000097869.2|NOC2L-201|NOC2L|2757|protein_coding|	2022	CCTGA	94.40686274509804	2.5147	0.005142244897959184	0.11	94.35	2.444	0.00432	-0.1176491228070176
ENST00000327044.7|ENSG00000188976.11|OTTHUMG00000040720.2|OTTHUMT00000097869.2|NOC2L-201|NOC2L|2757|protein_coding|	2023	CTGAA	107.03	3.250266666666667	0.005854666666666664	0.19	108.94	2.878	0.00398	inf
ENST00000327044.7|ENSG00000188976.11|OTTHUMG00000040720.2|OTTHUMT00000097869.2|NOC2L-201|NOC2L|2757|protein_coding|	2024	TGAAC	114.29535714285714	8.192142857142857	0.004890384615384616	-0.5800000000000001	114.005	8.498000000000001	0.00432	0.4734069886947585
ENST00000327044.7|ENSG00000188976.11|OTTHUMG00000040720.2|OTTHUMT00000097869.2|NOC2L-201|NOC2L|2757|protein_coding|	2025	GAACA	94.2996551724138	3.5605172413793102	0.0053344827586206895	-0.8049999999999999	91.485	2.8725	0.00498	0.03203398300849567
ENST00000327044.7|ENSG00000188976.11|OTTHUMG00000040720.2|OTTHUMT00000097869.2|NOC2L-201|NOC2L|2757|protein_coding|	2026	AACAG	87.24553191489362	2.1278695652173916	0.004943617021276596	0.28	87.68	1.8585	0.004314999999999999	-0.3308586272901285
ENST00000327044.7|ENSG00000188976.11|OTTHUMG00000040720.2|OTTHUMT00000097869.2|NOC2L-201|NOC2L|2757|protein_coding|	2027	ACAGC	90.16857142857141	3.4879459459459454	0.0045486486486486484	0.585	90.415	3.5359999999999996	0.00498	inf
ENST00000327044.7|ENSG00000188976.11|OTTHUMG00000040720.2|OTTHUMT00000097869.2|NOC2L-201|NOC2L|2757|protein_coding|	2028	CAGCT	112.622	3.2688285714285716	0.005946857142857143	0.5800000000000001	113.825	3.1445	0.004484999999999999	0.08239356669820252
ENST00000327044.7|ENSG00000188976.11|OTTHUMG00000040720.2|OTTHUMT00000097869.2|NOC2L-201|NOC2L|2757|protein_coding|	2029	AGCTC	118.69243902439023	3.1435238095238094	0.0070931707317073165	0.25	119.24	3.17	0.004314999999999999	-0.11450033534540577
ENST00000327044.7|ENSG00000188976.11|OTTHUMG00000040720.2|OTTHUMT00000097869.2|NOC2L-201|NOC2L|2757|protein_coding|	2030	GCTCT	85.39891304347826	2.8332708333333336	0.004937446808510638	1.0150000000000001	83.57499999999999	2.4145	0.00332	-0.005869883040935601
ENST00000327044.7|ENSG00000188976.11|OTTHUMG00000040720.2|OTTHUMT00000097869.2|NOC2L-201|NOC2L|2757|protein_coding|	2031	CTCTG	80.4232	1.546122448979592	0.005244285714285715	0.5164	80.36	1.5695000000000001	0.004815	-0.2530809425219362
ENST00000327044.7|ENSG00000188976.11|OTTHUMG00000040720.2|OTTHUMT00000097869.2|NOC2L-201|NOC2L|2757|protein_coding|	2032	TCTGA	91.19999999999999	2.966754098360656	0.0054689473684210515	-0.05262295081967214	91.36	2.607	0.00398	0.04096635030198451
ENST00000327044.7|ENSG00000188976.11|OTTHUMG00000040720.2|OTTHUMT00000097869.2|NOC2L-201|NOC2L|2757|protein_coding|	2033	CTGAA	110.52153846153846	3.9186538461538456	0.00443	0.4369230769230769	110.58500000000001	3.6325000000000003	0.00415	-0.12724858660270705
ENST00000327044.7|ENSG00000188976.11|OTTHUMG00000040720.2|OTTHUMT00000097869.2|NOC2L-201|NOC2L|2757|protein_coding|	2034	TGAAG	120.11944444444444	5.338203703703704	0.005381346153846152	0.7	119.68	5.872	0.00432	-0.03989142019717543
ENST00000327044.7|ENSG00000188976.11|OTTHUMG00000040720.2|OTTHUMT00000097869.2|NOC2L-201|NOC2L|2757|protein_coding|	2035	GAAGA	105.97075	5.812076923076924	0.0058505	0.09400000000000001	106.11500000000001	5.7235	0.005145	0.4315460401667301
ENST00000327044.7|ENSG00000188976.11|OTTHUMG00000040720.2|OTTHUMT00000097869.2|NOC2L-201|NOC2L|2757|protein_coding|	2036	AAGAG	121.388	4.963192307692309	0.00575923076923077	-0.07500000000000001	121.08	4.782500000000001	0.00498	-0.1544817193028434
ENST00000327044.7|ENSG00000188976.11|OTTHUMG00000040720.2|OTTHUMT00000097869.2|NOC2L-201|NOC2L|2757|protein_coding|	2037	AGAGG	124.95129032258066	5.612629032258065	0.005720833333333332	0.21806451612903224	124.475	5.2035	0.00465	-0.013597709620726825
ENST00000327044.7|ENSG00000188976.11|OTTHUMG00000040720.2|OTTHUMT00000097869.2|NOC2L-201|NOC2L|2757|protein_coding|	2038	GAGGA	106.765	6.889640000000001	0.00509	-0.21	107.61	6.621	0.00398	-0.12121938775510191
ENST00000327044.7|ENSG00000188976.11|OTTHUMG00000040720.2|OTTHUMT00000097869.2|NOC2L-201|NOC2L|2757|protein_coding|	2039	AGGAC	115.27954545454546	5.485112359550562	0.007235172413793105	0.06	116.15	5.139	0.00531	0.7303193563250984
ENST00000327044.7|ENSG00000188976.11|OTTHUMG00000040720.2|OTTHUMT00000097869.2|NOC2L-201|NOC2L|2757|protein_coding|	2040	GGACG	120.882972972973	6.795105263157896	0.007572972972972972	-0.045	120.48	7.205	0.00664	0.4186023513899574
ENST00000327044.7|ENSG00000188976.11|OTTHUMG00000040720.2|OTTHUMT00000097869.2|NOC2L-201|NOC2L|2757|protein_coding|	2041	GACGA	75.9687037037037	3.726314814814815	0.0071165454545454535	-0.08	75.35	3.758	0.00598	0.17179711157698582
ENST00000327044.7|ENSG00000188976.11|OTTHUMG00000040720.2|OTTHUMT00000097869.2|NOC2L-201|NOC2L|2757|protein_coding|	2042	ACGAC	83.12365853658535	3.911780487804878	0.006705749999999999	-0.585	82.825	3.997	0.005475	-0.019603887768201034
ENST00000327044.7|ENSG00000188976.11|OTTHUMG00000040720.2|OTTHUMT00000097869.2|NOC2L-201|NOC2L|2757|protein_coding|	2043	CGACA	108.902	7.609043478260869	0.005009545454545454	0.03	109.46000000000001	7.8415	0.00415	0.5885268221838975
ENST00000327044.7|ENSG00000188976.11|OTTHUMG00000040720.2|OTTHUMT00000097869.2|NOC2L-201|NOC2L|2757|protein_coding|	2044	GACAC	84.82260273972604	2.835213333333334	0.006299466666666666	0.06	84.395	2.8665000000000003	0.004815	-0.10842348008385734
ENST00000327044.7|ENSG00000188976.11|OTTHUMG00000040720.2|OTTHUMT00000097869.2|NOC2L-201|NOC2L|2757|protein_coding|	2045	ACACC	72.52153846153847	1.9156153846153843	0.006647499999999999	0.1	72.4	1.718	0.00564	0.01894435351882148
ENST00000327044.7|ENSG00000188976.11|OTTHUMG00000040720.2|OTTHUMT00000097869.2|NOC2L-201|NOC2L|2757|protein_coding|	2046	CACCG	78.27131578947369	2.053842105263158	0.0071412820512820495	0.5549999999999999	78.405	1.9224999999999999	0.00564	-0.2690953362052818
ENST00000327044.7|ENSG00000188976.11|OTTHUMG00000040720.2|OTTHUMT00000097869.2|NOC2L-201|NOC2L|2757|protein_coding|	2047	ACCGA	81.63796116504854	2.362932038834951	0.0064639	-0.32446601941747566	81.53	2.26	0.00465	-0.15002444646224775
ENST00000327044.7|ENSG00000188976.11|OTTHUMG00000040720.2|OTTHUMT00000097869.2|NOC2L-201|NOC2L|2757|protein_coding|	2048	CCGAG	98.40685714285713	3.4006666666666665	0.005578333333333333	0.57	98.15	3.393	0.00432	-0.14770258980785306
ENST00000327044.7|ENSG00000188976.11|OTTHUMG00000040720.2|OTTHUMT00000097869.2|NOC2L-201|NOC2L|2757|protein_coding|	2049	CGAGG	111.42370967741937	4.168852459016393	0.00788322033898305	0.03758064516129032	110.87	4.0504999999999995	0.005475	-0.26733700193033516
ENST00000327044.7|ENSG00000188976.11|OTTHUMG00000040720.2|OTTHUMT00000097869.2|NOC2L-201|NOC2L|2757|protein_coding|	2050	GAGGG	111.58130434782608	4.414782608695652	0.007499545454545456	-0.36	111.5	3.827	0.00664	-0.43688997338065666
ENST00000327044.7|ENSG00000188976.11|OTTHUMG00000040720.2|OTTHUMT00000097869.2|NOC2L-201|NOC2L|2757|protein_coding|	2051	AGGGA	116.17345323741007	5.1465902777777774	0.008610774647887324	0.16	116.36	5.196	0.00697	0.27076303155006853
ENST00000327044.7|ENSG00000188976.11|OTTHUMG00000040720.2|OTTHUMT00000097869.2|NOC2L-201|NOC2L|2757|protein_coding|	2052	GGGAT	123.6340243902439	2.9187790697674423	0.006083372093023256	0.59	125.03	2.6995	0.00465	-0.07924950480522323
ENST00000327044.7|ENSG00000188976.11|OTTHUMG00000040720.2|OTTHUMT00000097869.2|NOC2L-201|NOC2L|2757|protein_coding|	2053	GGATT	123.02487804878048	4.392488372093023	0.007351190476190476	0.04	128.69	3.71	0.00531	-0.13872777017783852
ENST00000327044.7|ENSG00000188976.11|OTTHUMG00000040720.2|OTTHUMT00000097869.2|NOC2L-201|NOC2L|2757|protein_coding|	2054	GATTC	95.19949152542374	3.221473684210527	0.0056789473684210525	-0.14672413793103448	93.73	2.966	0.00465	-0.4174550299800132
ENST00000327044.7|ENSG00000188976.11|OTTHUMG00000040720.2|OTTHUMT00000097869.2|NOC2L-201|NOC2L|2757|protein_coding|	2055	ATTCT	80.72228070175439	1.6945000000000001	0.004985423728813557	0.225	80.93	1.5154999999999998	0.004484999999999999	-0.18140096618357476
ENST00000327044.7|ENSG00000188976.11|OTTHUMG00000040720.2|OTTHUMT00000097869.2|NOC2L-201|NOC2L|2757|protein_coding|	2056	TTCTC	76.79608695652175	1.3979782608695652	0.004618478260869565	-0.17	76.58	1.332	0.00398	-0.3246481831547994
ENST00000327044.7|ENSG00000188976.11|OTTHUMG00000040720.2|OTTHUMT00000097869.2|NOC2L-201|NOC2L|2757|protein_coding|	2057	TCTCG	74.50083333333335	5.040472222222223	0.007079705882352941	-0.78	75.42	2.403	0.004815	0.7685867446393765
ENST00000327044.7|ENSG00000188976.11|OTTHUMG00000040720.2|OTTHUMT00000097869.2|NOC2L-201|NOC2L|2757|protein_coding|	2058	CTCGG	84.43333333333334	2.4354545454545455	0.004897812499999999	0.455	83.77000000000001	2.4210000000000003	0.00465	0.058893280632411185
ENST00000327044.7|ENSG00000188976.11|OTTHUMG00000040720.2|OTTHUMT00000097869.2|NOC2L-201|NOC2L|2757|protein_coding|	2059	TCGGA	103.43294117647059	4.345923076923077	0.005765192307692306	0.36	103.94	4.346	0.00531	-0.12732468334877983
ENST00000327044.7|ENSG00000188976.11|OTTHUMG00000040720.2|OTTHUMT00000097869.2|NOC2L-201|NOC2L|2757|protein_coding|	2060	CGGAG	126.08831325301209	3.448916666666667	0.006939390243902439	0.756987951807229	126.91	2.991	0.00598	0.08798633017875929
ENST00000327044.7|ENSG00000188976.11|OTTHUMG00000040720.2|OTTHUMT00000097869.2|NOC2L-201|NOC2L|2757|protein_coding|	2061	GGAGA	122.02083333333333	5.007333333333334	0.005919999999999999	0.37458333333333327	120.66499999999999	4.503500000000001	0.005145	-0.11997656707674272
ENST00000327044.7|ENSG00000188976.11|OTTHUMG00000040720.2|OTTHUMT00000097869.2|NOC2L-201|NOC2L|2757|protein_coding|	2062	GAGAG	127.98576923076924	4.026192307692307	0.007781999999999999	0.45730769230769225	128.245	3.5075	0.00631	-0.31410693225003283
ENST00000327044.7|ENSG00000188976.11|OTTHUMG00000040720.2|OTTHUMT00000097869.2|NOC2L-201|NOC2L|2757|protein_coding|	2063	AGAGA	130.775	3.68602752293578	0.007397813953488372	0.415	130.64	3.1950000000000003	0.005145	-0.3521919994840457
ENST00000327044.7|ENSG00000188976.11|OTTHUMG00000040720.2|OTTHUMT00000097869.2|NOC2L-201|NOC2L|2757|protein_coding|	2064	GAGAG	124.24040000000001	6.079840000000001	0.0070256	-0.043600000000000014	125.9	5.11	0.00598	0.03574787052810915
ENST00000327044.7|ENSG00000188976.11|OTTHUMG00000040720.2|OTTHUMT00000097869.2|NOC2L-201|NOC2L|2757|protein_coding|	2065	AGAGG	126.00461538461538	4.172615384615384	0.0070092307692307685	0.361923076923077	126.695	3.3315	0.005475	-0.26667567932945796
ENST00000327044.7|ENSG00000188976.11|OTTHUMG00000040720.2|OTTHUMT00000097869.2|NOC2L-201|NOC2L|2757|protein_coding|	2066	GAGGG	109.67961538461539	7.512307692307692	0.0069848	-0.32	109.87	6.553000000000001	0.00515	-0.041797488226059686
ENST00000327044.7|ENSG00000188976.11|OTTHUMG00000040720.2|OTTHUMT00000097869.2|NOC2L-201|NOC2L|2757|protein_coding|	2067	AGGGA	116.59017241379311	5.162932203389831	0.006750350877192983	0.35	117.39	4.758	0.00465	0.2747980749110694
ENST00000327044.7|ENSG00000188976.11|OTTHUMG00000040720.2|OTTHUMT00000097869.2|NOC2L-201|NOC2L|2757|protein_coding|	2068	GGGAT	126.62557692307693	3.488901960784314	0.006862871287128712	0.92	127.74	2.953	0.00564	0.1005999876291212
ENST00000327044.7|ENSG00000188976.11|OTTHUMG00000040720.2|OTTHUMT00000097869.2|NOC2L-201|NOC2L|2757|protein_coding|	2069	GGATA	129.00868421052633	3.921905982905983	0.006616126126126125	0.41	129.32	3.284	0.00564	-0.23099882688117976
ENST00000327044.7|ENSG00000188976.11|OTTHUMG00000040720.2|OTTHUMT00000097869.2|NOC2L-201|NOC2L|2757|protein_coding|	2070	GATAC	98.5328125	3.808140625	0.005000625	0.495	98.495	3.7495	0.00432	-0.3936081807324841
ENST00000327044.7|ENSG00000188976.11|OTTHUMG00000040720.2|OTTHUMT00000097869.2|NOC2L-201|NOC2L|2757|protein_coding|	2071	ATACT	81.35382716049382	2.223525	0.006500493827160495	0.09	81.58	2.107	0.00465	0.05882142857142851
ENST00000327044.7|ENSG00000188976.11|OTTHUMG00000040720.2|OTTHUMT00000097869.2|NOC2L-201|NOC2L|2757|protein_coding|	2072	TACTG	88.96755102040818	2.078745098039216	0.007263200000000001	0.34	88.6	2.136	0.00498	-0.23855490914314434
ENST00000327044.7|ENSG00000188976.11|OTTHUMG00000040720.2|OTTHUMT00000097869.2|NOC2L-201|NOC2L|2757|protein_coding|	2073	ACTGA	92.43818181818182	2.652840909090909	0.005442093023255814	-0.2513636363636364	91.18	2.581	0.00432	-0.06917862838915474
ENST00000327044.7|ENSG00000188976.11|OTTHUMG00000040720.2|OTTHUMT00000097869.2|NOC2L-201|NOC2L|2757|protein_coding|	2074	CTGAG	107.8178787878788	3.7786984126984127	0.00613609375	0.30272727272727273	107.775	3.115	0.00498	-0.15841906175981904
ENST00000327044.7|ENSG00000188976.11|OTTHUMG00000040720.2|OTTHUMT00000097869.2|NOC2L-201|NOC2L|2757|protein_coding|	2075	TGAGG	113.91844444444445	10.427765486725665	0.007424331797235022	-0.043377777777777786	114.515	11.346499999999999	0.005475	0.8326477129570587
ENST00000327044.7|ENSG00000188976.11|OTTHUMG00000040720.2|OTTHUMT00000097869.2|NOC2L-201|NOC2L|2757|protein_coding|	2076	GAGGC	111.42735294117648	8.83255882352941	0.006357575757575757	0.355	113.745	8.674	0.0053100000000000005	0.12660189075630238
ENST00000327044.7|ENSG00000188976.11|OTTHUMG00000040720.2|OTTHUMT00000097869.2|NOC2L-201|NOC2L|2757|protein_coding|	2077	AGGCC	109.62701492537313	8.179772727272725	0.006250769230769231	0.0653731343283582	111.26	8.539	0.00465	0.5404468412942987
ENST00000327044.7|ENSG00000188976.11|OTTHUMG00000040720.2|OTTHUMT00000097869.2|NOC2L-201|NOC2L|2757|protein_coding|	2078	GGCCC	106.48764705882353	3.0855719063545153	0.006499055374592834	0.41	106.89	2.756	0.00498	-0.06213619867643914
ENST00000327044.7|ENSG00000188976.11|OTTHUMG00000040720.2|OTTHUMT00000097869.2|NOC2L-201|NOC2L|2757|protein_coding|	2079	GCCCC	66.30724637681159	2.567608695652174	0.006093676470588235	0.37	65.785	1.674	0.004815	0.24039067422810348
ENST00000327044.7|ENSG00000188976.11|OTTHUMG00000040720.2|OTTHUMT00000097869.2|NOC2L-201|NOC2L|2757|protein_coding|	2080	CCCCT	64.91758620689654	1.4767241379310343	0.006595517241379309	0.12689655172413794	65.18	1.4144999999999999	0.004484999999999999	-0.2866066966516742
ENST00000327044.7|ENSG00000188976.11|OTTHUMG00000040720.2|OTTHUMT00000097869.2|NOC2L-201|NOC2L|2757|protein_coding|	2081	CCCTG	75.39547619047619	2.997073170731707	0.004639512195121951	1.219285714285714	76.23	3.0155000000000003	0.00432	0.27535028541774753
ENST00000327044.7|ENSG00000188976.11|OTTHUMG00000040720.2|OTTHUMT00000097869.2|NOC2L-201|NOC2L|2757|protein_coding|	2082	CCTGA	92.79895833333335	2.7828000000000004	0.006533936170212766	-0.02	93.8	2.63	0.00498	-0.02357894736842095
ENST00000327044.7|ENSG00000188976.11|OTTHUMG00000040720.2|OTTHUMT00000097869.2|NOC2L-201|NOC2L|2757|protein_coding|	2083	CTGAG	107.1742	5.07272	0.006030000000000001	0.19879999999999998	109.58000000000001	4.739	0.00465	0.12978173719376393
ENST00000327044.7|ENSG00000188976.11|OTTHUMG00000040720.2|OTTHUMT00000097869.2|NOC2L-201|NOC2L|2757|protein_coding|	2084	TGAGC	115.28027777777778	4.366297297297297	0.004751428571428571	-0.36472222222222217	115.39	3.396	0.00432	-0.23263667885812003
ENST00000327044.7|ENSG00000188976.11|OTTHUMG00000040720.2|OTTHUMT00000097869.2|NOC2L-201|NOC2L|2757|protein_coding|	2085	GAGCA	107.77548913043479	4.068331550802139	0.006159782608695653	0.33	108.06	3.562	0.00398	0.34712965258348966
ENST00000327044.7|ENSG00000188976.11|OTTHUMG00000040720.2|OTTHUMT00000097869.2|NOC2L-201|NOC2L|2757|protein_coding|	2086	AGCAC	115.11611764705881	3.7293604651162795	0.0071795180722891575	-0.325	115.285	3.4475	0.00598	-0.03384443908904673
ENST00000327044.7|ENSG00000188976.11|OTTHUMG00000040720.2|OTTHUMT00000097869.2|NOC2L-201|NOC2L|2757|protein_coding|	2087	GCACT	75.68169491525425	2.9734833333333333	0.006416885245901638	0.21	77.17	2.509	0.00531	0.5816400709219859
ENST00000327044.7|ENSG00000188976.11|OTTHUMG00000040720.2|OTTHUMT00000097869.2|NOC2L-201|NOC2L|2757|protein_coding|	2088	CACTC	85.94951219512195	1.5215853658536582	0.005799262295081968	0.19	86.0	1.465	0.00465	-0.4426427231305281
ENST00000327044.7|ENSG00000188976.11|OTTHUMG00000040720.2|OTTHUMT00000097869.2|NOC2L-201|NOC2L|2757|protein_coding|	2089	ACTCG	76.9322807017544	1.6956000000000002	0.004732881355932203	-0.84	76.98	1.465	0.00398	-0.40505263157894733
ENST00000327044.7|ENSG00000188976.11|OTTHUMG00000040720.2|OTTHUMT00000097869.2|NOC2L-201|NOC2L|2757|protein_coding|	2090	CTCGG	82.96119999999999	1.7496200000000002	0.004234081632653061	0.24632653061224494	82.99	1.685	0.00365	-0.2392956521739129
ENST00000327044.7|ENSG00000188976.11|OTTHUMG00000040720.2|OTTHUMT00000097869.2|NOC2L-201|NOC2L|2757|protein_coding|	2091	TCGGC	94.66787234042553	2.963851063829787	0.0053261702127659575	0.565	96.39	2.886	0.004815	-0.40484918396992237
ENST00000327044.7|ENSG00000188976.11|OTTHUMG00000040720.2|OTTHUMT00000097869.2|NOC2L-201|NOC2L|2757|protein_coding|	2092	CGGCA	107.00245283018864	3.442759259259259	0.006573333333333333	0.35	107.33	2.873	0.00531	-0.3516460905349794
ENST00000327044.7|ENSG00000188976.11|OTTHUMG00000040720.2|OTTHUMT00000097869.2|NOC2L-201|NOC2L|2757|protein_coding|	2093	GGCAT	107.4281690140845	5.455000000000001	0.007271111111111111	0.06	107.9	5.229	0.00598	0.4132124352331609
ENST00000327044.7|ENSG00000188976.11|OTTHUMG00000040720.2|OTTHUMT00000097869.2|NOC2L-201|NOC2L|2757|protein_coding|	2094	GCATG	81.64616379310347	2.5067086956521742	0.007009649122807018	0.3	81.58	2.525	0.00531	0.1768585425597063
ENST00000327044.7|ENSG00000188976.11|OTTHUMG00000040720.2|OTTHUMT00000097869.2|NOC2L-201|NOC2L|2757|protein_coding|	2095	CATGG	84.75206896551725	3.2052068965517244	0.007231785714285713	-0.18344827586206897	82.25	2.793	0.00564	-0.17178116368172497
ENST00000327044.7|ENSG00000188976.11|OTTHUMG00000040720.2|OTTHUMT00000097869.2|NOC2L-201|NOC2L|2757|protein_coding|	2096	ATGGG	95.00578313253011	3.715433734939758	0.004984268292682927	0.625	96.065	3.6715	0.00432	-0.06881360026572488
ENST00000327044.7|ENSG00000188976.11|OTTHUMG00000040720.2|OTTHUMT00000097869.2|NOC2L-201|NOC2L|2757|protein_coding|	2097	TGGGG	111.51530612244898	4.317775510204082	0.006099999999999999	0.265	112.455	4.346	0.005145	0.06611740992693382
ENST00000327044.7|ENSG00000188976.11|OTTHUMG00000040720.2|OTTHUMT00000097869.2|NOC2L-201|NOC2L|2757|protein_coding|	2098	GGGGT	113.33607142857143	5.68248275862069	0.008517586206896553	0.0	113.83	5.344	0.00631	0.40308216262239266
ENST00000327044.7|ENSG00000188976.11|OTTHUMG00000040720.2|OTTHUMT00000097869.2|NOC2L-201|NOC2L|2757|protein_coding|	2099	GGGTG	116.05409523809523	4.602790476190476	0.007514554455445544	0.07	115.96	4.566	0.00498	0.3658131976826338
ENST00000327044.7|ENSG00000188976.11|OTTHUMG00000040720.2|OTTHUMT00000097869.2|NOC2L-201|NOC2L|2757|protein_coding|	2100	GGTGG	89.96380952380953	6.932166666666667	0.005538048780487805	-0.09	96.08	6.695	0.004815	inf
ENST00000327044.7|ENSG00000188976.11|OTTHUMG00000040720.2|OTTHUMT00000097869.2|NOC2L-201|NOC2L|2757|protein_coding|	2101	GTGGA	101.77307692307694	5.3972500000000005	0.005926477272727273	-0.27	102.225	3.9659999999999997	0.00432	0.3526942355889725
ENST00000327044.7|ENSG00000188976.11|OTTHUMG00000040720.2|OTTHUMT00000097869.2|NOC2L-201|NOC2L|2757|protein_coding|	2102	TGGAA	120.25726315789476	3.469063157894737	0.006830869565217391	-0.25	119.185	3.287	0.00498	0.09434169018761424
ENST00000327044.7|ENSG00000188976.11|OTTHUMG00000040720.2|OTTHUMT00000097869.2|NOC2L-201|NOC2L|2757|protein_coding|	2103	GGAAG	116.28638888888888	5.53075	0.006117714285714285	0.06416666666666665	115.6	5.737500000000001	0.00432	-0.005260791366906355
ENST00000327044.7|ENSG00000188976.11|OTTHUMG00000040720.2|OTTHUMT00000097869.2|NOC2L-201|NOC2L|2757|protein_coding|	2104	GAAGA	104.37222222222222	6.180478260869564	0.008632222222222222	-0.37	103.30000000000001	6.132	0.007135	0.5222852859284642
ENST00000327044.7|ENSG00000188976.11|OTTHUMG00000040720.2|OTTHUMT00000097869.2|NOC2L-201|NOC2L|2757|protein_coding|	2105	AAGAC	120.178125	5.472787878787879	0.006086363636363636	0.245	121.37	5.2355	0.004815	-0.06766816374993542
ENST00000327044.7|ENSG00000188976.11|OTTHUMG00000040720.2|OTTHUMT00000097869.2|NOC2L-201|NOC2L|2757|protein_coding|	2106	AGACG	129.36428571428573	4.4828730158730155	0.006003064516129032	0.31	128.85	3.6645000000000003	0.00465	-0.06411836829373373
ENST00000327044.7|ENSG00000188976.11|OTTHUMG00000040720.2|OTTHUMT00000097869.2|NOC2L-201|NOC2L|2757|protein_coding|	2107	GACGA	74.93715116279068	3.437653179190751	0.008208294117647058	0.065	75.35	3.4025	0.00664	inf
ENST00000327044.7|ENSG00000188976.11|OTTHUMG00000040720.2|OTTHUMT00000097869.2|NOC2L-201|NOC2L|2757|protein_coding|	2108	ACGAT	84.74666666666667	3.684464646464647	0.0064131914893617034	-0.7	83.6	3.785	0.00465	-0.07657527657527652
ENST00000327044.7|ENSG00000188976.11|OTTHUMG00000040720.2|OTTHUMT00000097869.2|NOC2L-201|NOC2L|2757|protein_coding|	2109	CGATG	113.70170454545455	7.575022988505748	0.005583614457831326	0.07500000000000001	114.61	7.6805	0.00432	0.4852986251972056
ENST00000327044.7|ENSG00000188976.11|OTTHUMG00000040720.2|OTTHUMT00000097869.2|NOC2L-201|NOC2L|2757|protein_coding|	2110	GATGA	77.5318382352941	3.3164744525547443	0.007984710144927534	-0.425	77.215	3.218	0.00631	-0.14302985722099634
ENST00000327044.7|ENSG00000188976.11|OTTHUMG00000040720.2|OTTHUMT00000097869.2|NOC2L-201|NOC2L|2757|protein_coding|	2111	ATGAA	93.4234210526316	3.897946666666667	0.004873466666666666	-0.19	93.27	3.621	0.00432	-0.1318604305864885
ENST00000327044.7|ENSG00000188976.11|OTTHUMG00000040720.2|OTTHUMT00000097869.2|NOC2L-201|NOC2L|2757|protein_coding|	2112	TGAAG	114.41022222222222	6.34695652173913	0.007517777777777779	-0.015	114.275	6.4805	0.00581	0.14153894275883636
ENST00000327044.7|ENSG00000188976.11|OTTHUMG00000040720.2|OTTHUMT00000097869.2|NOC2L-201|NOC2L|2757|protein_coding|	2113	GAAGA	106.0080808080808	5.566479591836735	0.007211702127659574	0.1090909090909091	106.48	5.702	0.00564	0.37105408665929457
ENST00000327044.7|ENSG00000188976.11|OTTHUMG00000040720.2|OTTHUMT00000097869.2|NOC2L-201|NOC2L|2757|protein_coding|	2114	AAGAG	119.01129032258066	6.057112903225806	0.007563833333333333	-0.445	118.61	5.5145	0.00581	0.03187613342858707
ENST00000327044.7|ENSG00000188976.11|OTTHUMG00000040720.2|OTTHUMT00000097869.2|NOC2L-201|NOC2L|2757|protein_coding|	2115	AGAGG	126.02729927007297	6.186043795620439	0.006315190839694655	0.4	126.19	6.226	0.00465	0.08717817146229143
ENST00000327044.7|ENSG00000188976.11|OTTHUMG00000040720.2|OTTHUMT00000097869.2|NOC2L-201|NOC2L|2757|protein_coding|	2116	GAGGA	112.30514285714287	7.297428571428571	0.005418823529411764	-0.03428571428571429	110.93	7.631	0.00432	-0.0692055393586006
ENST00000327044.7|ENSG00000188976.11|OTTHUMG00000040720.2|OTTHUMT00000097869.2|NOC2L-201|NOC2L|2757|protein_coding|	2117	AGGAC	115.91847328244275	6.8021666666666665	0.008545314960629921	0.23	116.84	6.841	0.00697	1.1457939011566771
ENST00000327044.7|ENSG00000188976.11|OTTHUMG00000040720.2|OTTHUMT00000097869.2|NOC2L-201|NOC2L|2757|protein_coding|	2118	GGACG	122.51666666666667	6.253315315315316	0.006422523364485982	0.42	122.97	6.373	0.00498	0.3054938027798154
ENST00000327044.7|ENSG00000188976.11|OTTHUMG00000040720.2|OTTHUMT00000097869.2|NOC2L-201|NOC2L|2757|protein_coding|	2119	GACGA	73.78153846153846	3.532395604395604	0.006319101123595506	-0.4730769230769231	73.53	3.413	0.00531	0.11081622779735968
ENST00000327044.7|ENSG00000188976.11|OTTHUMG00000040720.2|OTTHUMT00000097869.2|NOC2L-201|NOC2L|2757|protein_coding|	2120	ACGAG	81.72567567567567	4.011972222222222	0.007184722222222222	-0.49027027027027037	79.31	3.913	0.00664	0.005506822612085674
ENST00000327044.7|ENSG00000188976.11|OTTHUMG00000040720.2|OTTHUMT00000097869.2|NOC2L-201|NOC2L|2757|protein_coding|	2121	CGAGG	109.90358208955224	7.29410294117647	0.008143787878787877	-0.16	109.61	7.587	0.0073	0.2819161583789928
ENST00000327044.7|ENSG00000188976.11|OTTHUMG00000040720.2|OTTHUMT00000097869.2|NOC2L-201|NOC2L|2757|protein_coding|	2122	GAGGA	107.23719999999999	6.130925925925927	0.0047408	-0.6	105.71	6.322	0.00465	-0.21799414210128487
ENST00000327044.7|ENSG00000188976.11|OTTHUMG00000040720.2|OTTHUMT00000097869.2|NOC2L-201|NOC2L|2757|protein_coding|	2123	AGGAG	115.8011214953271	5.833317757009348	0.0071825	-0.2157943925233645	115.17	5.881	0.00598	0.8401633302868605
ENST00000327044.7|ENSG00000188976.11|OTTHUMG00000040720.2|OTTHUMT00000097869.2|NOC2L-201|NOC2L|2757|protein_coding|	2124	GGAGG	111.95431034482756	6.796362068965516	0.006314181818181817	-0.3410344827586207	111.41	7.156000000000001	0.00498	0.1944397309253982
ENST00000327044.7|ENSG00000188976.11|OTTHUMG00000040720.2|OTTHUMT00000097869.2|NOC2L-201|NOC2L|2757|protein_coding|	2125	GAGGA	104.36939393939393	6.744272727272727	0.00463625	-0.8384848484848484	105.04	6.287	0.00299	-0.13976113172541746
ENST00000327044.7|ENSG00000188976.11|OTTHUMG00000040720.2|OTTHUMT00000097869.2|NOC2L-201|NOC2L|2757|protein_coding|	2126	AGGAG	116.01684684684686	5.858883928571428	0.007662727272727273	-0.29	115.06	5.941	0.00598	0.84822836863452
ENST00000327044.7|ENSG00000188976.11|OTTHUMG00000040720.2|OTTHUMT00000097869.2|NOC2L-201|NOC2L|2757|protein_coding|	2127	GGAGG	110.73233333333332	6.201483870967741	0.006783666666666664	-0.4983333333333333	110.22	6.47	0.00332	0.08989171721752912
ENST00000327044.7|ENSG00000188976.11|OTTHUMG00000040720.2|OTTHUMT00000097869.2|NOC2L-201|NOC2L|2757|protein_coding|	2128	GAGGG	104.73999999999998	5.053863636363636	0.005417272727272727	-0.25	107.18	5.061	0.00332	-0.3553745361781076
ENST00000327044.7|ENSG00000188976.11|OTTHUMG00000040720.2|OTTHUMT00000097869.2|NOC2L-201|NOC2L|2757|protein_coding|	2129	AGGGC	114.99709302325586	6.629505617977529	0.008573953488372093	-0.28	114.43	6.713	0.00598	0.636914967401859
ENST00000327044.7|ENSG00000188976.11|OTTHUMG00000040720.2|OTTHUMT00000097869.2|NOC2L-201|NOC2L|2757|protein_coding|	2130	GGGCG	109.15269999999998	7.15269	0.0079059793814433	0.12859999999999996	108.71000000000001	7.15	0.005475	0.34702259887005654
ENST00000327044.7|ENSG00000188976.11|OTTHUMG00000040720.2|OTTHUMT00000097869.2|NOC2L-201|NOC2L|2757|protein_coding|	2131	GGCGA	87.10238095238095	7.6858571428571425	0.006902258064516128	-0.53	85.7	7.703	0.00564	-0.08392644304444076
ENST00000327044.7|ENSG00000188976.11|OTTHUMG00000040720.2|OTTHUMT00000097869.2|NOC2L-201|NOC2L|2757|protein_coding|	2132	GCGAG	89.2643023255814	3.089126506024096	0.006628197674418605	-0.175	89.22999999999999	3.0380000000000003	0.00465	-0.225782830570402
ENST00000327044.7|ENSG00000188976.11|OTTHUMG00000040720.2|OTTHUMT00000097869.2|NOC2L-201|NOC2L|2757|protein_coding|	2133	CGAGG	110.37689655172413	6.2017303370786525	0.00719593023255814	-0.09	110.11	5.869	0.00531	0.08993503287849773
ENST00000327044.7|ENSG00000188976.11|OTTHUMG00000040720.2|OTTHUMT00000097869.2|NOC2L-201|NOC2L|2757|protein_coding|	2134	GAGGA	112.29461538461538	5.886000000000001	0.003998333333333333	-0.04153846153846152	108.22999999999999	6.321	0.00266	-0.24923469387755087
ENST00000327044.7|ENSG00000188976.11|OTTHUMG00000040720.2|OTTHUMT00000097869.2|NOC2L-201|NOC2L|2757|protein_coding|	2135	AGGAG	116.1503738317757	5.90387962962963	0.0061621904761904765	-0.16999999999999998	115.805	6.013999999999999	0.00432	0.8624225960976751
ENST00000327044.7|ENSG00000188976.11|OTTHUMG00000040720.2|OTTHUMT00000097869.2|NOC2L-201|NOC2L|2757|protein_coding|	2136	GGAGG	113.63843750000001	6.9229062500000005	0.007026065573770491	-0.10203125	110.655	7.1355	0.00465	0.21667948154657293
ENST00000327044.7|ENSG00000188976.11|OTTHUMG00000040720.2|OTTHUMT00000097869.2|NOC2L-201|NOC2L|2757|protein_coding|	2137	GAGGA	104.71514285714287	5.8253055555555555	0.004413529411764706	-0.7802857142857144	104.86	5.431	0.00299	-0.25697633219954646
ENST00000327044.7|ENSG00000188976.11|OTTHUMG00000040720.2|OTTHUMT00000097869.2|NOC2L-201|NOC2L|2757|protein_coding|	2138	AGGAC	114.80894941634241	4.8233875968992255	0.0075316269841269835	-0.29	114.67	4.43	0.00598	0.5215733744161595
ENST00000327044.7|ENSG00000188976.11|OTTHUMG00000040720.2|OTTHUMT00000097869.2|NOC2L-201|NOC2L|2757|protein_coding|	2139	GGACA	117.79869565217395	6.871978723404255	0.007163333333333332	0.22	118.39	6.614	0.00631	inf
ENST00000327044.7|ENSG00000188976.11|OTTHUMG00000040720.2|OTTHUMT00000097869.2|NOC2L-201|NOC2L|2757|protein_coding|	2140	GACAG	81.5674418604651	2.6577616822429904	0.006199669811320756	0.12	81.43	2.453	0.00498	-0.16422588608711
ENST00000327044.7|ENSG00000188976.11|OTTHUMG00000040720.2|OTTHUMT00000097869.2|NOC2L-201|NOC2L|2757|protein_coding|	2141	ACAGC	88.24409836065574	3.4268870967741942	0.0060143333333333325	0.06803278688524589	87.8	3.149	0.00498	-0.3267412383547752
ENST00000327044.7|ENSG00000188976.11|OTTHUMG00000040720.2|OTTHUMT00000097869.2|NOC2L-201|NOC2L|2757|protein_coding|	2142	CAGCA	108.5569956140351	4.969158695652174	0.007318542600896861	0.16	108.84	3.997	0.00564	0.6454167866397928
ENST00000327044.7|ENSG00000188976.11|OTTHUMG00000040720.2|OTTHUMT00000097869.2|NOC2L-201|NOC2L|2757|protein_coding|	2143	AGCAG	112.61179104477613	4.675243902439025	0.007954504950495048	0.115	112.42	4.2669999999999995	0.00581	0.21120308353342618
ENST00000327044.7|ENSG00000188976.11|OTTHUMG00000040720.2|OTTHUMT00000097869.2|NOC2L-201|NOC2L|2757|protein_coding|	2144	GCAGC	90.72881118881119	2.8357183098591547	0.005752222222222222	0.2	90.35499999999999	2.711	0.00432	-0.44288441849525445
ENST00000327044.7|ENSG00000188976.11|OTTHUMG00000040720.2|OTTHUMT00000097869.2|NOC2L-201|NOC2L|2757|protein_coding|	2145	CAGCA	109.51305555555555	3.393152542372881	0.005819887005649719	0.3198333333333333	109.785	3.0054999999999996	0.00465	0.12356044449433146
ENST00000327044.7|ENSG00000188976.11|OTTHUMG00000040720.2|OTTHUMT00000097869.2|NOC2L-201|NOC2L|2757|protein_coding|	2146	AGCAA	116.1274647887324	4.581102325581395	0.007587761904761905	0.08499999999999999	115.545	3.9515000000000002	0.00631	0.18681407398481745
ENST00000327044.7|ENSG00000188976.11|OTTHUMG00000040720.2|OTTHUMT00000097869.2|NOC2L-201|NOC2L|2757|protein_coding|	2147	GCAAC	83.81123595505618	3.2676521739130435	0.006072043010752688	1.0950000000000002	85.855	2.5925000000000002	0.00465	inf
ENST00000327044.7|ENSG00000188976.11|OTTHUMG00000040720.2|OTTHUMT00000097869.2|NOC2L-201|NOC2L|2757|protein_coding|	2148	CAACT	98.43354166666666	2.690654639175258	0.006424397905759162	0.56	98.165	2.1615	0.004815	-0.2201001045868818
ENST00000327044.7|ENSG00000188976.11|OTTHUMG00000040720.2|OTTHUMT00000097869.2|NOC2L-201|NOC2L|2757|protein_coding|	2149	AACTC	92.6616842105263	2.3885135135135136	0.005990160427807487	-0.07	92.05000000000001	2.0300000000000002	0.00465	-0.12508662508662505
ENST00000327044.7|ENSG00000188976.11|OTTHUMG00000040720.2|OTTHUMT00000097869.2|NOC2L-201|NOC2L|2757|protein_coding|	2150	ACTCG	80.9981818181818	2.002159090909091	0.005802045454545454	-0.055	80.10499999999999	1.9015	0.00498	-0.2974880382775119
ENST00000327044.7|ENSG00000188976.11|OTTHUMG00000040720.2|OTTHUMT00000097869.2|NOC2L-201|NOC2L|2757|protein_coding|	2151	CTCGG	82.98433333333332	1.8472416666666664	0.006710940170940172	0.155	82.85	1.7814999999999999	0.00498	-0.19685144927536236
ENST00000327044.7|ENSG00000188976.11|OTTHUMG00000040720.2|OTTHUMT00000097869.2|NOC2L-201|NOC2L|2757|protein_coding|	2152	TCGGA	103.13691588785048	3.9193831775700936	0.0054991262135922325	0.185	103.285	4.037	0.00465	-0.21297526554817406
ENST00000327044.7|ENSG00000188976.11|OTTHUMG00000040720.2|OTTHUMT00000097869.2|NOC2L-201|NOC2L|2757|protein_coding|	2153	CGGAG	123.08013157894737	3.31516	0.006358791946308725	0.037697368421052625	123.595	3.207	0.00531	0.04579179810725558
ENST00000327044.7|ENSG00000188976.11|OTTHUMG00000040720.2|OTTHUMT00000097869.2|NOC2L-201|NOC2L|2757|protein_coding|	2154	GGAGG	115.5935593220339	5.749516666666667	0.0063752542372881365	0.24	115.69	5.963	0.00498	0.010459871118922007
ENST00000327044.7|ENSG00000188976.11|OTTHUMG00000040720.2|OTTHUMT00000097869.2|NOC2L-201|NOC2L|2757|protein_coding|	2155	GAGGA	106.075	4.548228070175439	0.006696379310344828	-0.56	106.76	4.364	0.00465	-0.41986886860007155
ENST00000327044.7|ENSG00000188976.11|OTTHUMG00000040720.2|OTTHUMT00000097869.2|NOC2L-201|NOC2L|2757|protein_coding|	2156	AGGAT	121.00461538461542	5.380684210526315	0.00694092105263158	0.225	121.28	5.198	0.00531	0.6973767225635064
ENST00000327044.7|ENSG00000188976.11|OTTHUMG00000040720.2|OTTHUMT00000097869.2|NOC2L-201|NOC2L|2757|protein_coding|	2157	GGATG	124.75825581395348	5.913255813953489	0.0065674698795180715	0.1	126.36	5.176	0.00465	0.15946192430460576
ENST00000327044.7|ENSG00000188976.11|OTTHUMG00000040720.2|OTTHUMT00000097869.2|NOC2L-201|NOC2L|2757|protein_coding|	2158	GATGG	84.53999999999999	4.800151898734177	0.005492911392405062	0.22	83.78	4.672	0.00432	0.2403493278382887
ENST00000327044.7|ENSG00000188976.11|OTTHUMG00000040720.2|OTTHUMT00000097869.2|NOC2L-201|NOC2L|2757|protein_coding|	2159	ATGGA	100.69155	4.781272727272727	0.0059409844559585485	-0.02219999999999997	101.83500000000001	4.6295	0.00498	0.19831396673501922
ENST00000327044.7|ENSG00000188976.11|OTTHUMG00000040720.2|OTTHUMT00000097869.2|NOC2L-201|NOC2L|2757|protein_coding|	2160	TGGAG	121.17986301369865	3.496406896551724	0.006809580419580419	0.36	121.46	3.357	0.00598	0.10296747525290977
ENST00000327044.7|ENSG00000188976.11|OTTHUMG00000040720.2|OTTHUMT00000097869.2|NOC2L-201|NOC2L|2757|protein_coding|	2161	GGAGA	113.92021276595744	5.659000000000001	0.0052969565217391296	-0.88	112.06	5.4	0.00398	inf
ENST00000327044.7|ENSG00000188976.11|OTTHUMG00000040720.2|OTTHUMT00000097869.2|NOC2L-201|NOC2L|2757|protein_coding|	2162	GAGAC	122.9815625	3.709870967741935	0.00692	0.25	124.56	3.647	0.00531	-0.3679947244051218
ENST00000327044.7|ENSG00000188976.11|OTTHUMG00000040720.2|OTTHUMT00000097869.2|NOC2L-201|NOC2L|2757|protein_coding|	2163	AGACC	127.94118421052633	3.9577402597402602	0.00922397435897436	0.62	128.89	3.211	0.00797	-0.1737494238538079
ENST00000327044.7|ENSG00000188976.11|OTTHUMG00000040720.2|OTTHUMT00000097869.2|NOC2L-201|NOC2L|2757|protein_coding|	2164	GACCC	80.54583333333333	3.2908061224489797	0.006335360824742269	0.4	80.405	2.6345	0.004815	0.17110538165444117
ENST00000327044.7|ENSG00000188976.11|OTTHUMG00000040720.2|OTTHUMT00000097869.2|NOC2L-201|NOC2L|2757|protein_coding|	2165	ACCCA	66.43953846153846	1.8845873015873018	0.00531140625	0.515	67.375	1.4865	0.00432	-0.08957135189019229
ENST00000327044.7|ENSG00000188976.11|OTTHUMG00000040720.2|OTTHUMT00000097869.2|NOC2L-201|NOC2L|2757|protein_coding|	2166	CCCAG	71.8403125	2.3950793650793654	0.005068730158730158	0.04	72.08	2.073	0.00398	0.1351087038290832
ENST00000327044.7|ENSG00000188976.11|OTTHUMG00000040720.2|OTTHUMT00000097869.2|NOC2L-201|NOC2L|2757|protein_coding|	2167	CCAGA	74.41655737704917	3.4379000000000004	0.006047499999999999	0.23	76.85	3.103	0.00498	-0.3245776031434184
ENST00000327044.7|ENSG00000188976.11|OTTHUMG00000040720.2|OTTHUMT00000097869.2|NOC2L-201|NOC2L|2757|protein_coding|	2168	CAGAC	107.13628099173553	4.970975206611571	0.006854672131147542	0.275	108.70500000000001	5.076499999999999	0.005145	-0.15315584214453654
ENST00000327044.7|ENSG00000188976.11|OTTHUMG00000040720.2|OTTHUMT00000097869.2|NOC2L-201|NOC2L|2757|protein_coding|	2169	AGACG	129.02078212290505	4.01970652173913	0.00713903743315508	0.69	130.68	2.809	0.00531	-0.16081283470999366
ENST00000327044.7|ENSG00000188976.11|OTTHUMG00000040720.2|OTTHUMT00000097869.2|NOC2L-201|NOC2L|2757|protein_coding|	2170	GACGC	71.59567796610169	3.7954873949579833	0.006714396551724139	-0.11	72.15	3.272	0.006144999999999999	0.193549495269806
ENST00000327044.7|ENSG00000188976.11|OTTHUMG00000040720.2|OTTHUMT00000097869.2|NOC2L-201|NOC2L|2757|protein_coding|	2171	ACGCA	76.05551724137932	3.256431034482759	0.007344035087719299	-0.08637931034482758	76.25	3.018	0.00598	0.2524734748010611
ENST00000327044.7|ENSG00000188976.11|OTTHUMG00000040720.2|OTTHUMT00000097869.2|NOC2L-201|NOC2L|2757|protein_coding|	2172	CGCAG	97.96811320754718	4.169563636363637	0.00527377358490566	0.38	98.69	4.202	0.00398	0.08019783325482817
ENST00000327044.7|ENSG00000188976.11|OTTHUMG00000040720.2|OTTHUMT00000097869.2|NOC2L-201|NOC2L|2757|protein_coding|	2173	GCAGA	101.3430303030303	5.03946875	0.005221212121212121	0.21	101.405	5.1505	0.00432	-0.009927554027504852
ENST00000327044.7|ENSG00000188976.11|OTTHUMG00000040720.2|OTTHUMT00000097869.2|NOC2L-201|NOC2L|2757|protein_coding|	2174	CAGAG	108.74301587301586	4.478721311475411	0.005643548387096773	0.26206349206349205	107.88	4.336	0.00465	-0.23701510877761314
ENST00000327044.7|ENSG00000188976.11|OTTHUMG00000040720.2|OTTHUMT00000097869.2|NOC2L-201|NOC2L|2757|protein_coding|	2175	AGAGG	129.27010869565217	5.042102150537634	0.0070705405405405404	0.91	129.695	4.188	0.00564	-0.11386605438705916
ENST00000327044.7|ENSG00000188976.11|OTTHUMG00000040720.2|OTTHUMT00000097869.2|NOC2L-201|NOC2L|2757|protein_coding|	2176	GAGGC	114.14576923076923	8.137653846153846	0.006546399999999999	0.07500000000000001	114.685	7.5009999999999994	0.00581	0.037966051805337506
ENST00000327044.7|ENSG00000188976.11|OTTHUMG00000040720.2|OTTHUMT00000097869.2|NOC2L-201|NOC2L|2757|protein_coding|	2177	AGGCG	111.85731707317072	7.280999999999999	0.00678125	0.505	114.69	5.9425	0.00498	0.37118644067796597
ENST00000327044.7|ENSG00000188976.11|OTTHUMG00000040720.2|OTTHUMT00000097869.2|NOC2L-201|NOC2L|2757|protein_coding|	2178	GGCGG	100.22121951219513	6.394219512195121	0.00574275	0.315	101.93	5.867	0.005145	-0.2378761010494493
ENST00000327044.7|ENSG00000188976.11|OTTHUMG00000040720.2|OTTHUMT00000097869.2|NOC2L-201|NOC2L|2757|protein_coding|	2179	GCGGG	84.13810344827587	4.159508771929825	0.005212280701754385	-0.33	84.85	3.954	0.00432	-0.16475727471288668
ENST00000327044.7|ENSG00000188976.11|OTTHUMG00000040720.2|OTTHUMT00000097869.2|NOC2L-201|NOC2L|2757|protein_coding|	2180	CGGGG	113.1271153846154	5.305403846153846	0.006596037735849057	0.4	114.72	4.135	0.00531	0.3099762583095916
ENST00000327044.7|ENSG00000188976.11|OTTHUMG00000040720.2|OTTHUMT00000097869.2|NOC2L-201|NOC2L|2757|protein_coding|	2181	GGGGC	115.6140506329114	5.225240506329114	0.00656772151898734	0.6	116.18	4.624	0.00498	0.2901828410689171
ENST00000327044.7|ENSG00000188976.11|OTTHUMG00000040720.2|OTTHUMT00000097869.2|NOC2L-201|NOC2L|2757|protein_coding|	2182	GGGCT	114.9485294117647	7.8398985507246355	0.006961940298507463	0.4	115.92	7.338	0.00465	0.47644040503288815
ENST00000327044.7|ENSG00000188976.11|OTTHUMG00000040720.2|OTTHUMT00000097869.2|NOC2L-201|NOC2L|2757|protein_coding|	2183	GGCTG	109.1247777777778	6.183533333333334	0.008587191011235956	-0.55	108.66	5.964499999999999	0.00631	0.7418403755868548
ENST00000327044.7|ENSG00000188976.11|OTTHUMG00000040720.2|OTTHUMT00000097869.2|NOC2L-201|NOC2L|2757|protein_coding|	2184	GCTGG	83.71887096774194	2.7019347826086952	0.006502287234042554	-0.67	82.97	2.2475	0.00498	-0.05195270785659819
ENST00000327044.7|ENSG00000188976.11|OTTHUMG00000040720.2|OTTHUMT00000097869.2|NOC2L-201|NOC2L|2757|protein_coding|	2185	CTGGC	100.15236842105261	4.285597402597402	0.006569333333333332	-0.425	99.935	4.353	0.00531	0.07408456205448659
ENST00000327044.7|ENSG00000188976.11|OTTHUMG00000040720.2|OTTHUMT00000097869.2|NOC2L-201|NOC2L|2757|protein_coding|	2186	TGGCC	98.62058823529412	3.8830312499999997	0.005834545454545455	-0.575	98.89	3.6319999999999997	0.00415	-0.26873234463276835
ENST00000327044.7|ENSG00000188976.11|OTTHUMG00000040720.2|OTTHUMT00000097869.2|NOC2L-201|NOC2L|2757|protein_coding|	2187	GGCCC	105.23266949152544	3.920837606837607	0.008395414847161572	0.02	105.18	3.9645	0.00664	0.19174395344608114
ENST00000327044.7|ENSG00000188976.11|OTTHUMG00000040720.2|OTTHUMT00000097869.2|NOC2L-201|NOC2L|2757|protein_coding|	2188	GCCCC	66.91684210526316	2.2132368421052626	0.0062050000000000004	0.62	66.52	1.553	0.00498	0.0691965420798371
ENST00000327044.7|ENSG00000188976.11|OTTHUMG00000040720.2|OTTHUMT00000097869.2|NOC2L-201|NOC2L|2757|protein_coding|	2189	CCCCT	66.06021276595746	1.3277234042553192	0.005424893617021276	0.5540425531914894	66.59	1.198	0.005145	-0.35858772741288925
ENST00000327044.7|ENSG00000188976.11|OTTHUMG00000040720.2|OTTHUMT00000097869.2|NOC2L-201|NOC2L|2757|protein_coding|	2190	CCCTG	72.28815789473684	1.9242972972972971	0.004806036036036037	0.21105263157894735	72.25	1.6789999999999998	0.00398	-0.18115008625646933
ENST00000327044.7|ENSG00000188976.11|OTTHUMG00000040720.2|OTTHUMT00000097869.2|NOC2L-201|NOC2L|2757|protein_coding|	2191	CCTGG	90.23798994974875	2.352347394540943	0.006309494949494949	0.5432493702770781	90.405	2.331	0.00498	-0.1746149492838797
ENST00000327044.7|ENSG00000188976.11|OTTHUMG00000040720.2|OTTHUMT00000097869.2|NOC2L-201|NOC2L|2757|protein_coding|	2192	CTGGG	103.24824324324324	2.3380675675675677	0.0059164827586206895	0.48	104.19	2.28	0.00498	-0.4140181534918377
ENST00000327044.7|ENSG00000188976.11|OTTHUMG00000040720.2|OTTHUMT00000097869.2|NOC2L-201|NOC2L|2757|protein_coding|	2193	TGGGG	110.58619047619047	3.260238095238096	0.005693166666666666	-0.18587301587301588	109.58	2.935	0.00465	-0.1950029394473837
ENST00000327044.7|ENSG00000188976.11|OTTHUMG00000040720.2|OTTHUMT00000097869.2|NOC2L-201|NOC2L|2757|protein_coding|	2194	GGGGA	114.91852760736197	4.145896969696969	0.007490312500000001	0.04	114.99	4.219	0.00598	0.023678264122708542
ENST00000327044.7|ENSG00000188976.11|OTTHUMG00000040720.2|OTTHUMT00000097869.2|NOC2L-201|NOC2L|2757|protein_coding|	2195	GGGAG	121.848	4.083904347826087	0.0067022321428571435	0.53	122.33000000000001	3.5805	0.00531	0.2882979015224248
ENST00000327044.7|ENSG00000188976.11|OTTHUMG00000040720.2|OTTHUMT00000097869.2|NOC2L-201|NOC2L|2757|protein_coding|	2196	GGAGC	126.33895522388059	5.264927536231885	0.005356119402985074	0.6988059701492537	127.27	4.919	0.00498	-0.07470517816662839
ENST00000327044.7|ENSG00000188976.11|OTTHUMG00000040720.2|OTTHUMT00000097869.2|NOC2L-201|NOC2L|2757|protein_coding|	2197	GAGCT	113.18013422818792	3.779402684563759	0.008281891891891891	0.33	113.24	3.392	0.00631	0.2514578425707812
ENST00000327044.7|ENSG00000188976.11|OTTHUMG00000040720.2|OTTHUMT00000097869.2|NOC2L-201|NOC2L|2757|protein_coding|	2198	AGCTG	118.88550724637683	3.060159420289855	0.007172376237623762	0.16	118.11	2.896	0.00564	-0.13798326189018165
ENST00000327044.7|ENSG00000188976.11|OTTHUMG00000040720.2|OTTHUMT00000097869.2|NOC2L-201|NOC2L|2757|protein_coding|	2199	GCTGC	86.00274193548387	4.1500634920634925	0.006217096774193547	0.6699999999999999	85.83	4.5135	0.005475	0.4561626287942078
ENST00000327044.7|ENSG00000188976.11|OTTHUMG00000040720.2|OTTHUMT00000097869.2|NOC2L-201|NOC2L|2757|protein_coding|	2200	CTGCA	94.90048387096776	3.374064516129032	0.006166721311475409	0.0	94.74	2.86	0.00498	0.07797588374729465
ENST00000327044.7|ENSG00000188976.11|OTTHUMG00000040720.2|OTTHUMT00000097869.2|NOC2L-201|NOC2L|2757|protein_coding|	2201	TGCAG	105.43399999999998	5.233739130434782	0.00739	0.49	105.545	5.5595	0.005475	0.3558909664338814
ENST00000327044.7|ENSG00000188976.11|OTTHUMG00000040720.2|OTTHUMT00000097869.2|NOC2L-201|NOC2L|2757|protein_coding|	2202	GCAGC	81.295	4.3542318840579695	0.005038088235294117	0.75	90.155	3.6505	0.00398	inf
ENST00000327044.7|ENSG00000188976.11|OTTHUMG00000040720.2|OTTHUMT00000097869.2|NOC2L-201|NOC2L|2757|protein_coding|	2203	CAGCA	108.84794871794871	4.175552631578947	0.005600789473684209	0.35	109.61	3.906	0.00432	0.3826333217148831
ENST00000327044.7|ENSG00000188976.11|OTTHUMG00000040720.2|OTTHUMT00000097869.2|NOC2L-201|NOC2L|2757|protein_coding|	2204	AGCAG	117.29183333333333	2.9852960893854745	0.005098068181818182	0.88	116.78	2.872	0.00398	-0.22660723072915165
ENST00000327044.7|ENSG00000188976.11|OTTHUMG00000040720.2|OTTHUMT00000097869.2|NOC2L-201|NOC2L|2757|protein_coding|	2205	GCAGC	92.36956140350877	3.704543859649123	0.006624954954954956	0.6	93.485	3.4859999999999998	0.00564	-0.2721917761003687
ENST00000327044.7|ENSG00000188976.11|OTTHUMG00000040720.2|OTTHUMT00000097869.2|NOC2L-201|NOC2L|2757|protein_coding|	2206	CAGCT	113.40546666666668	3.46016	0.006325945945945946	0.395	113.54499999999999	3.1239999999999997	0.00465	0.14574834437086095
ENST00000327044.7|ENSG00000188976.11|OTTHUMG00000040720.2|OTTHUMT00000097869.2|NOC2L-201|NOC2L|2757|protein_coding|	2207	AGCTG	119.52004273504274	3.7135907172995783	0.0054767088607594935	0.43	119.28	3.478	0.00432	0.04608189219706438
ENST00000327044.7|ENSG00000188976.11|OTTHUMG00000040720.2|OTTHUMT00000097869.2|NOC2L-201|NOC2L|2757|protein_coding|	2208	GCTGG	84.78520408163266	2.970632653061224	0.006253673469387755	-0.16	84.11	2.5515	0.00498	0.04232724668814871
ENST00000327044.7|ENSG00000188976.11|OTTHUMG00000040720.2|OTTHUMT00000097869.2|NOC2L-201|NOC2L|2757|protein_coding|	2209	CTGGC	101.38032520325204	4.6814296875	0.0066020161290322584	0.10500000000000001	102.59	4.7620000000000005	0.00531	0.17329064849624046
ENST00000327044.7|ENSG00000188976.11|OTTHUMG00000040720.2|OTTHUMT00000097869.2|NOC2L-201|NOC2L|2757|protein_coding|	2210	TGGCC	104.10754716981131	4.26323076923077	0.0050990566037735835	0.07	103.995	4.2005	0.00415	-0.19713168187744443
ENST00000327044.7|ENSG00000188976.11|OTTHUMG00000040720.2|OTTHUMT00000097869.2|NOC2L-201|NOC2L|2757|protein_coding|	2211	GGCCC	104.93443298969072	4.54942	0.007345312499999999	-0.035	104.75	4.409000000000001	0.00664	0.38280243161094213
ENST00000327044.7|ENSG00000188976.11|OTTHUMG00000040720.2|OTTHUMT00000097869.2|NOC2L-201|NOC2L|2757|protein_coding|	2212	GCCCA	63.15085470085471	2.3265762711864406	0.005933189655172414	0.05	64.23	1.946	0.00498	0.1239498894620487
ENST00000327044.7|ENSG00000188976.11|OTTHUMG00000040720.2|OTTHUMT00000097869.2|NOC2L-201|NOC2L|2757|protein_coding|	2213	CCCAG	71.65306818181817	3.04789534883721	0.008774418604651162	0.0	71.77	3.089	0.00564	0.4445001653256919
ENST00000327044.7|ENSG00000188976.11|OTTHUMG00000040720.2|OTTHUMT00000097869.2|NOC2L-201|NOC2L|2757|protein_coding|	2214	CCAGG	92.48546875	4.391446153846153	0.006365714285714286	0.05	92.14	4.432	0.00498	-0.13724044128759272
ENST00000327044.7|ENSG00000188976.11|OTTHUMG00000040720.2|OTTHUMT00000097869.2|NOC2L-201|NOC2L|2757|protein_coding|	2215	CAGGG	96.15130434782607	4.985733333333333	0.0054895348837209305	0.65	95.9	4.6715	0.00498	-0.36406462585034016
ENST00000327044.7|ENSG00000188976.11|OTTHUMG00000040720.2|OTTHUMT00000097869.2|NOC2L-201|NOC2L|2757|protein_coding|	2216	AGGGG	113.02556521739132	5.429852173913043	0.006781964285714285	0.195	114.24000000000001	5.336	0.00564	0.3407042404723565
ENST00000327044.7|ENSG00000188976.11|OTTHUMG00000040720.2|OTTHUMT00000097869.2|NOC2L-201|NOC2L|2757|protein_coding|	2217	GGGGC	117.37038216560511	5.516208860759494	0.007749430379746834	0.705	117.61500000000001	5.3575	0.00564	0.36202687919987503
ENST00000327044.7|ENSG00000188976.11|OTTHUMG00000040720.2|OTTHUMT00000097869.2|NOC2L-201|NOC2L|2757|protein_coding|	2218	GGGCC	104.86000000000003	5.4374090909090915	0.005538536585365854	0.265	104.86500000000001	5.4245	0.004815	0.023994179078925034
ENST00000327044.7|ENSG00000188976.11|OTTHUMG00000040720.2|OTTHUMT00000097869.2|NOC2L-201|NOC2L|2757|protein_coding|	2219	GGCCG	104.5132558139535	4.775616279069768	0.007185119047619048	0.095	104.45	5.0365	0.00564	0.45155510002120597
ENST00000327044.7|ENSG00000188976.11|OTTHUMG00000040720.2|OTTHUMT00000097869.2|NOC2L-201|NOC2L|2757|protein_coding|	2220	GCCGG	79.34294871794872	3.738461538461539	0.0074744736842105265	0.991923076923077	79.24	3.568	0.00564	0.34477033757609327
ENST00000327044.7|ENSG00000188976.11|OTTHUMG00000040720.2|OTTHUMT00000097869.2|NOC2L-201|NOC2L|2757|protein_coding|	2221	CCGGA	102.83467213114756	4.8512540983606565	0.007553875000000001	-0.53	102.61	5.0969999999999995	0.00564	-0.025852590690631314
ENST00000327044.7|ENSG00000188976.11|OTTHUMG00000040720.2|OTTHUMT00000097869.2|NOC2L-201|NOC2L|2757|protein_coding|	2222	CGGAG	121.58301369863013	3.5971111111111114	0.007506805555555556	-0.318082191780822	121.6	3.039	0.00631	0.13473536628110772
ENST00000327044.7|ENSG00000188976.11|OTTHUMG00000040720.2|OTTHUMT00000097869.2|NOC2L-201|NOC2L|2757|protein_coding|	2223	GGAGG	113.40636363636365	7.074826666666667	0.007958933333333333	-0.14363636363636365	114.41	6.896	0.00631	0.24337902753368473
ENST00000327044.7|ENSG00000188976.11|OTTHUMG00000040720.2|OTTHUMT00000097869.2|NOC2L-201|NOC2L|2757|protein_coding|	2224	GAGGA	107.88893617021274	6.714891304347825	0.005751956521739129	-0.49	107.55	6.078	0.00432	-0.14350876220053252
ENST00000327044.7|ENSG00000188976.11|OTTHUMG00000040720.2|OTTHUMT00000097869.2|NOC2L-201|NOC2L|2757|protein_coding|	2225	AGGAC	116.1481300813008	6.230701612903226	0.008205967741935483	0.54	117.18	5.75	0.00664	0.9655210135341407
ENST00000327044.7|ENSG00000188976.11|OTTHUMG00000040720.2|OTTHUMT00000097869.2|NOC2L-201|NOC2L|2757|protein_coding|	2226	GGACG	120.93919999999999	7.205684210526315	0.006912465753424657	0.04324324324324326	121.03	7.12	0.005475	0.5043182067904625
ENST00000327044.7|ENSG00000188976.11|OTTHUMG00000040720.2|OTTHUMT00000097869.2|NOC2L-201|NOC2L|2757|protein_coding|	2227	GACGA	73.55804177545693	3.5419107611548557	0.009588594164456234	-0.56	73.27	3.569	0.0073	0.11380841545750174
ENST00000327044.7|ENSG00000188976.11|OTTHUMG00000040720.2|OTTHUMT00000097869.2|NOC2L-201|NOC2L|2757|protein_coding|	2228	ACGAG	80.3954761904762	4.378416666666666	0.00864294117647059	-0.605	80.28999999999999	4.325	0.00631	inf
ENST00000327044.7|ENSG00000188976.11|OTTHUMG00000040720.2|OTTHUMT00000097869.2|NOC2L-201|NOC2L|2757|protein_coding|	2229	CGAGC	113.32388888888889	5.485070422535212	0.0073595833333333326	0.59	115.01	5.581	0.00631	-0.03601574296393476
ENST00000327044.7|ENSG00000188976.11|OTTHUMG00000040720.2|OTTHUMT00000097869.2|NOC2L-201|NOC2L|2757|protein_coding|	2230	GAGCT	112.95830065359476	4.404644736842106	0.006542133333333333	0.43	113.47	4.389	0.00465	0.4584916347159291
ENST00000327044.7|ENSG00000188976.11|OTTHUMG00000040720.2|OTTHUMT00000097869.2|NOC2L-201|NOC2L|2757|protein_coding|	2231	AGCTG	117.25162878787879	4.053763358778626	0.0065837890625000004	0.06	117.64500000000001	3.819	0.00531	inf
ENST00000327044.7|ENSG00000188976.11|OTTHUMG00000040720.2|OTTHUMT00000097869.2|NOC2L-201|NOC2L|2757|protein_coding|	2232	GCTGG	86.77333333333334	3.193152173913043	0.00594820895522388	0.32	86.76	2.941	0.00498	0.12040427154843612
ENST00000327044.7|ENSG00000188976.11|OTTHUMG00000040720.2|OTTHUMT00000097869.2|NOC2L-201|NOC2L|2757|protein_coding|	2233	CTGGA	107.5612669683258	2.8427772727272727	0.006159908256880734	-0.15131221719457014	107.64	2.6784999999999997	0.00432	-0.2875244930508089
ENST00000327044.7|ENSG00000188976.11|OTTHUMG00000040720.2|OTTHUMT00000097869.2|NOC2L-201|NOC2L|2757|protein_coding|	2234	TGGAG	119.80309734513274	4.786858407079646	0.0071221719457013576	-0.11	119.65	4.204	0.00531	0.5100499706875855
ENST00000327044.7|ENSG00000188976.11|OTTHUMG00000040720.2|OTTHUMT00000097869.2|NOC2L-201|NOC2L|2757|protein_coding|	2235	GGAGG	114.26276836158193	7.9884802259887	0.006674127906976745	-0.02344632768361582	113.43	8.321	0.00498	0.40395083057797876
ENST00000327044.7|ENSG00000188976.11|OTTHUMG00000040720.2|OTTHUMT00000097869.2|NOC2L-201|NOC2L|2757|protein_coding|	2236	GAGGA	109.85322580645162	8.22734375	0.008073870967741934	-0.175	110.89	7.641	0.005475	0.04940609056122442
ENST00000327044.7|ENSG00000188976.11|OTTHUMG00000040720.2|OTTHUMT00000097869.2|NOC2L-201|NOC2L|2757|protein_coding|	2237	AGGAT	121.42605769230771	5.541707547169811	0.0075767326732673265	0.495	121.73	5.3925	0.00531	0.7481727278138207
ENST00000327044.7|ENSG00000188976.11|OTTHUMG00000040720.2|OTTHUMT00000097869.2|NOC2L-201|NOC2L|2757|protein_coding|	2238	GGATC	128.23236641221374	4.890213235294118	0.006557142857142856	0.32999999999999996	128.68	4.7524999999999995	0.00465	-0.04113465974625137
ENST00000327044.7|ENSG00000188976.11|OTTHUMG00000040720.2|OTTHUMT00000097869.2|NOC2L-201|NOC2L|2757|protein_coding|	2239	GATCT	88.92092592592591	5.346592592592592	0.0062516981132075475	-0.94	88.185	5.336	0.00581	inf
ENST00000327044.7|ENSG00000188976.11|OTTHUMG00000040720.2|OTTHUMT00000097869.2|NOC2L-201|NOC2L|2757|protein_coding|	2240	ATCTG	73.73652173913044	2.1689290780141843	0.006778723404255319	-0.59	74.44	1.696	0.00531	0.047791825127625365
ENST00000327044.7|ENSG00000188976.11|OTTHUMG00000040720.2|OTTHUMT00000097869.2|NOC2L-201|NOC2L|2757|protein_coding|	2241	TCTGC	82.40205882352942	1.8229126213592233	0.007300679611650486	-0.39	82.28999999999999	1.6595	0.00531	-0.36038153636518483
ENST00000327044.7|ENSG00000188976.11|OTTHUMG00000040720.2|OTTHUMT00000097869.2|NOC2L-201|NOC2L|2757|protein_coding|	2242	CTGCA	94.53869791666666	3.0268888888888887	0.006470000000000002	-0.08802083333333334	94.22	2.593	0.00564	-0.032942847000355005
ENST00000327044.7|ENSG00000188976.11|OTTHUMG00000040720.2|OTTHUMT00000097869.2|NOC2L-201|NOC2L|2757|protein_coding|	2243	TGCAG	103.71	4.246924242424242	0.006481538461538461	0.07388059701492536	103.13	4.117	0.00498	0.10023944104254988
ENST00000327044.7|ENSG00000188976.11|OTTHUMG00000040720.2|OTTHUMT00000097869.2|NOC2L-201|NOC2L|2757|protein_coding|	2244	GCAGC	90.42213333333333	2.5326315789473686	0.0056572185430463565	0.23	90.49	2.379	0.00432	-0.5024299451969806
ENST00000327044.7|ENSG00000188976.11|OTTHUMG00000040720.2|OTTHUMT00000097869.2|NOC2L-201|NOC2L|2757|protein_coding|	2245	CAGCT	113.33569343065693	2.734858156028369	0.0073993525179856115	0.44	113.68	2.581	0.00564	-0.09441782912967918
ENST00000327044.7|ENSG00000188976.11|OTTHUMG00000040720.2|OTTHUMT00000097869.2|NOC2L-201|NOC2L|2757|protein_coding|	2246	AGCTC	117.83361256544501	3.4182774869109944	0.007618201058201059	-0.04	117.855	3.5465	0.00564	-0.03710493326450857
ENST00000327044.7|ENSG00000188976.11|OTTHUMG00000040720.2|OTTHUMT00000097869.2|NOC2L-201|NOC2L|2757|protein_coding|	2247	GCTCT	82.69662222222222	2.2085221238938053	0.0055006222222222225	0.5	81.85	1.863	0.00432	-0.2250799565284894
ENST00000327044.7|ENSG00000188976.11|OTTHUMG00000040720.2|OTTHUMT00000097869.2|NOC2L-201|NOC2L|2757|protein_coding|	2248	CTCTC	78.63145695364237	1.4141733333333333	0.005548466666666666	0.64	78.88	1.348	0.00465	-0.31682447665056357
ENST00000327044.7|ENSG00000188976.11|OTTHUMG00000040720.2|OTTHUMT00000097869.2|NOC2L-201|NOC2L|2757|protein_coding|	2249	TCTCA	77.22	2.0677000000000003	0.005430599999999999	-0.06	75.47	2.064	0.00432	-0.27449122807017534
ENST00000327044.7|ENSG00000188976.11|OTTHUMG00000040720.2|OTTHUMT00000097869.2|NOC2L-201|NOC2L|2757|protein_coding|	2250	CTCAG	79.81707692307691	2.2062878787878786	0.0049701538461538455	1.0550000000000002	80.065	1.9769999999999999	0.00432	-0.04074440052700924
ENST00000327044.7|ENSG00000188976.11|OTTHUMG00000040720.2|OTTHUMT00000097869.2|NOC2L-201|NOC2L|2757|protein_coding|	2251	TCAGA	98.94946428571428	3.591851851851852	0.005606851851851852	-0.31625000000000003	101.38	3.4379999999999997	0.00432	-0.2943316597540566
ENST00000327044.7|ENSG00000188976.11|OTTHUMG00000040720.2|OTTHUMT00000097869.2|NOC2L-201|NOC2L|2757|protein_coding|	2252	CAGAG	109.19316239316238	3.60278947368421	0.006159298245614035	0.3158119658119658	106.83	3.446	0.00465	-0.3862368869362504
ENST00000327044.7|ENSG00000188976.11|OTTHUMG00000040720.2|OTTHUMT00000097869.2|NOC2L-201|NOC2L|2757|protein_coding|	2253	AGAGG	126.80668789808918	5.0129125000000005	0.005796496815286625	0.54	126.57	4.673	0.00465	-0.11899604569420032
ENST00000327044.7|ENSG00000188976.11|OTTHUMG00000040720.2|OTTHUMT00000097869.2|NOC2L-201|NOC2L|2757|protein_coding|	2254	GAGGA	110.30358208955224	5.948462686567163	0.005105454545454545	-0.33499999999999996	108.92	5.8855	0.00398	-0.24126751446847405
ENST00000327044.7|ENSG00000188976.11|OTTHUMG00000040720.2|OTTHUMT00000097869.2|NOC2L-201|NOC2L|2757|protein_coding|	2255	AGGAC	116.73440251572327	7.13153125	0.00801283870967742	0.29500000000000004	117.15	7.2235	0.00598	1.249694400630915
ENST00000327044.7|ENSG00000188976.11|OTTHUMG00000040720.2|OTTHUMT00000097869.2|NOC2L-201|NOC2L|2757|protein_coding|	2256	GGACG	123.59853448275862	6.053879310344828	0.0064780869565217395	0.55	124.38	5.533	0.00465	0.2638578936001729
ENST00000327044.7|ENSG00000188976.11|OTTHUMG00000040720.2|OTTHUMT00000097869.2|NOC2L-201|NOC2L|2757|protein_coding|	2257	GACGA	75.51027027027025	3.8728513513513514	0.006721780821917807	0.04	75.8	3.733	0.00598	0.21787778344382114
ENST00000327044.7|ENSG00000188976.11|OTTHUMG00000040720.2|OTTHUMT00000097869.2|NOC2L-201|NOC2L|2757|protein_coding|	2258	ACGAC	84.459	3.72666	0.0061622	-0.27379999999999993	83.47	3.997	0.00564	-0.06600000000000009
ENST00000327044.7|ENSG00000188976.11|OTTHUMG00000040720.2|OTTHUMT00000097869.2|NOC2L-201|NOC2L|2757|protein_coding|	2259	CGACT	113.92545454545456	7.6658202247191	0.00611	0.07	113.42	7.645	0.00432	0.6003800051605638
ENST00000327044.7|ENSG00000188976.11|OTTHUMG00000040720.2|OTTHUMT00000097869.2|NOC2L-201|NOC2L|2757|protein_coding|	2260	GACTG	89.54522727272727	2.2712758620689657	0.006138068181818181	0.28	89.64	2.079	0.00498	-0.16803081975495762
ENST00000327044.7|ENSG00000188976.11|OTTHUMG00000040720.2|OTTHUMT00000097869.2|NOC2L-201|NOC2L|2757|protein_coding|	2261	ACTGA	92.28612565445027	1.8323068783068783	0.00602984126984127	-0.41	91.83	1.758	0.00398	-0.3570853058572357
ENST00000327044.7|ENSG00000188976.11|OTTHUMG00000040720.2|OTTHUMT00000097869.2|NOC2L-201|NOC2L|2757|protein_coding|	2262	CTGAG	106.31731958762887	4.851072916666666	0.006146736842105263	0.215	107.04499999999999	3.7145	0.00531	0.08041713066072743
ENST00000327044.7|ENSG00000188976.11|OTTHUMG00000040720.2|OTTHUMT00000097869.2|NOC2L-201|NOC2L|2757|protein_coding|	2263	TGAGG	116.18423423423421	6.081819819819822	0.005847522935779815	0.19	115.57499999999999	5.273	0.00465	0.06886112826358905
ENST00000327044.7|ENSG00000188976.11|OTTHUMG00000040720.2|OTTHUMT00000097869.2|NOC2L-201|NOC2L|2757|protein_coding|	2264	GAGGC	117.17708333333333	7.014382978723403	0.005522765957446807	0.4070212765957447	121.325	6.6555	0.003815	-0.10530829353017816
ENST00000327044.7|ENSG00000188976.11|OTTHUMG00000040720.2|OTTHUMT00000097869.2|NOC2L-201|NOC2L|2757|protein_coding|	2265	AGGCA	110.63980392156863	9.172412903225807	0.0071085333333333325	0.29	111.59	9.561	0.00564	0.7273847275378168
ENST00000327044.7|ENSG00000188976.11|OTTHUMG00000040720.2|OTTHUMT00000097869.2|NOC2L-201|NOC2L|2757|protein_coding|	2266	GGCAG	105.55029629629631	6.142518518518519	0.007463435114503815	-0.023481481481481468	106.17	5.69	0.00564	0.5913260410669738
ENST00000327044.7|ENSG00000188976.11|OTTHUMG00000040720.2|OTTHUMT00000097869.2|NOC2L-201|NOC2L|2757|protein_coding|	2267	GCAGC	92.5974678111588	2.6007922077922085	0.005761441048034935	0.4	92.29	2.466	0.00465	-0.4890388589799197
ENST00000327044.7|ENSG00000188976.11|OTTHUMG00000040720.2|OTTHUMT00000097869.2|NOC2L-201|NOC2L|2757|protein_coding|	2268	CAGCC	103.8220512820513	2.7007280701754386	0.00511948275862069	0.35	105.0	2.577	0.00465	-0.10571918206111305
ENST00000327044.7|ENSG00000188976.11|OTTHUMG00000040720.2|OTTHUMT00000097869.2|NOC2L-201|NOC2L|2757|protein_coding|	2269	AGCCC	113.52445312500001	2.769961240310078	0.0060897709923664126	0.735	113.695	2.4585	0.00465	-0.1580664923069672
ENST00000327044.7|ENSG00000188976.11|OTTHUMG00000040720.2|OTTHUMT00000097869.2|NOC2L-201|NOC2L|2757|protein_coding|	2270	GCCCA	65.51083333333334	2.470791666666667	0.0073844	0.39	65.66	2.005	0.00631	0.193619162640902
ENST00000327044.7|ENSG00000188976.11|OTTHUMG00000040720.2|OTTHUMT00000097869.2|NOC2L-201|NOC2L|2757|protein_coding|	2271	CCCAT	74.04784615384617	2.3788769230769233	0.005212656249999999	0.37	74.17	2.159	0.00498	0.12742982136347084
ENST00000327044.7|ENSG00000188976.11|OTTHUMG00000040720.2|OTTHUMT00000097869.2|NOC2L-201|NOC2L|2757|protein_coding|	2272	CCATC	85.22526785714285	1.7663675213675216	0.0063521848739495805	0.27	84.3	1.56	0.00465	-0.1707194735363748
ENST00000327044.7|ENSG00000188976.11|OTTHUMG00000040720.2|OTTHUMT00000097869.2|NOC2L-201|NOC2L|2757|protein_coding|	2273	CATCT	89.78910256410256	2.566116883116882	0.005056410256410257	0.42	90.57	2.105	0.00432	-0.5498040555935295
ENST00000327044.7|ENSG00000188976.11|OTTHUMG00000040720.2|OTTHUMT00000097869.2|NOC2L-201|NOC2L|2757|protein_coding|	2274	ATCTG	78.74833333333333	1.6647132352941176	0.005417555555555555	0.435	78.305	1.5030000000000001	0.004484999999999999	-0.19579070758738273
ENST00000327044.7|ENSG00000188976.11|OTTHUMG00000040720.2|OTTHUMT00000097869.2|NOC2L-201|NOC2L|2757|protein_coding|	2275	TCTGG	87.39817829457364	1.740603921568627	0.005485217391304347	0.18	87.05	1.56	0.00432	-0.3892617819057449
ENST00000327044.7|ENSG00000188976.11|OTTHUMG00000040720.2|OTTHUMT00000097869.2|NOC2L-201|NOC2L|2757|protein_coding|	2276	CTGGG	102.9425	2.5384625850340137	0.006505540540540541	0.25277027027027027	103.11500000000001	2.4615	0.00498	-0.36379383833733997
ENST00000327044.7|ENSG00000188976.11|OTTHUMG00000040720.2|OTTHUMT00000097869.2|NOC2L-201|NOC2L|2757|protein_coding|	2277	TGGGG	113.49309090909091	4.145581818181818	0.007297358490566035	0.385	113.58000000000001	4.497	0.006475	0.02360044893378233
ENST00000327044.7|ENSG00000188976.11|OTTHUMG00000040720.2|OTTHUMT00000097869.2|NOC2L-201|NOC2L|2757|protein_coding|	2278	GGGGG	109.906796875	3.5110076923076927	0.006831796875000001	-0.175	109.62	3.1710000000000003	0.00598	-0.13308452041785362
ENST00000327044.7|ENSG00000188976.11|OTTHUMG00000040720.2|OTTHUMT00000097869.2|NOC2L-201|NOC2L|2757|protein_coding|	2279	GGGGG	111.25733333333336	4.104733333333334	0.006062999999999999	-0.03	109.87	4.288	0.00498	0.013514403292181227
ENST00000327044.7|ENSG00000188976.11|OTTHUMG00000040720.2|OTTHUMT00000097869.2|NOC2L-201|NOC2L|2757|protein_coding|	2280	GGGGC	116.7648780487805	4.445472027972028	0.007228100358422938	0.49	116.47	4.344	0.00598	0.09764741431408101
ENST00000327044.7|ENSG00000188976.11|OTTHUMG00000040720.2|OTTHUMT00000097869.2|NOC2L-201|NOC2L|2757|protein_coding|	2281	GGGCC	103.2495238095238	4.549511627906977	0.006322954545454546	0.09	103.3	4.51	0.00332	inf
ENST00000327044.7|ENSG00000188976.11|OTTHUMG00000040720.2|OTTHUMT00000097869.2|NOC2L-201|NOC2L|2757|protein_coding|	2282	GGCCT	108.18719101123595	3.6840568181818183	0.0062964367816091965	0.73	108.72	2.9379999999999997	0.004484999999999999	0.11977410886985357
ENST00000327044.7|ENSG00000188976.11|OTTHUMG00000040720.2|OTTHUMT00000097869.2|NOC2L-201|NOC2L|2757|protein_coding|	2283	GCCTG	71.74274509803921	3.1683137254901967	0.005106	0.8	72.39	2.7225	0.00415	0.34821860659157305
ENST00000327044.7|ENSG00000188976.11|OTTHUMG00000040720.2|OTTHUMT00000097869.2|NOC2L-201|NOC2L|2757|protein_coding|	2284	CCTGT	87.38887804878051	2.048216346153846	0.005910878048780488	0.22	87.475	1.7565	0.00465	-0.2813275978407558
ENST00000327044.7|ENSG00000188976.11|OTTHUMG00000040720.2|OTTHUMT00000097869.2|NOC2L-201|NOC2L|2757|protein_coding|	2285	CTGTA	103.55131578947369	3.648772727272727	0.0064116071428571425	0.42	103.21	3.018	0.00498	-0.03471620971620972
ENST00000327044.7|ENSG00000188976.11|OTTHUMG00000040720.2|OTTHUMT00000097869.2|NOC2L-201|NOC2L|2757|protein_coding|	2286	TGTAG	108.06559999999999	5.033244897959183	0.005859591836734694	0.10799999999999998	111.14500000000001	4.1005	0.004484999999999999	-0.4120041007057029
ENST00000327044.7|ENSG00000188976.11|OTTHUMG00000040720.2|OTTHUMT00000097869.2|NOC2L-201|NOC2L|2757|protein_coding|	2287	GTAGG	114.99691176470589	4.552492592592593	0.006624312977099237	0.39	115.38	4.485	0.00498	0.20436311973349022
ENST00000327044.7|ENSG00000188976.11|OTTHUMG00000040720.2|OTTHUMT00000097869.2|NOC2L-201|NOC2L|2757|protein_coding|	2288	TAGGG	92.69602564102566	4.494071428571429	0.005688831168831169	0.395	93.35499999999999	3.0709999999999997	0.00432	-0.42677660349854224
ENST00000327044.7|ENSG00000188976.11|OTTHUMG00000040720.2|OTTHUMT00000097869.2|NOC2L-201|NOC2L|2757|protein_coding|	2289	AGGGG	114.16985074626865	5.2038529411764705	0.007035769230769231	0.06	113.92	5.4094999999999995	0.005475	0.28490196078431373
ENST00000327044.7|ENSG00000188976.11|OTTHUMG00000040720.2|OTTHUMT00000097869.2|NOC2L-201|NOC2L|2757|protein_coding|	2290	GGGGC	117.36191810344826	4.866170305676857	0.00814852422907489	0.64	117.24	4.933	0.00564	0.20152353226589056
ENST00000327044.7|ENSG00000188976.11|OTTHUMG00000040720.2|OTTHUMT00000097869.2|NOC2L-201|NOC2L|2757|protein_coding|	2291	GGGCT	120.24175	4.978525	0.006984303797468355	1.014125	120.42	4.447	0.00432	-0.06242467043314488
ENST00000327044.7|ENSG00000188976.11|OTTHUMG00000040720.2|OTTHUMT00000097869.2|NOC2L-201|NOC2L|2757|protein_coding|	2292	GGCTG	112.00884210526316	4.427558510638298	0.007771505376344086	0.16489473684210526	112.22	4.0035	0.00531	0.2471995804614925
ENST00000327044.7|ENSG00000188976.11|OTTHUMG00000040720.2|OTTHUMT00000097869.2|NOC2L-201|NOC2L|2757|protein_coding|	2293	GCTGC	81.27144927536233	3.0814057971014486	0.00571205882352941	-0.5836231884057973	81.015	2.932	0.00465	0.08119501652682402
ENST00000327044.7|ENSG00000188976.11|OTTHUMG00000040720.2|OTTHUMT00000097869.2|NOC2L-201|NOC2L|2757|protein_coding|	2294	CTGCC	90.86281690140842	2.911957746478873	0.005035999999999999	0.04	91.02	2.706	0.00432	-0.06966206182783605
ENST00000327044.7|ENSG00000188976.11|OTTHUMG00000040720.2|OTTHUMT00000097869.2|NOC2L-201|NOC2L|2757|protein_coding|	2295	TGCCG	103.12104651162791	4.766658823529411	0.004546463414634146	0.28500000000000003	103.22	4.713	0.00398	0.4488324691578758
ENST00000327044.7|ENSG00000188976.11|OTTHUMG00000040720.2|OTTHUMT00000097869.2|NOC2L-201|NOC2L|2757|protein_coding|	2296	GCCGG	78.00031249999999	3.2562765957446804	0.006400752688172044	0.63	78.13	3.095	0.00531	0.1713225164549211
ENST00000327044.7|ENSG00000188976.11|OTTHUMG00000040720.2|OTTHUMT00000097869.2|NOC2L-201|NOC2L|2757|protein_coding|	2297	CCGGG	96.47350515463918	5.589970588235294	0.005814646464646466	0.78	97.13	5.021	0.00498	0.12248405386250881
ENST00000327044.7|ENSG00000188976.11|OTTHUMG00000040720.2|OTTHUMT00000097869.2|NOC2L-201|NOC2L|2757|protein_coding|	2298	CGGGC	116.75715867158671	5.286992673992674	0.007453796992481203	0.61	116.86	5.384	0.00564	0.3054302898747343
ENST00000327044.7|ENSG00000188976.11|OTTHUMG00000040720.2|OTTHUMT00000097869.2|NOC2L-201|NOC2L|2757|protein_coding|	2299	GGGCT	118.31232142857142	6.281785714285713	0.0057034545454545445	0.7110714285714286	119.16	6.371499999999999	0.00398	0.18301049233252614
ENST00000327044.7|ENSG00000188976.11|OTTHUMG00000040720.2|OTTHUMT00000097869.2|NOC2L-201|NOC2L|2757|protein_coding|	2300	GGCTG	110.4436475409836	4.551318367346938	0.007956050420168068	-0.06	111.0	4.403	0.00598	0.282061511928715
ENST00000327044.7|ENSG00000188976.11|OTTHUMG00000040720.2|OTTHUMT00000097869.2|NOC2L-201|NOC2L|2757|protein_coding|	2301	GCTGG	84.30457746478874	2.243302816901408	0.006512624113475177	-0.33704225352112677	83.88	2.0095	0.00531	-0.21287620459599715
ENST00000327044.7|ENSG00000188976.11|OTTHUMG00000040720.2|OTTHUMT00000097869.2|NOC2L-201|NOC2L|2757|protein_coding|	2302	CTGGT	104.45985074626866	2.6688030303030303	0.005757035175879396	-0.14500000000000002	104.44	2.5745	0.004815	-0.33112706007442855
ENST00000327044.7|ENSG00000188976.11|OTTHUMG00000040720.2|OTTHUMT00000097869.2|NOC2L-201|NOC2L|2757|protein_coding|	2303	TGGTG	116.58301886792451	4.810968749999999	0.006750967741935483	0.255	116.765	4.421	0.00498	0.42758716617210646
ENST00000327044.7|ENSG00000188976.11|OTTHUMG00000040720.2|OTTHUMT00000097869.2|NOC2L-201|NOC2L|2757|protein_coding|	2304	GGTGG	93.40759999999999	6.205117647058824	0.006652549019607843	-0.4786000000000001	92.64	5.707	0.00631	-0.3596369817276755
ENST00000327044.7|ENSG00000188976.11|OTTHUMG00000040720.2|OTTHUMT00000097869.2|NOC2L-201|NOC2L|2757|protein_coding|	2305	GTGGC	95.92327102803739	3.9715000000000003	0.0076131428571428565	-0.15	96.13	3.9755	0.005145	-0.004636591478696732
ENST00000327044.7|ENSG00000188976.11|OTTHUMG00000040720.2|OTTHUMT00000097869.2|NOC2L-201|NOC2L|2757|protein_coding|	2306	TGGCC	105.1040625	5.9420909090909095	0.00806140625	0.25	104.69	5.9955	0.00631	0.1190378359869887
ENST00000327044.7|ENSG00000188976.11|OTTHUMG00000040720.2|OTTHUMT00000097869.2|NOC2L-201|NOC2L|2757|protein_coding|	2307	GGCCA	103.39559139784947	4.652031578947367	0.007478709677419355	0.01	102.86	4.574	0.00564	0.4139913613821785
ENST00000327044.7|ENSG00000188976.11|OTTHUMG00000040720.2|OTTHUMT00000097869.2|NOC2L-201|NOC2L|2757|protein_coding|	2308	GCCAG	73.069	2.148891089108911	0.005633861386138614	0.865	73.08500000000001	1.912	0.00432	0.01843179578621371
ENST00000327044.7|ENSG00000188976.11|OTTHUMG00000040720.2|OTTHUMT00000097869.2|NOC2L-201|NOC2L|2757|protein_coding|	2309	CCAGT	91.363698630137	2.932958620689655	0.005936896551724138	-0.62	91.83	2.848	0.00432	-0.4237802316916198
ENST00000327044.7|ENSG00000188976.11|OTTHUMG00000040720.2|OTTHUMT00000097869.2|NOC2L-201|NOC2L|2757|protein_coding|	2310	CAGTG	122.92096296296295	3.8647867647058822	0.007584632352941176	0.72	122.97	4.080500000000001	0.00581	-0.040995840023354345
ENST00000327044.7|ENSG00000188976.11|OTTHUMG00000040720.2|OTTHUMT00000097869.2|NOC2L-201|NOC2L|2757|protein_coding|	2311	AGTGT	95.52106382978725	6.815085106382977	0.006105652173913041	-0.92	92.1	6.665	0.00564	-0.29668884351052865
ENST00000327044.7|ENSG00000188976.11|OTTHUMG00000040720.2|OTTHUMT00000097869.2|NOC2L-201|NOC2L|2757|protein_coding|	2312	GTGTT	97.27405594405593	4.994062937062938	0.005774071428571428	0.63	98.23	3.793	0.00498	0.32118067118067145
ENST00000327044.7|ENSG00000188976.11|OTTHUMG00000040720.2|OTTHUMT00000097869.2|NOC2L-201|NOC2L|2757|protein_coding|	2313	TGTTT	105.91617647058824	6.782838235294118	0.005543333333333332	-0.4	105.27	6.765	0.00498	-0.09441412078850225
ENST00000327044.7|ENSG00000188976.11|OTTHUMG00000040720.2|OTTHUMT00000097869.2|NOC2L-201|NOC2L|2757|protein_coding|	2314	GTTTC	77.18462962962961	1.88051376146789	0.0070114814814814805	-0.13	77.25	1.418	0.00531	-0.04542448656452285
ENST00000327044.7|ENSG00000188976.11|OTTHUMG00000040720.2|OTTHUMT00000097869.2|NOC2L-201|NOC2L|2757|protein_coding|	2315	TTTCC	75.1011746031746	1.3424129032258065	0.005711928104575163	-0.08	75.07	1.251	0.00432	-0.35149135109864416
ENST00000327044.7|ENSG00000188976.11|OTTHUMG00000040720.2|OTTHUMT00000097869.2|NOC2L-201|NOC2L|2757|protein_coding|	2316	TTCCA	69.72753846153846	1.2358412698412695	0.00577859375	-0.2367692307692308	69.52	1.131	0.00432	-0.4626777087646654
ENST00000327044.7|ENSG00000188976.11|OTTHUMG00000040720.2|OTTHUMT00000097869.2|NOC2L-201|NOC2L|2757|protein_coding|	2317	TCCAC	74.93775862068966	1.4657321428571426	0.006441754385964911	0.7555172413793103	75.275	1.3185	0.00498	-0.30534021665538263
ENST00000327044.7|ENSG00000188976.11|OTTHUMG00000040720.2|OTTHUMT00000097869.2|NOC2L-201|NOC2L|2757|protein_coding|	2318	CCACC	72.67274193548386	1.1851142857142856	0.005662317073170731	0.12	72.88	1.1244999999999998	0.00432	-0.3696200607902736
ENST00000327044.7|ENSG00000188976.11|OTTHUMG00000040720.2|OTTHUMT00000097869.2|NOC2L-201|NOC2L|2757|protein_coding|	2319	CACCT	76.39351648351649	1.7587802197802196	0.004730108695652174	0.14	75.9	1.4355	0.00398	-0.3740995659145126
ENST00000327044.7|ENSG00000188976.11|OTTHUMG00000040720.2|OTTHUMT00000097869.2|NOC2L-201|NOC2L|2757|protein_coding|	2320	ACCTC	68.78102941176472	1.3542173913043476	0.005152676056338027	0.2	69.33	1.287	0.00432	inf
ENST00000327044.7|ENSG00000188976.11|OTTHUMG00000040720.2|OTTHUMT00000097869.2|NOC2L-201|NOC2L|2757|protein_coding|	2321	CCTCC	73.8992105263158	1.2129736842105263	0.005468947368421052	0.4107894736842105	73.91	1.116	0.00432	-0.5743951985226223
ENST00000327044.7|ENSG00000188976.11|OTTHUMG00000040720.2|OTTHUMT00000097869.2|NOC2L-201|NOC2L|2757|protein_coding|	2322	CTCCC	68.99674999999999	1.4384444444444446	0.006422592592592593	0.4	68.81	1.414	0.00465	-0.3745893719806762
ENST00000327044.7|ENSG00000188976.11|OTTHUMG00000040720.2|OTTHUMT00000097869.2|NOC2L-201|NOC2L|2757|protein_coding|	2323	TCCCT	63.79466666666667	2.7958166666666666	0.0048474137931034484	0.13	65.83	1.746	0.00398	inf
ENST00000327044.7|ENSG00000188976.11|OTTHUMG00000040720.2|OTTHUMT00000097869.2|NOC2L-201|NOC2L|2757|protein_coding|	2324	CCCTG	73.43144230769231	1.567423076923077	0.005601274509803922	0.565	73.455	1.4585	0.004815	-0.33301145662847786
ENST00000327044.7|ENSG00000188976.11|OTTHUMG00000040720.2|OTTHUMT00000097869.2|NOC2L-201|NOC2L|2757|protein_coding|	2325	CCTGG	90.3578947368421	2.2822241379310344	0.00549140350877193	0.66	90.37	2.131	0.00432	inf
ENST00000327044.7|ENSG00000188976.11|OTTHUMG00000040720.2|OTTHUMT00000097869.2|NOC2L-201|NOC2L|2757|protein_coding|	2326	CTGGC	101.43490566037738	4.391333333333334	0.008355370370370367	0.315	102.535	4.5295000000000005	0.006475	0.10058479532163747
ENST00000327044.7|ENSG00000188976.11|OTTHUMG00000040720.2|OTTHUMT00000097869.2|NOC2L-201|NOC2L|2757|protein_coding|	2327	TGGCA	105.99571428571429	3.7168928571428568	0.007179629629629629	0.275	106.565	3.8635	0.005475	-0.30002017756255045
ENST00000327044.7|ENSG00000188976.11|OTTHUMG00000040720.2|OTTHUMT00000097869.2|NOC2L-201|NOC2L|2757|protein_coding|	2328	GGCAG	105.33762711864408	4.573627118644068	0.008254310344827586	-0.06203389830508475	105.2	4.552	0.00697	0.1848774918767016
ENST00000327044.7|ENSG00000188976.11|OTTHUMG00000040720.2|OTTHUMT00000097869.2|NOC2L-201|NOC2L|2757|protein_coding|	2329	GCAGT	91.66643564356436	2.949623762376238	0.005282222222222223	-0.22	90.05	2.598	0.00465	-0.42050613705771356
ENST00000327044.7|ENSG00000188976.11|OTTHUMG00000040720.2|OTTHUMT00000097869.2|NOC2L-201|NOC2L|2757|protein_coding|	2330	CAGTC	118.05882352941177	3.768242424242424	0.00595044776119403	0.12	118.75	3.686	0.00498	inf
ENST00000327044.7|ENSG00000188976.11|OTTHUMG00000040720.2|OTTHUMT00000097869.2|NOC2L-201|NOC2L|2757|protein_coding|	2331	AGTCA	121.3445652173913	8.343782608695653	0.007122272727272726	-0.15630434782608696	120.94	8.027000000000001	0.00531	0.37459351049351775
ENST00000327044.7|ENSG00000188976.11|OTTHUMG00000040720.2|OTTHUMT00000097869.2|NOC2L-201|NOC2L|2757|protein_coding|	2332	GTCAG	75.46728571428572	2.792855072463768	0.005359285714285712	-0.28	74.77	2.44	0.00432	0.21428481411468192
ENST00000327044.7|ENSG00000188976.11|OTTHUMG00000040720.2|OTTHUMT00000097869.2|NOC2L-201|NOC2L|2757|protein_coding|	2333	TCAGG	90.54710843373493	3.829506172839506	0.005431686746987951	0.14	89.94	3.826	0.00465	-0.24764122341070605
ENST00000327044.7|ENSG00000188976.11|OTTHUMG00000040720.2|OTTHUMT00000097869.2|NOC2L-201|NOC2L|2757|protein_coding|	2334	CAGGC	116.9611627906977	7.6705227272727265	0.00705674418604651	0.42	117.955	8.399999999999999	0.00531	-0.02161699907235629
ENST00000327044.7|ENSG00000188976.11|OTTHUMG00000040720.2|OTTHUMT00000097869.2|NOC2L-201|NOC2L|2757|protein_coding|	2335	AGGCC	112.26795454545457	7.6248	0.006457727272727273	0.34	111.31	7.761	0.00465	0.4359322033898305
ENST00000327044.7|ENSG00000188976.11|OTTHUMG00000040720.2|OTTHUMT00000097869.2|NOC2L-201|NOC2L|2757|protein_coding|	2336	GGCCT	104.87192307692308	5.996354430379747	0.0063256	0.06	105.48	6.076	0.00531	0.8226001308145128
ENST00000327044.7|ENSG00000188976.11|OTTHUMG00000040720.2|OTTHUMT00000097869.2|NOC2L-201|NOC2L|2757|protein_coding|	2337	GCCTA	70.6815625	2.465105263157895	0.006735773195876289	0.58	70.14500000000001	1.9395	0.00498	0.048980963045912686
ENST00000327044.7|ENSG00000188976.11|OTTHUMG00000040720.2|OTTHUMT00000097869.2|NOC2L-201|NOC2L|2757|protein_coding|	2338	CCTAG	85.05837320574165	2.147666666666667	0.006394154589371981	0.34	85.09	2.008	0.00498	-0.18339670468948024
ENST00000327044.7|ENSG00000188976.11|OTTHUMG00000040720.2|OTTHUMT00000097869.2|NOC2L-201|NOC2L|2757|protein_coding|	2339	CTAGA	106.501875	2.9822499999999996	0.005320253164556961	-0.02	106.82	2.64	0.00465	-0.2110449735449736
ENST00000327044.7|ENSG00000188976.11|OTTHUMG00000040720.2|OTTHUMT00000097869.2|NOC2L-201|NOC2L|2757|protein_coding|	2340	TAGAG	122.57464285714286	4.671877192982457	0.006259272727272726	0.26	123.24	3.672	0.00432	-0.20410950715801415
ENST00000327044.7|ENSG00000188976.11|OTTHUMG00000040720.2|OTTHUMT00000097869.2|NOC2L-201|NOC2L|2757|protein_coding|	2341	AGAGG	125.98896103896105	5.991935897435899	0.0068994078947368425	0.38	126.19	5.7829999999999995	0.00498	0.05306430534901552
ENST00000327044.7|ENSG00000188976.11|OTTHUMG00000040720.2|OTTHUMT00000097869.2|NOC2L-201|NOC2L|2757|protein_coding|	2342	GAGGC	113.33878048780488	7.151547619047619	0.0043405128205128195	-0.155	111.88	7.0295000000000005	0.003155	inf
ENST00000327044.7|ENSG00000188976.11|OTTHUMG00000040720.2|OTTHUMT00000097869.2|NOC2L-201|NOC2L|2757|protein_coding|	2343	AGGCT	122.50490566037736	7.536299065420561	0.007454134615384615	0.35	122.63	8.253	0.00498	0.4192653607195031
ENST00000327044.7|ENSG00000188976.11|OTTHUMG00000040720.2|OTTHUMT00000097869.2|NOC2L-201|NOC2L|2757|protein_coding|	2344	GGCTG	110.7809708737864	6.184417475728155	0.006981683168316831	-0.11165048543689324	110.99	5.528	0.00664	0.7420894297825791
ENST00000327044.7|ENSG00000188976.11|OTTHUMG00000040720.2|OTTHUMT00000097869.2|NOC2L-201|NOC2L|2757|protein_coding|	2345	GCTGG	86.94022598870058	2.7355965909090902	0.007367344632768362	0.435	87.13	2.2895	0.00598	-0.04014154704944205
ENST00000327044.7|ENSG00000188976.11|OTTHUMG00000040720.2|OTTHUMT00000097869.2|NOC2L-201|NOC2L|2757|protein_coding|	2346	CTGGC	102.54042424242424	3.1145776397515528	0.006582437500000001	0.08	102.96	3.029	0.00498	-0.2194041003128941
ENST00000327044.7|ENSG00000188976.11|OTTHUMG00000040720.2|OTTHUMT00000097869.2|NOC2L-201|NOC2L|2757|protein_coding|	2347	TGGCG	111.01870967741934	5.978587301587302	0.005886666666666667	0.44	110.64	5.716	0.00498	0.1259109795832961
ENST00000327044.7|ENSG00000188976.11|OTTHUMG00000040720.2|OTTHUMT00000097869.2|NOC2L-201|NOC2L|2757|protein_coding|	2348	GGCGT	96.62964601769912	8.315389380530974	0.00581743119266055	0.07920353982300886	96.66	7.951	0.00465	-0.008892803274019907
ENST00000327044.7|ENSG00000188976.11|OTTHUMG00000040720.2|OTTHUMT00000097869.2|NOC2L-201|NOC2L|2757|protein_coding|	2349	GCGTC	84.2162857142857	3.530923076923077	0.005576116504854368	0.41	84.23	2.702	0.00465	0.15767969735182855
ENST00000327044.7|ENSG00000188976.11|OTTHUMG00000040720.2|OTTHUMT00000097869.2|NOC2L-201|NOC2L|2757|protein_coding|	2350	CGTCT	104.29401869158878	7.048203703703704	0.005200373831775701	0.35	104.56	7.084	0.00398	0.1611538226859479
ENST00000327044.7|ENSG00000188976.11|OTTHUMG00000040720.2|OTTHUMT00000097869.2|NOC2L-201|NOC2L|2757|protein_coding|	2351	GTCTG	79.06460674157303	2.516391304347826	0.005009333333333333	0.6	78.835	1.727	0.00432	0.21564797311489192
ENST00000327044.7|ENSG00000188976.11|OTTHUMG00000040720.2|OTTHUMT00000097869.2|NOC2L-201|NOC2L|2757|protein_coding|	2352	TCTGT	85.61301775147929	2.6715030303030303	0.006312142857142857	0.19	85.66499999999999	1.8695	0.00498	-0.0626305156831473
ENST00000327044.7|ENSG00000188976.11|OTTHUMG00000040720.2|OTTHUMT00000097869.2|NOC2L-201|NOC2L|2757|protein_coding|	2353	CTGTG	99.32619047619049	3.621520661157025	0.005126639344262295	-0.08293650793650793	99.43	2.907	0.00398	-0.04192575101666001
ENST00000327044.7|ENSG00000188976.11|OTTHUMG00000040720.2|OTTHUMT00000097869.2|NOC2L-201|NOC2L|2757|protein_coding|	2354	TGTGC	90.50014705882354	8.352298507462686	0.00583731343283582	-0.095	87.69	8.6405	0.00432	-0.13804968963233366
ENST00000327044.7|ENSG00000188976.11|OTTHUMG00000040720.2|OTTHUMT00000097869.2|NOC2L-201|NOC2L|2757|protein_coding|	2355	GTGCA	85.55036809815951	5.669728915662651	0.00695361963190184	-0.06	86.71	3.91	0.00564	0.811414989029601
ENST00000327044.7|ENSG00000188976.11|OTTHUMG00000040720.2|OTTHUMT00000097869.2|NOC2L-201|NOC2L|2757|protein_coding|	2356	TGCAG	101.89361702127661	5.927247422680412	0.005517473684210527	-0.07	102.32	5.1	0.00398	0.5355563271192778
ENST00000327044.7|ENSG00000188976.11|OTTHUMG00000040720.2|OTTHUMT00000097869.2|NOC2L-201|NOC2L|2757|protein_coding|	2357	GCAGT	90.67133333333334	4.555482758620689	0.0063699428571428575	-0.04	91.04	2.973	0.00498	-0.10501321048709439
ENST00000327044.7|ENSG00000188976.11|OTTHUMG00000040720.2|OTTHUMT00000097869.2|NOC2L-201|NOC2L|2757|protein_coding|	2358	CAGTT	123.71220779220779	3.349111842105263	0.006450657894736841	0.18051948051948052	124.11500000000001	3.1595	0.005145	-0.16895487788951294
ENST00000327044.7|ENSG00000188976.11|OTTHUMG00000040720.2|OTTHUMT00000097869.2|NOC2L-201|NOC2L|2757|protein_coding|	2359	AGTTG	114.31666666666666	8.607734693877552	0.005961458333333333	-0.89	112.01	8.556	0.00465	0.14923026620528057
ENST00000327044.7|ENSG00000188976.11|OTTHUMG00000040720.2|OTTHUMT00000097869.2|NOC2L-201|NOC2L|2757|protein_coding|	2360	GTTGG	83.74703296703298	2.5831538461538464	0.005384021739130434	-0.49	82.86	2.042	0.00465	-0.025224963715529646
ENST00000327044.7|ENSG00000188976.11|OTTHUMG00000040720.2|OTTHUMT00000097869.2|NOC2L-201|NOC2L|2757|protein_coding|	2361	TTGGG	98.42661417322833	2.9554677419354833	0.0059548818897637796	-0.19	97.89500000000001	2.684	0.00531	-0.25928126768534254
ENST00000327044.7|ENSG00000188976.11|OTTHUMG00000040720.2|OTTHUMT00000097869.2|NOC2L-201|NOC2L|2757|protein_coding|	2362	TGGGG	111.43545454545455	4.6077974683544305	0.008636103896103899	-0.02168831168831168	111.26	4.664	0.00564	0.13772776996405697
ENST00000327044.7|ENSG00000188976.11|OTTHUMG00000040720.2|OTTHUMT00000097869.2|NOC2L-201|NOC2L|2757|protein_coding|	2363	GGGGG	107.35495726495722	5.244999999999999	0.007129137931034482	-0.56	107.73	5.229	0.00531	0.2950617283950616
ENST00000327044.7|ENSG00000188976.11|OTTHUMG00000040720.2|OTTHUMT00000097869.2|NOC2L-201|NOC2L|2757|protein_coding|	2364	GGGGA	112.70760563380283	5.808943661971831	0.00697623188405797	-0.42	112.46	5.503	0.00564	0.43430707703008187
ENST00000327044.7|ENSG00000188976.11|OTTHUMG00000040720.2|OTTHUMT00000097869.2|NOC2L-201|NOC2L|2757|protein_coding|	2365	GGGAG	121.51073170731703	3.8157283950617287	0.00633725	0.53	122.115	3.2904999999999998	0.00498	0.20369980916773778
ENST00000327044.7|ENSG00000188976.11|OTTHUMG00000040720.2|OTTHUMT00000097869.2|NOC2L-201|NOC2L|2757|protein_coding|	2366	GGAGG	110.12255813953489	7.889279069767441	0.007231904761904761	-0.5711627906976745	110.84	8.664	0.00564	0.3865165324723094
ENST00000327044.7|ENSG00000188976.11|OTTHUMG00000040720.2|OTTHUMT00000097869.2|NOC2L-201|NOC2L|2757|protein_coding|	2367	GAGGC	106.46285714285713	7.48324	0.004905510204081633	-0.775	105.14500000000001	6.769500000000001	0.003155	-0.045505102040816266
ENST00000327044.7|ENSG00000188976.11|OTTHUMG00000040720.2|OTTHUMT00000097869.2|NOC2L-201|NOC2L|2757|protein_coding|	2368	AGGCA	108.12880000000001	8.630627450980391	0.0073375510204081625	-0.21	107.63	8.079	0.00664	0.625353568922861
ENST00000327044.7|ENSG00000188976.11|OTTHUMG00000040720.2|OTTHUMT00000097869.2|NOC2L-201|NOC2L|2757|protein_coding|	2369	GGCAG	104.9729889298893	5.046626865671641	0.007825917602996254	-0.1344649446494465	105.06	4.108	0.00598	0.30741628644343033
ENST00000327044.7|ENSG00000188976.11|OTTHUMG00000040720.2|OTTHUMT00000097869.2|NOC2L-201|NOC2L|2757|protein_coding|	2370	GCAGT	94.23882758620691	3.899131034482759	0.005593472222222223	0.48	94.27	3.7435	0.004484999999999999	-0.23396246866743436
ENST00000327044.7|ENSG00000188976.11|OTTHUMG00000040720.2|OTTHUMT00000097869.2|NOC2L-201|NOC2L|2757|protein_coding|	2371	CAGTA	123.66915254237288	3.7625789473684206	0.006716239316239317	0.215	124.345	3.2405	0.00531	-0.06635758129815872
ENST00000327044.7|ENSG00000188976.11|OTTHUMG00000040720.2|OTTHUMT00000097869.2|NOC2L-201|NOC2L|2757|protein_coding|	2372	AGTAG	113.77320754716979	8.597716981132075	0.006748076923076922	-0.8316981132075472	113.27	9.015	0.00531	0.004406189384588175
ENST00000327044.7|ENSG00000188976.11|OTTHUMG00000040720.2|OTTHUMT00000097869.2|NOC2L-201|NOC2L|2757|protein_coding|	2373	GTAGA	102.60966789667897	3.3848469259723966	0.007054436183395292	0.1	102.91	3.1544999999999996	0.00531	-0.10453785027185272
ENST00000327044.7|ENSG00000188976.11|OTTHUMG00000040720.2|OTTHUMT00000097869.2|NOC2L-201|NOC2L|2757|protein_coding|	2374	TAGAC	120.22354166666668	3.4642765957446806	0.007985263157894735	0.04	120.625	3.239	0.00664	-0.40983362934502887
ENST00000327044.7|ENSG00000188976.11|OTTHUMG00000040720.2|OTTHUMT00000097869.2|NOC2L-201|NOC2L|2757|protein_coding|	2375	AGACA	124.3327142857143	4.974703349282297	0.008716057692307693	-0.13	124.595	3.9045	0.00664	0.03856019818002028
ENST00000327044.7|ENSG00000188976.11|OTTHUMG00000040720.2|OTTHUMT00000097869.2|NOC2L-201|NOC2L|2757|protein_coding|	2376	GACAC	82.43766666666669	4.120918032786887	0.005300983606557377	-0.675	81.61500000000001	3.819	0.00432	0.2958861738323542
ENST00000327044.7|ENSG00000188976.11|OTTHUMG00000040720.2|OTTHUMT00000097869.2|NOC2L-201|NOC2L|2757|protein_coding|	2377	ACACG	74.00027149321268	1.905788990825688	0.006892663551401868	-0.35	73.945	1.7974999999999999	0.00531	0.013717548311536217
ENST00000327044.7|ENSG00000188976.11|OTTHUMG00000040720.2|OTTHUMT00000097869.2|NOC2L-201|NOC2L|2757|protein_coding|	2378	CACGG	79.5032142857143	3.4349298245614035	0.007020181818181819	-0.225	78.525	2.965	0.00664	0.08016661149729665
ENST00000327044.7|ENSG00000188976.11|OTTHUMG00000040720.2|OTTHUMT00000097869.2|NOC2L-201|NOC2L|2757|protein_coding|	2379	ACGGG	91.14416289592761	5.274185840707964	0.00676981981981982	1.145	90.86	5.52	0.00498	0.05907346198955087
ENST00000327044.7|ENSG00000188976.11|OTTHUMG00000040720.2|OTTHUMT00000097869.2|NOC2L-201|NOC2L|2757|protein_coding|	2380	CGGGA	110.55761363636363	5.718897727272727	0.007863255813953491	-0.63	111.535	5.119	0.00631	0.41207351290684613
ENST00000327044.7|ENSG00000188976.11|OTTHUMG00000040720.2|OTTHUMT00000097869.2|NOC2L-201|NOC2L|2757|protein_coding|	2381	GGGAC	118.3443956043956	4.715358695652173	0.0070154945054945045	0.07	118.35	3.8870000000000005	0.00564	0.48749485667260994
ENST00000327044.7|ENSG00000188976.11|OTTHUMG00000040720.2|OTTHUMT00000097869.2|NOC2L-201|NOC2L|2757|protein_coding|	2382	GGACA	111.07770833333332	9.669104166666665	0.0065831914893617	-1.1572916666666666	110.84	10.3825	0.00498	1.0186021224773831
ENST00000327044.7|ENSG00000188976.11|OTTHUMG00000040720.2|OTTHUMT00000097869.2|NOC2L-201|NOC2L|2757|protein_coding|	2383	GACAG	77.15064516129033	4.080881720430107	0.005622282608695652	-1.13	76.075	3.2635	0.00465	0.2832961385000337
ENST00000327044.7|ENSG00000188976.11|OTTHUMG00000040720.2|OTTHUMT00000097869.2|NOC2L-201|NOC2L|2757|protein_coding|	2384	ACAGG	84.76500000000001	6.886932432432431	0.006158169014084507	0.42000000000000004	86.49000000000001	7.165	0.005475	0.35303191206923995
ENST00000327044.7|ENSG00000188976.11|OTTHUMG00000040720.2|OTTHUMT00000097869.2|NOC2L-201|NOC2L|2757|protein_coding|	2385	CAGGC	109.82937499999998	8.765437499999999	0.007664042553191488	-0.42437499999999995	108.70500000000001	8.7745	0.00631	0.1180404974489795
ENST00000327044.7|ENSG00000188976.11|OTTHUMG00000040720.2|OTTHUMT00000097869.2|NOC2L-201|NOC2L|2757|protein_coding|	2386	AGGCT	122.48254098360657	7.697934959349594	0.007351525423728814	0.3104918032786885	122.46	8.269	0.00564	0.44970526541423617
ENST00000327044.7|ENSG00000188976.11|OTTHUMG00000040720.2|OTTHUMT00000097869.2|NOC2L-201|NOC2L|2757|protein_coding|	2387	GGCTT	110.89541284403668	5.334500000000002	0.00681926605504587	-0.13	111.61	5.562	0.00564	0.5026760563380288
ENST00000327044.7|ENSG00000188976.11|OTTHUMG00000040720.2|OTTHUMT00000097869.2|NOC2L-201|NOC2L|2757|protein_coding|	2388	GCTTT	77.73058139534885	2.2046941176470587	0.005161511627906975	0.105	79.13	2.0045	0.00432	-0.08896937287311621
ENST00000327044.7|ENSG00000188976.11|OTTHUMG00000040720.2|OTTHUMT00000097869.2|NOC2L-201|NOC2L|2757|protein_coding|	2389	CTTTA	79.33870503597122	1.3561888111888112	0.0049988571428571426	0.13	79.37	1.201	0.00432	inf
ENST00000327044.7|ENSG00000188976.11|OTTHUMG00000040720.2|OTTHUMT00000097869.2|NOC2L-201|NOC2L|2757|protein_coding|	2390	TTTAT	83.84130841121494	1.4190272727272728	0.005972454545454544	0.575	85.555	1.347	0.00498	-0.4231596452328159
ENST00000327044.7|ENSG00000188976.11|OTTHUMG00000040720.2|OTTHUMT00000097869.2|NOC2L-201|NOC2L|2757|protein_coding|	2391	TTATT	95.50159353348731	1.725525059665871	0.006062547169811321	0.52	96.01	1.661	0.00432	-0.3439068214198208
ENST00000327044.7|ENSG00000188976.11|OTTHUMG00000040720.2|OTTHUMT00000097869.2|NOC2L-201|NOC2L|2757|protein_coding|	2392	TATTA	93.73299999999999	1.91434693877551	0.0055877083333333325	-0.08360000000000001	93.685	1.8105	0.00465	-0.6538251466952062
ENST00000327044.7|ENSG00000188976.11|OTTHUMG00000040720.2|OTTHUMT00000097869.2|NOC2L-201|NOC2L|2757|protein_coding|	2393	ATTAT	86.49720670391062	1.4123672316384184	0.005784581005586593	0.375	86.56	1.2795	0.00498	-0.425866979008773
ENST00000327044.7|ENSG00000188976.11|OTTHUMG00000040720.2|OTTHUMT00000097869.2|NOC2L-201|NOC2L|2757|protein_coding|	2394	TTATT	95.34719008264463	1.7947083333333333	0.005420775862068966	0.47	95.63	1.7165	0.00465	-0.3176013941698352
ENST00000327044.7|ENSG00000188976.11|OTTHUMG00000040720.2|OTTHUMT00000097869.2|NOC2L-201|NOC2L|2757|protein_coding|	2395	TATTT	89.6028	2.48004	0.004561399999999999	-0.95	87.27	2.27	0.00365	-0.5515298372513563
ENST00000327044.7|ENSG00000188976.11|OTTHUMG00000040720.2|OTTHUMT00000097869.2|NOC2L-201|NOC2L|2757|protein_coding|	2396	ATTTA	77.02712820512821	1.7063497536945813	0.007030101010101011	0.065	77.235	1.36	0.005475	-0.13383261233777596
ENST00000327044.7|ENSG00000188976.11|OTTHUMG00000040720.2|OTTHUMT00000097869.2|NOC2L-201|NOC2L|2757|protein_coding|	2397	TTTAT	86.59502222222221	1.3073886462882096	0.0060290625	0.845	87.24	1.181	0.00498	-0.46854120069584976
ENST00000327044.7|ENSG00000188976.11|OTTHUMG00000040720.2|OTTHUMT00000097869.2|NOC2L-201|NOC2L|2757|protein_coding|	2398	TTATT	94.8847663551402	1.7241851851851853	0.005083018867924528	0.45	95.455	1.6105	0.003815	-0.34441627939726793
ENST00000327044.7|ENSG00000188976.11|OTTHUMG00000040720.2|OTTHUMT00000097869.2|NOC2L-201|NOC2L|2757|protein_coding|	2399	TATTT	94.04195652173914	2.73631914893617	0.005345714285714284	-0.08	93.04	2.397	0.00432	-0.5051864106806203
ENST00000327044.7|ENSG00000188976.11|OTTHUMG00000040720.2|OTTHUMT00000097869.2|NOC2L-201|NOC2L|2757|protein_coding|	2400	ATTTT	79.39119402985075	1.911462686567164	0.0060947761194029846	0.05	80.28	1.594	0.00564	-0.029714372300931963
ENST00000327044.7|ENSG00000188976.11|OTTHUMG00000040720.2|OTTHUMT00000097869.2|NOC2L-201|NOC2L|2757|protein_coding|	2401	TTTTT	79.29769230769232	1.0004871794871795	0.006010263157894736	-0.5805128205128205	79.39	0.941	0.00432	-0.49213848756995965
ENST00000327044.7|ENSG00000188976.11|OTTHUMG00000040720.2|OTTHUMT00000097869.2|NOC2L-201|NOC2L|2757|protein_coding|	2402	TTTTC	76.48736434108527	1.188621212121212	0.005826976744186046	0.065	77.58500000000001	1.0625	0.00465	-0.3966389786186741
ENST00000327044.7|ENSG00000188976.11|OTTHUMG00000040720.2|OTTHUMT00000097869.2|NOC2L-201|NOC2L|2757|protein_coding|	2403	TTTCA	78.07705882352943	1.2964411764705883	0.006815294117647059	-0.02	78.06	1.217	0.00531	-0.373699914748508
ENST00000327044.7|ENSG00000188976.11|OTTHUMG00000040720.2|OTTHUMT00000097869.2|NOC2L-201|NOC2L|2757|protein_coding|	2404	TTCAG	74.3988617886179	1.6159682539682538	0.007989274193548388	0.04	75.32	1.336	0.00598	-0.29740510697032435
ENST00000327044.7|ENSG00000188976.11|OTTHUMG00000040720.2|OTTHUMT00000097869.2|NOC2L-201|NOC2L|2757|protein_coding|	2405	TCAGC	92.04210526315788	2.58221875	0.005239896907216496	0.175	91.445	2.1435	0.004484999999999999	-0.49268786836935163
ENST00000327044.7|ENSG00000188976.11|OTTHUMG00000040720.2|OTTHUMT00000097869.2|NOC2L-201|NOC2L|2757|protein_coding|	2406	CAGCA	108.93117117117117	2.6149636363636364	0.005821785714285714	0.41000000000000003	109.445	2.4735	0.00465	-0.13411800120409392
ENST00000327044.7|ENSG00000188976.11|OTTHUMG00000040720.2|OTTHUMT00000097869.2|NOC2L-201|NOC2L|2757|protein_coding|	2407	AGCAT	115.53607142857143	4.173381818181818	0.005716363636363637	0.12	114.72	4.0985	0.004815	0.0811869995289685
ENST00000327044.7|ENSG00000188976.11|OTTHUMG00000040720.2|OTTHUMT00000097869.2|NOC2L-201|NOC2L|2757|protein_coding|	2408	GCATG	81.82644859813082	2.587138888888888	0.007900185185185185	0.2	81.0	2.399	0.00664	0.21461919666144993
ENST00000327044.7|ENSG00000188976.11|OTTHUMG00000040720.2|OTTHUMT00000097869.2|NOC2L-201|NOC2L|2757|protein_coding|	2409	CATGA	84.25250000000001	2.486672413793103	0.005420727272727272	0.52	84.62	2.3695000000000004	0.004484999999999999	-0.35744898868395275
ENST00000327044.7|ENSG00000188976.11|OTTHUMG00000040720.2|OTTHUMT00000097869.2|NOC2L-201|NOC2L|2757|protein_coding|	2410	ATGAA	95.96923076923078	3.1750454545454545	0.0054818181818181815	0.22499999999999998	95.72	3.1755	0.00415	-0.29286292771816164
ENST00000327044.7|ENSG00000188976.11|OTTHUMG00000040720.2|OTTHUMT00000097869.2|NOC2L-201|NOC2L|2757|protein_coding|	2411	TGAAA	111.10872340425529	5.496333333333335	0.005082444444444443	-0.77	111.545	4.7935	0.00398	-0.011450839328536789
ENST00000327044.7|ENSG00000188976.11|OTTHUMG00000040720.2|OTTHUMT00000097869.2|NOC2L-201|NOC2L|2757|protein_coding|	2412	GAAAG	103.73976470588234	3.4891627906976743	0.007061647058823529	0.005	103.66499999999999	3.1145	0.00498	0.30192641443943063
ENST00000327044.7|ENSG00000188976.11|OTTHUMG00000040720.2|OTTHUMT00000097869.2|NOC2L-201|NOC2L|2757|protein_coding|	2413	AAAGA	110.67966666666668	3.7328983050847464	0.005754166666666667	0.04	110.58	3.65	0.00432	inf
ENST00000327044.7|ENSG00000188976.11|OTTHUMG00000040720.2|OTTHUMT00000097869.2|NOC2L-201|NOC2L|2757|protein_coding|	2414	AAGAC	122.9006976744186	3.5086279069767445	0.005743488372093023	0.405	123.935	3.5095	0.005145	-0.4022780396973178
ENST00000327044.7|ENSG00000188976.11|OTTHUMG00000040720.2|OTTHUMT00000097869.2|NOC2L-201|NOC2L|2757|protein_coding|	2415	AGACC	127.41835294117647	4.642764705882353	0.0064563529411764695	0.37	127.49	3.918	0.00498	-0.03073805722706616
ENST00000327044.7|ENSG00000188976.11|OTTHUMG00000040720.2|OTTHUMT00000097869.2|NOC2L-201|NOC2L|2757|protein_coding|	2416	GACCA	79.91659574468083	3.0477789473684207	0.005906145833333334	0.385	79.485	1.9575	0.00498	0.084618842479865
ENST00000327044.7|ENSG00000188976.11|OTTHUMG00000040720.2|OTTHUMT00000097869.2|NOC2L-201|NOC2L|2757|protein_coding|	2417	ACCAA	74.63061224489795	1.74593	0.005308181818181819	0.605	75.53999999999999	1.44	0.00432	-0.17254502369668243
ENST00000327044.7|ENSG00000188976.11|OTTHUMG00000040720.2|OTTHUMT00000097869.2|NOC2L-201|NOC2L|2757|protein_coding|	2418	CCAAA	88.85390804597701	2.4066931818181816	0.004717209302325581	0.52	89.15	2.272	0.00398	-0.2030817278747743
ENST00000327044.7|ENSG00000188976.11|OTTHUMG00000040720.2|OTTHUMT00000097869.2|NOC2L-201|NOC2L|2757|protein_coding|	2419	CAAAC	107.55382608695652	2.723825	0.006340833333333335	1.21	107.96	2.553	0.00465	inf
ENST00000327044.7|ENSG00000188976.11|OTTHUMG00000040720.2|OTTHUMT00000097869.2|NOC2L-201|NOC2L|2757|protein_coding|	2420	AAACG	98.23084745762712	3.553	0.004865245901639344	-0.55	97.77	3.696	0.00398	0.029855072463768045
ENST00000327044.7|ENSG00000188976.11|OTTHUMG00000040720.2|OTTHUMT00000097869.2|NOC2L-201|NOC2L|2757|protein_coding|	2421	AACGT	81.10993865030674	3.402818713450293	0.006585294117647058	0.25	80.44	3.287	0.00531	0.07006877781455748
ENST00000327044.7|ENSG00000188976.11|OTTHUMG00000040720.2|OTTHUMT00000097869.2|NOC2L-201|NOC2L|2757|protein_coding|	2422	ACGTA	101.46974789915964	3.614615384615385	0.005236896551724138	0.03	101.62	3.201	0.00465	0.18511979823455252
ENST00000327044.7|ENSG00000188976.11|OTTHUMG00000040720.2|OTTHUMT00000097869.2|NOC2L-201|NOC2L|2757|protein_coding|	2423	CGTAT	93.41826923076923	4.587313725490196	0.005507058823529411	0.16	97.655	4.093	0.00465	-0.4640988638446033
ENST00000327044.7|ENSG00000188976.11|OTTHUMG00000040720.2|OTTHUMT00000097869.2|NOC2L-201|NOC2L|2757|protein_coding|	2424	GTATC	90.3550505050505	1.8448775510204078	0.005687755102040816	1.1	90.83	1.47	0.00432	-0.2985256459998449
ENST00000327044.7|ENSG00000188976.11|OTTHUMG00000040720.2|OTTHUMT00000097869.2|NOC2L-201|NOC2L|2757|protein_coding|	2425	TATCG	95.0511267605634	2.602826666666667	0.004164933333333333	0.20500000000000002	94.965	2.512	0.00365	-0.5433637426900584
ENST00000327044.7|ENSG00000188976.11|OTTHUMG00000040720.2|OTTHUMT00000097869.2|NOC2L-201|NOC2L|2757|protein_coding|	2426	ATCGA	84.16158878504672	2.1645833333333333	0.006692037037037037	0.32	85.12	2.046	0.00498	-0.05887681159420284
ENST00000327044.7|ENSG00000188976.11|OTTHUMG00000040720.2|OTTHUMT00000097869.2|NOC2L-201|NOC2L|2757|protein_coding|	2427	TCGAG	97.07595505617978	2.883056179775281	0.005806	0.54	97.73	2.923	0.00498	-0.2774295288783757
ENST00000327044.7|ENSG00000188976.11|OTTHUMG00000040720.2|OTTHUMT00000097869.2|NOC2L-201|NOC2L|2757|protein_coding|	2428	CGAGA	114.78607142857143	3.8738214285714285	0.005722962962962963	-0.14	115.07	3.803	0.004314999999999999	-0.319187798142104
ENST00000327044.7|ENSG00000188976.11|OTTHUMG00000040720.2|OTTHUMT00000097869.2|NOC2L-201|NOC2L|2757|protein_coding|	2429	GAGAG	125.37888888888887	4.518402777777778	0.0056292857142857125	0.01	124.06	4.121	0.00465	-0.23025506341094068
ENST00000327044.7|ENSG00000188976.11|OTTHUMG00000040720.2|OTTHUMT00000097869.2|NOC2L-201|NOC2L|2757|protein_coding|	2430	AGAGC	132.51896907216494	4.0025252525252535	0.006146363636363637	0.72	133.78	3.0309999999999997	0.004484999999999999	-0.29656849691999065
ENST00000327044.7|ENSG00000188976.11|OTTHUMG00000040720.2|OTTHUMT00000097869.2|NOC2L-201|NOC2L|2757|protein_coding|	2431	GAGCT	114.8706	3.722307692307692	0.005988431372549019	1.04	115.795	3.3285	0.00531	0.23255221599592446
ENST00000327044.7|ENSG00000188976.11|OTTHUMG00000040720.2|OTTHUMT00000097869.2|NOC2L-201|NOC2L|2757|protein_coding|	2432	AGCTG	120.4579081632653	3.1051413612565453	0.005953505154639176	0.6460714285714285	120.505	2.7465	0.00465	-0.12531229260379
ENST00000327044.7|ENSG00000188976.11|OTTHUMG00000040720.2|OTTHUMT00000097869.2|NOC2L-201|NOC2L|2757|protein_coding|	2433	GCTGG	86.47652173913042	3.5107352941176475	0.004709999999999999	-0.04	85.39	3.274	0.003815	0.23183694530443769
ENST00000327044.7|ENSG00000188976.11|OTTHUMG00000040720.2|OTTHUMT00000097869.2|NOC2L-201|NOC2L|2757|protein_coding|	2434	CTGGG	101.35860465116279	3.446741176470588	0.006174941176470589	0.08	102.08	3.308	0.00465	-0.13615509361639397
ENST00000327044.7|ENSG00000188976.11|OTTHUMG00000040720.2|OTTHUMT00000097869.2|NOC2L-201|NOC2L|2757|protein_coding|	2435	TGGGC	115.46175675675676	5.7552933333333325	0.006103287671232876	0.59	115.94	5.945	0.00498	0.42106008230452663
ENST00000327044.7|ENSG00000188976.11|OTTHUMG00000040720.2|OTTHUMT00000097869.2|NOC2L-201|NOC2L|2757|protein_coding|	2436	GGGCT	119.78586206896551	5.769241379310346	0.00541	1.08	120.36	5.726	0.00365	0.08648613546334205
ENST00000327044.7|ENSG00000188976.11|OTTHUMG00000040720.2|OTTHUMT00000097869.2|NOC2L-201|NOC2L|2757|protein_coding|	2437	GGCTG	112.82383720930235	4.927965116279069	0.0065444047619047626	0.28500000000000003	112.575	4.7555	0.005475	0.38815918768424496
ENST00000327044.7|ENSG00000188976.11|OTTHUMG00000040720.2|OTTHUMT00000097869.2|NOC2L-201|NOC2L|2757|protein_coding|	2438	GCTGG	84.19806818181819	3.007627906976744	0.005177586206896551	-0.53	83.51	2.754	0.00432	0.05530803753569969
ENST00000327044.7|ENSG00000188976.11|OTTHUMG00000040720.2|OTTHUMT00000097869.2|NOC2L-201|NOC2L|2757|protein_coding|	2439	CTGGG	100.38680722891566	3.263633136094674	0.005855662650602409	-0.28	100.02	2.998	0.00465	-0.18204683305897895
ENST00000327044.7|ENSG00000188976.11|OTTHUMG00000040720.2|OTTHUMT00000097869.2|NOC2L-201|NOC2L|2757|protein_coding|	2440	TGGGC	114.16714285714285	5.461270588235293	0.0059910975609756105	0.23	113.86	5.377	0.00465	0.3484618736383441
ENST00000327044.7|ENSG00000188976.11|OTTHUMG00000040720.2|OTTHUMT00000097869.2|NOC2L-201|NOC2L|2757|protein_coding|	2441	GGGCT	118.42315789473685	5.662307692307692	0.0058767567567567566	0.7513157894736843	120.32	5.823	0.00432	0.06634796465304947
ENST00000327044.7|ENSG00000188976.11|OTTHUMG00000040720.2|OTTHUMT00000097869.2|NOC2L-201|NOC2L|2757|protein_coding|	2442	GGCTG	111.61999999999999	5.299445544554456	0.007256224489795919	0.05	111.47	4.91	0.00598	0.49280156184632573
ENST00000327044.7|ENSG00000188976.11|OTTHUMG00000040720.2|OTTHUMT00000097869.2|NOC2L-201|NOC2L|2757|protein_coding|	2443	GCTGG	82.54320987654322	2.5609367088607593	0.005694177215189874	-0.705	82.555	2.3235	0.004815	-0.10142571618920729
ENST00000327044.7|ENSG00000188976.11|OTTHUMG00000040720.2|OTTHUMT00000097869.2|NOC2L-201|NOC2L|2757|protein_coding|	2444	CTGGG	103.35693548387097	3.3871904761904763	0.004937460317460317	0.29500000000000004	103.215	3.3825000000000003	0.00432	-0.15108008115526914
ENST00000327044.7|ENSG00000188976.11|OTTHUMG00000040720.2|OTTHUMT00000097869.2|NOC2L-201|NOC2L|2757|protein_coding|	2445	TGGGC	115.12664383561645	6.016219178082191	0.007348169014084508	0.381986301369863	115.68	6.2215	0.00564	0.48548621681041765
ENST00000327044.7|ENSG00000188976.11|OTTHUMG00000040720.2|OTTHUMT00000097869.2|NOC2L-201|NOC2L|2757|protein_coding|	2446	GGGCT	117.25653846153848	6.01623076923077	0.004594399999999999	0.5724999999999999	118.88499999999999	5.8335	0.0028250000000000003	0.13300014486455186
ENST00000327044.7|ENSG00000188976.11|OTTHUMG00000040720.2|OTTHUMT00000097869.2|NOC2L-201|NOC2L|2757|protein_coding|	2447	GGCTG	111.41763713080171	4.671029535864978	0.007885450643776826	0.019491525423728808	111.315	4.008	0.00598	0.31578296784928966
ENST00000327044.7|ENSG00000188976.11|OTTHUMG00000040720.2|OTTHUMT00000097869.2|NOC2L-201|NOC2L|2757|protein_coding|	2448	GCTGG	84.32	2.3849615384615386	0.0058432499999999995	-0.33	84.31	2.308	0.00498	-0.16317139001349526
ENST00000327044.7|ENSG00000188976.11|OTTHUMG00000040720.2|OTTHUMT00000097869.2|NOC2L-201|NOC2L|2757|protein_coding|	2449	CTGGT	105.96340909090908	4.06946511627907	0.005383409090909091	0.14170454545454544	106.03	3.655	0.00432	0.019916069242874642
ENST00000327044.7|ENSG00000188976.11|OTTHUMG00000040720.2|OTTHUMT00000097869.2|NOC2L-201|NOC2L|2757|protein_coding|	2450	TGGTG	118.24943396226418	4.466561290322581	0.006994713375796178	0.755	118.68	3.9285	0.00498	0.32538910692064704
ENST00000327044.7|ENSG00000188976.11|OTTHUMG00000040720.2|OTTHUMT00000097869.2|NOC2L-201|NOC2L|2757|protein_coding|	2451	GGTGT	97.1066129032258	10.86709677419355	0.006009499999999998	0.32790322580645154	98.58	11.591	0.00465	0.1214754152934521
ENST00000327044.7|ENSG00000188976.11|OTTHUMG00000040720.2|OTTHUMT00000097869.2|NOC2L-201|NOC2L|2757|protein_coding|	2452	GTGTG	90.26849315068493	5.222717241379311	0.006838380281690141	-0.025	90.71	3.4295	0.00531	0.3816712278781246
ENST00000327044.7|ENSG00000188976.11|OTTHUMG00000040720.2|OTTHUMT00000097869.2|NOC2L-201|NOC2L|2757|protein_coding|	2453	TGTGG	97.46754716981131	6.822500000000001	0.005943846153846153	0.14	100.03	5.4719999999999995	0.00432	-0.295923632610939
ENST00000327044.7|ENSG00000188976.11|OTTHUMG00000040720.2|OTTHUMT00000097869.2|NOC2L-201|NOC2L|2757|protein_coding|	2454	GTGGC	97.33658333333332	4.966262711864407	0.006335811965811967	0.24	97.77	3.813	0.00465	0.24467737139458814
ENST00000327044.7|ENSG00000188976.11|OTTHUMG00000040720.2|OTTHUMT00000097869.2|NOC2L-201|NOC2L|2757|protein_coding|	2455	TGGCT	108.0088524590164	5.345283333333334	0.00681934426229508	-0.045	108.225	5.026999999999999	0.00465	0.006644695543000754
ENST00000327044.7|ENSG00000188976.11|OTTHUMG00000040720.2|OTTHUMT00000097869.2|NOC2L-201|NOC2L|2757|protein_coding|	2456	GGCTG	113.35408759124087	3.356088560885609	0.0067191760299625475	0.43243636363636356	113.78	2.957	0.00531	-0.0546229405956031
ENST00000327044.7|ENSG00000188976.11|OTTHUMG00000040720.2|OTTHUMT00000097869.2|NOC2L-201|NOC2L|2757|protein_coding|	2457	GCTGC	85.21927272727272	2.055388888888889	0.006366168224299066	0.56	85.58	1.977	0.00498	-0.27881091617933723
ENST00000327044.7|ENSG00000188976.11|OTTHUMG00000040720.2|OTTHUMT00000097869.2|NOC2L-201|NOC2L|2757|protein_coding|	2458	CTGCT	96.97318584070797	2.5805089285714287	0.005719911504424778	0.29	97.9	2.422	0.00432	-0.17555625285257867
ENST00000327044.7|ENSG00000188976.11|OTTHUMG00000040720.2|OTTHUMT00000097869.2|NOC2L-201|NOC2L|2757|protein_coding|	2459	TGCTG	110.00917525773197	4.0313505154639175	0.005467446808510638	0.41494845360824745	110.64	3.884	0.00465	0.13559169449687825
ENST00000327044.7|ENSG00000188976.11|OTTHUMG00000040720.2|OTTHUMT00000097869.2|NOC2L-201|NOC2L|2757|protein_coding|	2460	GCTGA	88.68721428571428	2.3063071428571433	0.00663709219858156	-0.385	88.49	2.37	0.00498	-0.1907694235588971
ENST00000327044.7|ENSG00000188976.11|OTTHUMG00000040720.2|OTTHUMT00000097869.2|NOC2L-201|NOC2L|2757|protein_coding|	2461	CTGAA	106.71113636363637	3.031129770992367	0.0069240151515151515	-0.28	106.26	2.914	0.00531	-0.32491541848722344
ENST00000327044.7|ENSG00000188976.11|OTTHUMG00000040720.2|OTTHUMT00000097869.2|NOC2L-201|NOC2L|2757|protein_coding|	2462	TGAAG	116.49074074074076	4.815987804878049	0.005487974683544303	0.33	116.97	4.907	0.00432	-0.13381514300754502
ENST00000327044.7|ENSG00000188976.11|OTTHUMG00000040720.2|OTTHUMT00000097869.2|NOC2L-201|NOC2L|2757|protein_coding|	2463	GAAGC	99.53863636363639	5.185568181818183	0.006971590909090907	0.08	99.95	5.201	0.00531	0.27723354231974956
ENST00000327044.7|ENSG00000188976.11|OTTHUMG00000040720.2|OTTHUMT00000097869.2|NOC2L-201|NOC2L|2757|protein_coding|	2464	AAGCC	103.07589595375723	4.596497109826589	0.006963786982248522	0.13	103.26	4.181	0.00498	0.5220189105386056
ENST00000327044.7|ENSG00000188976.11|OTTHUMG00000040720.2|OTTHUMT00000097869.2|NOC2L-201|NOC2L|2757|protein_coding|	2465	AGCCC	108.82452830188679	4.483594339622642	0.006738365384615385	1.4	114.08	3.241	0.00564	0.36279463210414653
ENST00000327044.7|ENSG00000188976.11|OTTHUMG00000040720.2|OTTHUMT00000097869.2|NOC2L-201|NOC2L|2757|protein_coding|	2466	GCCCC	69.462	4.1401290322580655	0.005089	1.12	67.52	2.894	0.00398	1.0000623344241863
ENST00000327044.7|ENSG00000188976.11|OTTHUMG00000040720.2|OTTHUMT00000097869.2|NOC2L-201|NOC2L|2757|protein_coding|	2467	CCCCA	61.85428571428571	1.7186428571428574	0.005382380952380952	0.915	63.135	1.411	0.004484999999999999	inf
ENST00000327044.7|ENSG00000188976.11|OTTHUMG00000040720.2|OTTHUMT00000097869.2|NOC2L-201|NOC2L|2757|protein_coding|	2468	CCCAC	70.61089887640449	2.0571149425287363	0.005605568181818182	0.05500000000000001	70.875	1.6524999999999999	0.00498	-0.025064008280219714
ENST00000327044.7|ENSG00000188976.11|OTTHUMG00000040720.2|OTTHUMT00000097869.2|NOC2L-201|NOC2L|2757|protein_coding|	2469	CCACA	76.05848739495798	1.5741965811965812	0.005211512605042017	0.16674999999999998	76.185	1.5030000000000001	0.00465	-0.16266139298054186
ENST00000327044.7|ENSG00000188976.11|OTTHUMG00000040720.2|OTTHUMT00000097869.2|NOC2L-201|NOC2L|2757|protein_coding|	2470	CACAG	82.85236111111111	2.0332535211267606	0.005122571428571428	0.34	82.88	1.81	0.00465	-0.3606121002746036
ENST00000327044.7|ENSG00000188976.11|OTTHUMG00000040720.2|OTTHUMT00000097869.2|NOC2L-201|NOC2L|2757|protein_coding|	2471	ACAGC	91.99734939759036	3.0014534883720922	0.004706666666666666	0.88	92.545	2.92	0.00398	-0.41032347969114097
ENST00000327044.7|ENSG00000188976.11|OTTHUMG00000040720.2|OTTHUMT00000097869.2|NOC2L-201|NOC2L|2757|protein_coding|	2472	CAGCT	114.31058823529412	2.6877346938775513	0.005549183673469387	0.5658823529411765	115.17	2.567	0.00398	-0.11002162454385721
ENST00000327044.7|ENSG00000188976.11|OTTHUMG00000040720.2|OTTHUMT00000097869.2|NOC2L-201|NOC2L|2757|protein_coding|	2473	AGCTG	119.60455089820363	3.1591987951807226	0.0067483636363636365	0.59	120.14	2.887	0.00465	-0.11008484642796543
ENST00000327044.7|ENSG00000188976.11|OTTHUMG00000040720.2|OTTHUMT00000097869.2|NOC2L-201|NOC2L|2757|protein_coding|	2474	GCTGT	80.9753164556962	2.548705128205128	0.006248461538461538	0.6799999999999999	86.075	2.222	0.00564	-0.10571749887539376
ENST00000327044.7|ENSG00000188976.11|OTTHUMG00000040720.2|OTTHUMT00000097869.2|NOC2L-201|NOC2L|2757|protein_coding|	2475	CTGTG	99.65811158798282	2.743877192982456	0.006111629955947137	0.03	99.85	2.573	0.004815	-0.2741065627030539
ENST00000327044.7|ENSG00000188976.11|OTTHUMG00000040720.2|OTTHUMT00000097869.2|NOC2L-201|NOC2L|2757|protein_coding|	2476	TGTGG	96.59804347826085	6.654630434782609	0.005532888888888889	0.07	94.7	6.277	0.00465	-0.3132476331493695
ENST00000327044.7|ENSG00000188976.11|OTTHUMG00000040720.2|OTTHUMT00000097869.2|NOC2L-201|NOC2L|2757|protein_coding|	2477	GTGGG	95.25412698412698	4.26360655737705	0.005272203389830508	0.15825396825396826	95.08	3.749	0.00465	0.06857307202432315
ENST00000327044.7|ENSG00000188976.11|OTTHUMG00000040720.2|OTTHUMT00000097869.2|NOC2L-201|NOC2L|2757|protein_coding|	2478	TGGGC	112.05744680851062	5.871297872340425	0.0071741304347826065	0.12	112.77	5.895	0.00498	0.44970317835566054
ENST00000327044.7|ENSG00000188976.11|OTTHUMG00000040720.2|OTTHUMT00000097869.2|NOC2L-201|NOC2L|2757|protein_coding|	2479	GGGCT	112.97909090909091	5.155151515151515	0.00441875	-0.047272727272727265	112.02	4.503	0.00332	-0.029161673229469748
ENST00000327044.7|ENSG00000188976.11|OTTHUMG00000040720.2|OTTHUMT00000097869.2|NOC2L-201|NOC2L|2757|protein_coding|	2480	GGCTG	110.18951807228915	4.835560975609756	0.006299113924050632	-0.23927710843373493	109.79	4.724	0.00498	0.3621298522844383
ENST00000327044.7|ENSG00000188976.11|OTTHUMG00000040720.2|OTTHUMT00000097869.2|NOC2L-201|NOC2L|2757|protein_coding|	2481	GCTGC	83.80487804878051	1.9797131147540983	0.006180583333333334	-0.01	83.34	1.7999999999999998	0.00498	-0.30536381938452695
ENST00000327044.7|ENSG00000188976.11|OTTHUMG00000040720.2|OTTHUMT00000097869.2|NOC2L-201|NOC2L|2757|protein_coding|	2482	CTGCT	95.80540322580644	2.45715	0.006190901639344262	-0.2694354838709678	95.37	2.395	0.00465	-0.21496805111821085
ENST00000327044.7|ENSG00000188976.11|OTTHUMG00000040720.2|OTTHUMT00000097869.2|NOC2L-201|NOC2L|2757|protein_coding|	2483	TGCTG	111.46942307692308	3.884692307692308	0.006137281553398059	0.735	111.09	3.512	0.00498	0.0942795232936079
ENST00000327044.7|ENSG00000188976.11|OTTHUMG00000040720.2|OTTHUMT00000097869.2|NOC2L-201|NOC2L|2757|protein_coding|	2484	GCTGA	90.36689320388349	2.859701923076923	0.005597800000000001	0.08	90.17	2.676	0.00432	0.003404183535762484
ENST00000327044.7|ENSG00000188976.11|OTTHUMG00000040720.2|OTTHUMT00000097869.2|NOC2L-201|NOC2L|2757|protein_coding|	2485	CTGAA	108.71571428571426	3.8597951807228923	0.0067843373493975895	0.15	108.61	3.645	0.00498	-0.14035742077441155
ENST00000327044.7|ENSG00000188976.11|OTTHUMG00000040720.2|OTTHUMT00000097869.2|NOC2L-201|NOC2L|2757|protein_coding|	2486	TGAAG	119.60526315789474	5.413799999999999	0.005873846153846153	0.55	117.82	5.887	0.00432	-0.02629496402877704
ENST00000327044.7|ENSG00000188976.11|OTTHUMG00000040720.2|OTTHUMT00000097869.2|NOC2L-201|NOC2L|2757|protein_coding|	2487	GAAGT	103.85119658119659	4.261568965517241	0.006886283185840708	0.01	103.81	4.31	0.00498	0.049647528452522474
ENST00000327044.7|ENSG00000188976.11|OTTHUMG00000040720.2|OTTHUMT00000097869.2|NOC2L-201|NOC2L|2757|protein_coding|	2488	AAGTC	116.76243243243246	4.3107123287671225	0.006952916666666666	0.3398648648648649	117.375	4.227	0.005974999999999999	0.06965566470648195
ENST00000327044.7|ENSG00000188976.11|OTTHUMG00000040720.2|OTTHUMT00000097869.2|NOC2L-201|NOC2L|2757|protein_coding|	2489	AGTCA	130.62477707006366	4.061140127388535	0.006801381578947368	1.1349999999999998	131.565	3.7880000000000003	0.00498	-0.3309489081732232
ENST00000327044.7|ENSG00000188976.11|OTTHUMG00000040720.2|OTTHUMT00000097869.2|NOC2L-201|NOC2L|2757|protein_coding|	2490	GTCAG	78.43581818181819	2.241724770642202	0.00718675925925926	0.9018918918918919	78.58	1.7265000000000001	0.00631	-0.02533705624252075
ENST00000327044.7|ENSG00000188976.11|OTTHUMG00000040720.2|OTTHUMT00000097869.2|NOC2L-201|NOC2L|2757|protein_coding|	2491	TCAGC	93.09101694915255	2.6025043478260868	0.005356666666666667	0.65	94.695	2.3925	0.00398	-0.4887024856923209
ENST00000327044.7|ENSG00000188976.11|OTTHUMG00000040720.2|OTTHUMT00000097869.2|NOC2L-201|NOC2L|2757|protein_coding|	2492	CAGCT	111.6127419354839	2.538870967741935	0.005921639344262294	0.20500000000000002	112.465	2.4210000000000003	0.00465	-0.15931424909207445
ENST00000327044.7|ENSG00000188976.11|OTTHUMG00000040720.2|OTTHUMT00000097869.2|NOC2L-201|NOC2L|2757|protein_coding|	2493	AGCTC	119.47727272727273	3.191231884057971	0.005772985074626866	0.45999999999999996	118.58	3.0949999999999998	0.005145	-0.10106144111043067
ENST00000327044.7|ENSG00000188976.11|OTTHUMG00000040720.2|OTTHUMT00000097869.2|NOC2L-201|NOC2L|2757|protein_coding|	2494	GCTCC	81.31138211382114	4.018024590163934	0.006238416666666666	0.515	80.81	3.6145	0.00498	0.40983318953120496
ENST00000327044.7|ENSG00000188976.11|OTTHUMG00000040720.2|OTTHUMT00000097869.2|NOC2L-201|NOC2L|2757|protein_coding|	2495	CTCCG	72.53887096774194	1.7163934426229508	0.006215245901639343	0.79	72.76	1.561	0.00432	-0.2537419814682822
ENST00000327044.7|ENSG00000188976.11|OTTHUMG00000040720.2|OTTHUMT00000097869.2|NOC2L-201|NOC2L|2757|protein_coding|	2496	TCCGC	77.47192592592593	1.9973134328358209	0.006535461538461539	0.251865671641791	77.775	1.891	0.00465	-0.28154193063459676
ENST00000327044.7|ENSG00000188976.11|OTTHUMG00000040720.2|OTTHUMT00000097869.2|NOC2L-201|NOC2L|2757|protein_coding|	2497	CCGCG	88.76551724137931	3.2089084507042256	0.005989230769230768	0.6	89.07	3.0205	0.005145	0.23419555796316366
ENST00000327044.7|ENSG00000188976.11|OTTHUMG00000040720.2|OTTHUMT00000097869.2|NOC2L-201|NOC2L|2757|protein_coding|	2498	CGCGG	96.88986301369863	6.137094594594594	0.006293571428571428	0.47	98.205	5.4719999999999995	0.004484999999999999	-0.26852269432722364
ENST00000327044.7|ENSG00000188976.11|OTTHUMG00000040720.2|OTTHUMT00000097869.2|NOC2L-201|NOC2L|2757|protein_coding|	2499	GCGGG	90.11544910179641	4.715869047619048	0.006863086419753088	0.56	91.21	4.431	0.00564	-0.053038343851596885
ENST00000327044.7|ENSG00000188976.11|OTTHUMG00000040720.2|OTTHUMT00000097869.2|NOC2L-201|NOC2L|2757|protein_coding|	2500	CGGGG	115.61656249999999	4.957923076923078	0.0066659375	0.665	116.185	4.7765	0.005145	0.2241785375118711
ENST00000327044.7|ENSG00000188976.11|OTTHUMG00000040720.2|OTTHUMT00000097869.2|NOC2L-201|NOC2L|2757|protein_coding|	2501	GGGGG	109.32000000000001	4.182133333333334	0.006365999999999998	-0.26	109.16	4.115	0.00498	0.03262551440329232
ENST00000327044.7|ENSG00000188976.11|OTTHUMG00000040720.2|OTTHUMT00000097869.2|NOC2L-201|NOC2L|2757|protein_coding|	2502	GGGGA	115.78283783783785	4.227067567567568	0.0062895890410958905	0.18418918918918917	115.64	4.378	0.00498	0.04372038705372053
ENST00000327044.7|ENSG00000188976.11|OTTHUMG00000040720.2|OTTHUMT00000097869.2|NOC2L-201|NOC2L|2757|protein_coding|	2503	GGGAG	120.80056451612901	3.5763360000000004	0.00606099173553719	0.25	121.22	3.48	0.00498	0.1281817034700317
ENST00000327044.7|ENSG00000188976.11|OTTHUMG00000040720.2|OTTHUMT00000097869.2|NOC2L-201|NOC2L|2757|protein_coding|	2504	GGAGC	124.63312499999999	4.873632653061224	0.006639574468085105	0.46708333333333335	125.13	4.156	0.00498	-0.14347405042860736
ENST00000327044.7|ENSG00000188976.11|OTTHUMG00000040720.2|OTTHUMT00000097869.2|NOC2L-201|NOC2L|2757|protein_coding|	2505	GAGCT	110.71329113924051	4.326448717948718	0.006122727272727273	-0.425	110.045	4.236	0.005145	0.43259891322805244
ENST00000327044.7|ENSG00000188976.11|OTTHUMG00000040720.2|OTTHUMT00000097869.2|NOC2L-201|NOC2L|2757|protein_coding|	2506	AGCTG	115.73051948051946	3.7685657894736857	0.006555333333333332	-0.368961038961039	115.86	3.703	0.00498	0.06156782802075659
ENST00000327044.7|ENSG00000188976.11|OTTHUMG00000040720.2|OTTHUMT00000097869.2|NOC2L-201|NOC2L|2757|protein_coding|	2507	GCTGA	88.21010638297874	2.8085161290322573	0.006502127659574469	-0.41500000000000004	88.35	2.4545	0.00531	-0.014555744199207982
ENST00000327044.7|ENSG00000188976.11|OTTHUMG00000040720.2|OTTHUMT00000097869.2|NOC2L-201|NOC2L|2757|protein_coding|	2508	CTGAC	107.1143661971831	3.3779558823529414	0.00552443661971831	0.08	107.62	3.2045000000000003	0.00498	-0.2476712956897681
ENST00000327044.7|ENSG00000188976.11|OTTHUMG00000040720.2|OTTHUMT00000097869.2|NOC2L-201|NOC2L|2757|protein_coding|	2509	TGACC	118.50589041095888	8.118931506849314	0.006158550724637681	0.005890410958904125	120.03	8.634	0.00531	0.6949752623902535
ENST00000327044.7|ENSG00000188976.11|OTTHUMG00000040720.2|OTTHUMT00000097869.2|NOC2L-201|NOC2L|2757|protein_coding|	2510	GACCC	78.18979797979797	2.472469387755102	0.005370103092783505	-0.17	78.49000000000001	2.144	0.00465	-0.12011765560316655
ENST00000327044.7|ENSG00000188976.11|OTTHUMG00000040720.2|OTTHUMT00000097869.2|NOC2L-201|NOC2L|2757|protein_coding|	2511	ACCCT	68.20405325443787	1.3788065476190476	0.005868368580060423	0.04	68.2	1.245	0.00432	-0.3339098803772716
ENST00000327044.7|ENSG00000188976.11|OTTHUMG00000040720.2|OTTHUMT00000097869.2|NOC2L-201|NOC2L|2757|protein_coding|	2512	CCCTG	74.33925925925925	2.564227941176471	0.007286888888888889	0.91	74.49	2.541	0.00598	0.09116082603254072
ENST00000327044.7|ENSG00000188976.11|OTTHUMG00000040720.2|OTTHUMT00000097869.2|NOC2L-201|NOC2L|2757|protein_coding|	2513	CCTGA	94.10767754318618	2.18851171875	0.007158688845401175	0.08	94.32	2.21	0.00531	-0.23210115131578948
ENST00000327044.7|ENSG00000188976.11|OTTHUMG00000040720.2|OTTHUMT00000097869.2|NOC2L-201|NOC2L|2757|protein_coding|	2514	CTGAC	109.66233333333334	2.960545454545455	0.005583409090909091	0.81	110.835	2.6295	0.00465	-0.34063575622595665
ENST00000327044.7|ENSG00000188976.11|OTTHUMG00000040720.2|OTTHUMT00000097869.2|NOC2L-201|NOC2L|2757|protein_coding|	2515	TGACG	114.85955752212391	5.927833333333334	0.005499734513274335	-0.5	115.275	4.5405	0.004484999999999999	0.237543493389005
ENST00000327044.7|ENSG00000188976.11|OTTHUMG00000040720.2|OTTHUMT00000097869.2|NOC2L-201|NOC2L|2757|protein_coding|	2516	GACGT	72.36700729927007	2.334507462686567	0.006003181818181818	-0.66	72.275	2.2805	0.00498	-0.265878156387872
ENST00000327044.7|ENSG00000188976.11|OTTHUMG00000040720.2|OTTHUMT00000097869.2|NOC2L-201|NOC2L|2757|protein_coding|	2517	ACGTC	77.99733333333333	2.473504854368932	0.005717403846153847	0.02	78.185	2.4025	0.00465	-0.1890148018462517
ENST00000327044.7|ENSG00000188976.11|OTTHUMG00000040720.2|OTTHUMT00000097869.2|NOC2L-201|NOC2L|2757|protein_coding|	2518	CGTCA	96.8567741935484	5.907095238095237	0.005096031746031746	-0.655	93.765	5.4025	0.00432	-0.026837687298972557
ENST00000327044.7|ENSG00000188976.11|OTTHUMG00000040720.2|OTTHUMT00000097869.2|NOC2L-201|NOC2L|2757|protein_coding|	2519	GTCAG	76.28066225165563	1.9218367346938774	0.006653087248322148	0.22388157894736843	76.53	1.8085	0.00564	-0.16441881100266195
ENST00000327044.7|ENSG00000188976.11|OTTHUMG00000040720.2|OTTHUMT00000097869.2|NOC2L-201|NOC2L|2757|protein_coding|	2520	TCAGC	89.95484615384616	2.011349206349206	0.005562204724409449	-0.07	89.94	1.842	0.00465	-0.604842985000156
ENST00000327044.7|ENSG00000188976.11|OTTHUMG00000040720.2|OTTHUMT00000097869.2|NOC2L-201|NOC2L|2757|protein_coding|	2521	CAGCA	105.63695121951221	2.801156626506024	0.006331927710843374	-0.6799999999999999	105.585	2.495	0.00498	-0.07246469320992578
ENST00000327044.7|ENSG00000188976.11|OTTHUMG00000040720.2|OTTHUMT00000097869.2|NOC2L-201|NOC2L|2757|protein_coding|	2522	AGCAG	113.23768595041322	3.4340932203389833	0.005076324786324787	0.01	112.2	3.205	0.00332	-0.11033854395363123
ENST00000327044.7|ENSG00000188976.11|OTTHUMG00000040720.2|OTTHUMT00000097869.2|NOC2L-201|NOC2L|2757|protein_coding|	2523	GCAGA	100.766	3.569516666666667	0.005632666666666666	0.08901639344262295	100.995	3.561	0.003815	-0.2987197118533071
ENST00000327044.7|ENSG00000188976.11|OTTHUMG00000040720.2|OTTHUMT00000097869.2|NOC2L-201|NOC2L|2757|protein_coding|	2524	CAGAC	107.54624999999999	4.7816829268292675	0.005712051282051281	0.055499999999999994	106.19	4.612	0.00498	-0.18540324926247573
ENST00000327044.7|ENSG00000188976.11|OTTHUMG00000040720.2|OTTHUMT00000097869.2|NOC2L-201|NOC2L|2757|protein_coding|	2525	AGACC	126.13518518518518	4.8704927536231875	0.006897608695652174	0.2	126.42	3.345	0.00531	inf
ENST00000327044.7|ENSG00000188976.11|OTTHUMG00000040720.2|OTTHUMT00000097869.2|NOC2L-201|NOC2L|2757|protein_coding|	2526	GACCG	78.45073333333333	2.4001133333333335	0.006480466666666666	-0.10500000000000001	78.88	2.0015	0.00531	-0.14586714116251476
ENST00000327044.7|ENSG00000188976.11|OTTHUMG00000040720.2|OTTHUMT00000097869.2|NOC2L-201|NOC2L|2757|protein_coding|	2527	ACCGA	82.5473076923077	3.6524423076923074	0.007736893203883497	-0.24	81.935	2.702	0.00631	0.31382816823464305
ENST00000327044.7|ENSG00000188976.11|OTTHUMG00000040720.2|OTTHUMT00000097869.2|NOC2L-201|NOC2L|2757|protein_coding|	2528	CCGAG	98.04646464646463	3.38123	0.005842061855670104	0.525	98.28	3.4485	0.00498	-0.15257393483709278
ENST00000327044.7|ENSG00000188976.11|OTTHUMG00000040720.2|OTTHUMT00000097869.2|NOC2L-201|NOC2L|2757|protein_coding|	2529	CGAGA	114.60412844036698	3.9843047619047622	0.00657537037037037	-0.265	114.14	3.4515000000000002	0.00465	-0.2997706921081262
ENST00000327044.7|ENSG00000188976.11|OTTHUMG00000040720.2|OTTHUMT00000097869.2|NOC2L-201|NOC2L|2757|protein_coding|	2530	GAGAC	121.94023809523812	4.083	0.0057360465116279066	0.4	123.65	3.067	0.004484999999999999	-0.30442930153321973
ENST00000327044.7|ENSG00000188976.11|OTTHUMG00000040720.2|OTTHUMT00000097869.2|NOC2L-201|NOC2L|2757|protein_coding|	2531	AGACC	127.75622641509433	4.348574074074074	0.006297924528301887	0.41	128.22	2.68	0.00465	-0.09215572566303254
ENST00000327044.7|ENSG00000188976.11|OTTHUMG00000040720.2|OTTHUMT00000097869.2|NOC2L-201|NOC2L|2757|protein_coding|	2532	GACCA	79.96977272727273	3.947573033707865	0.006537362637362636	0.165	79.625	2.7249999999999996	0.00531	0.4048302611060018
ENST00000327044.7|ENSG00000188976.11|OTTHUMG00000040720.2|OTTHUMT00000097869.2|NOC2L-201|NOC2L|2757|protein_coding|	2533	ACCAG	73.8030303030303	1.732044776119403	0.004704000000000001	0.5256060606060606	73.61	1.6885	0.00398	-0.17912569852160987
ENST00000327044.7|ENSG00000188976.11|OTTHUMG00000040720.2|OTTHUMT00000097869.2|NOC2L-201|NOC2L|2757|protein_coding|	2534	CCAGT	98.53169811320754	3.72638679245283	0.005549633027522935	0.445	98.295	3.5495	0.00432	-0.2679004337027838
ENST00000327044.7|ENSG00000188976.11|OTTHUMG00000040720.2|OTTHUMT00000097869.2|NOC2L-201|NOC2L|2757|protein_coding|	2535	CAGTC	120.37341176470595	3.083623529411764	0.006075813953488372	0.64	121.46	3.051	0.00498	-0.23483287111370627
ENST00000327044.7|ENSG00000188976.11|OTTHUMG00000040720.2|OTTHUMT00000097869.2|NOC2L-201|NOC2L|2757|protein_coding|	2536	AGTCC	121.11523364485981	4.2520642201834855	0.005470275229357799	0.78	127.715	3.563	0.00465	inf
ENST00000327044.7|ENSG00000188976.11|OTTHUMG00000040720.2|OTTHUMT00000097869.2|NOC2L-201|NOC2L|2757|protein_coding|	2537	GTCCC	70.7251219512195	1.6548500000000002	0.00728780487804878	0.525	69.83000000000001	1.3465	0.005974999999999999	-0.28049999999999986
ENST00000327044.7|ENSG00000188976.11|OTTHUMG00000040720.2|OTTHUMT00000097869.2|NOC2L-201|NOC2L|2757|protein_coding|	2538	TCCCA	65.91375000000001	2.09525	0.004221428571428571	0.385	65.235	1.246	0.003985	0.012198067632850347
ENST00000327044.7|ENSG00000188976.11|OTTHUMG00000040720.2|OTTHUMT00000097869.2|NOC2L-201|NOC2L|2757|protein_coding|	2539	CCCAG	74.24510822510823	1.7795652173913044	0.004331321585903084	0.91	74.405	1.6295000000000002	0.00365	-0.15660416237378935
ENST00000327044.7|ENSG00000188976.11|OTTHUMG00000040720.2|OTTHUMT00000097869.2|NOC2L-201|NOC2L|2757|protein_coding|	2540	CCAGT	100.18926174496644	4.045006711409396	0.005366164383561644	0.865	101.685	3.9395	0.00432	-0.20530320011603218
ENST00000327044.7|ENSG00000188976.11|OTTHUMG00000040720.2|OTTHUMT00000097869.2|NOC2L-201|NOC2L|2757|protein_coding|	2541	CAGTT	124.57806451612903	3.913317073170731	0.00621208	0.51	125.17	3.599	0.00498	-0.028953579858379472
ENST00000327044.7|ENSG00000188976.11|OTTHUMG00000040720.2|OTTHUMT00000097869.2|NOC2L-201|NOC2L|2757|protein_coding|	2542	AGTTC	122.87065573770491	6.07275	0.005699166666666667	0.06	124.32	6.246	0.00398	-0.189218958611482
ENST00000327044.7|ENSG00000188976.11|OTTHUMG00000040720.2|OTTHUMT00000097869.2|NOC2L-201|NOC2L|2757|protein_coding|	2543	GTTCC	76.7128888888889	2.428237037037037	0.004669850746268657	0.2	76.49	2.1130000000000004	0.00398	0.1730613705492934
ENST00000327044.7|ENSG00000188976.11|OTTHUMG00000040720.2|OTTHUMT00000097869.2|NOC2L-201|NOC2L|2757|protein_coding|	2544	TTCCA	70.26063829787235	1.3538936170212763	0.004944255319148935	0.19	70.95	1.298	0.00398	-0.4113506012950972
ENST00000327044.7|ENSG00000188976.11|OTTHUMG00000040720.2|OTTHUMT00000097869.2|NOC2L-201|NOC2L|2757|protein_coding|	2545	TCCAG	73.30661971830985	1.7443285714285715	0.005283188405797101	0.225	73.14	1.5939999999999999	0.00432	-0.17330399458361537
ENST00000327044.7|ENSG00000188976.11|OTTHUMG00000040720.2|OTTHUMT00000097869.2|NOC2L-201|NOC2L|2757|protein_coding|	2546	CCAGG	91.8760447761194	4.7920223880597	0.006257272727272728	0.03	92.0	4.867	0.00498	-0.05854177051872293
ENST00000327044.7|ENSG00000188976.11|OTTHUMG00000040720.2|OTTHUMT00000097869.2|NOC2L-201|NOC2L|2757|protein_coding|	2547	CAGGG	92.49564102564102	5.213315789473684	0.005177297297297298	0.32512820512820517	93.92	5.44	0.00531	-0.3350362513426423
ENST00000327044.7|ENSG00000188976.11|OTTHUMG00000040720.2|OTTHUMT00000097869.2|NOC2L-201|NOC2L|2757|protein_coding|	2548	AGGGG	118.20415384615386	5.482333333333333	0.00817484375	0.965	118.49000000000001	5.6235	0.00664	0.3536625514403292
ENST00000327044.7|ENSG00000188976.11|OTTHUMG00000040720.2|OTTHUMT00000097869.2|NOC2L-201|NOC2L|2757|protein_coding|	2549	GGGGG	110.073	5.3787199999999995	0.006504081632653062	-0.1242	110.635	5.1775	0.00498	0.32807901234567893
ENST00000327044.7|ENSG00000188976.11|OTTHUMG00000040720.2|OTTHUMT00000097869.2|NOC2L-201|NOC2L|2757|protein_coding|	2550	GGGGA	116.07226666666666	4.971456375838927	0.00957228187919463	0.24446666666666667	115.87	4.784	0.00664	0.22752009279973512
ENST00000327044.7|ENSG00000188976.11|OTTHUMG00000040720.2|OTTHUMT00000097869.2|NOC2L-201|NOC2L|2757|protein_coding|	2551	GGGAG	120.40394136807818	5.3509967948717945	0.006641960132890365	0.01	120.25	5.246499999999999	0.004815	0.6880116072150771
ENST00000327044.7|ENSG00000188976.11|OTTHUMG00000040720.2|OTTHUMT00000097869.2|NOC2L-201|NOC2L|2757|protein_coding|	2552	GGAGG	113.48692307692308	8.084909090909093	0.00679546875	-0.04	112.26	7.818999999999999	0.004815	0.4208979070139003
ENST00000327044.7|ENSG00000188976.11|OTTHUMG00000040720.2|OTTHUMT00000097869.2|NOC2L-201|NOC2L|2757|protein_coding|	2553	GAGGC	120.03849056603775	6.9124	0.006300754716981131	0.99	123.15	6.041	0.00398	-0.11831632653061225
ENST00000327044.7|ENSG00000188976.11|OTTHUMG00000040720.2|OTTHUMT00000097869.2|NOC2L-201|NOC2L|2757|protein_coding|	2554	AGGCC	108.9319512195122	10.291554216867471	0.006831282051282051	0.32	110.27	10.368	0.00564	0.9381458035531962
ENST00000327044.7|ENSG00000188976.11|OTTHUMG00000040720.2|OTTHUMT00000097869.2|NOC2L-201|NOC2L|2757|protein_coding|	2555	GGCCT	102.44529411764707	8.41073913043478	0.007145223880597015	-0.75	101.91	8.344	0.00598	1.556455662746134
ENST00000327044.7|ENSG00000188976.11|OTTHUMG00000040720.2|OTTHUMT00000097869.2|NOC2L-201|NOC2L|2757|protein_coding|	2556	GCCTG	69.99312138728322	2.602896551724138	0.006100113636363636	0.1	70.065	2.1555	0.00498	0.10761555392516499
ENST00000327044.7|ENSG00000188976.11|OTTHUMG00000040720.2|OTTHUMT00000097869.2|NOC2L-201|NOC2L|2757|protein_coding|	2557	CCTGC	83.37014492753623	3.1216115107913667	0.0055169784172661865	-0.395	82.405	2.993	0.00465	0.0953022844881988
ENST00000327044.7|ENSG00000188976.11|OTTHUMG00000040720.2|OTTHUMT00000097869.2|NOC2L-201|NOC2L|2757|protein_coding|	2558	CTGCA	93.92613095238096	4.484769999999999	0.005630020161290323	-0.305	93.60499999999999	4.3095	0.00398	0.4328338658146963
ENST00000327044.7|ENSG00000188976.11|OTTHUMG00000040720.2|OTTHUMT00000097869.2|NOC2L-201|NOC2L|2757|protein_coding|	2559	TGCAG	103.0332380952381	5.379836538461538	0.005340792079207921	-0.057809523809523804	102.02	5.108	0.00398	0.3937400358708647
ENST00000327044.7|ENSG00000188976.11|OTTHUMG00000040720.2|OTTHUMT00000097869.2|NOC2L-201|NOC2L|2757|protein_coding|	2560	GCAGG	88.44841176470588	5.691714285714286	0.006427514792899409	0.27	89.61	5.3155	0.00498	0.11821498737019377
ENST00000327044.7|ENSG00000188976.11|OTTHUMG00000040720.2|OTTHUMT00000097869.2|NOC2L-201|NOC2L|2757|protein_coding|	2561	CAGGC	112.9321052631579	8.185517241379312	0.00919122807017544	-0.1185964912280702	112.94999999999999	7.919	0.00465	0.04407107670654492
ENST00000327044.7|ENSG00000188976.11|OTTHUMG00000040720.2|OTTHUMT00000097869.2|NOC2L-201|NOC2L|2757|protein_coding|	2562	AGGCC	112.27010909090909	9.083741818181819	0.008017415730337079	0.4526642335766423	112.88	9.627	0.00631	0.7106858414655027
ENST00000327044.7|ENSG00000188976.11|OTTHUMG00000040720.2|OTTHUMT00000097869.2|NOC2L-201|NOC2L|2757|protein_coding|	2563	GGCCC	105.45883597883598	5.207842105263158	0.011194731182795702	0.08	105.4	5.228	0.0083	0.5829307310830266
ENST00000327044.7|ENSG00000188976.11|OTTHUMG00000040720.2|OTTHUMT00000097869.2|NOC2L-201|NOC2L|2757|protein_coding|	2564	GCCCC	65.33444444444444	2.0399906542056074	0.007116481481481481	0.15000000000000002	65.255	1.6185	0.00531	-0.014497268499706477
ENST00000327044.7|ENSG00000188976.11|OTTHUMG00000040720.2|OTTHUMT00000097869.2|NOC2L-201|NOC2L|2757|protein_coding|	2565	CCCCT	62.88280303030302	1.2107756653992394	0.007016525096525096	-0.59	62.97	1.156	0.00498	-0.41508421961389397
ENST00000327044.7|ENSG00000188976.11|OTTHUMG00000040720.2|OTTHUMT00000097869.2|NOC2L-201|NOC2L|2757|protein_coding|	2566	CCCTG	71.17364705882353	2.427802325581396	0.0054034482758620675	-0.11000000000000001	71.31	2.2105	0.00432	inf
ENST00000327044.7|ENSG00000188976.11|OTTHUMG00000040720.2|OTTHUMT00000097869.2|NOC2L-201|NOC2L|2757|protein_coding|	2567	CCTGG	90.76637681159418	2.628441176470588	0.005351343283582088	0.6847826086956522	91.16	2.524	0.00498	-0.07773993808049548
ENST00000327044.7|ENSG00000188976.11|OTTHUMG00000040720.2|OTTHUMT00000097869.2|NOC2L-201|NOC2L|2757|protein_coding|	2568	CTGGC	101.3259405940594	4.73685576923077	0.008967254901960785	-0.1	101.84	4.758	0.00564	0.18718189705031824
ENST00000327044.7|ENSG00000188976.11|OTTHUMG00000040720.2|OTTHUMT00000097869.2|NOC2L-201|NOC2L|2757|protein_coding|	2569	TGGCC	91.1134375	3.8489687499999996	0.007199062500000001	0.48	103.66499999999999	3.87	0.00398	inf
ENST00000327044.7|ENSG00000188976.11|OTTHUMG00000040720.2|OTTHUMT00000097869.2|NOC2L-201|NOC2L|2757|protein_coding|	2570	GGCCC	104.6022857142857	4.488821428571429	0.007638888888888889	-0.01	104.65	3.912	0.00598	0.364383412939644
ENST00000327044.7|ENSG00000188976.11|OTTHUMG00000040720.2|OTTHUMT00000097869.2|NOC2L-201|NOC2L|2757|protein_coding|	2571	GCCCC	64.49000000000001	1.5118018018018018	0.006624910714285713	-0.05	64.41	1.334	0.00531	-0.26966096531313916
ENST00000327044.7|ENSG00000188976.11|OTTHUMG00000040720.2|OTTHUMT00000097869.2|NOC2L-201|NOC2L|2757|protein_coding|	2572	CCCCT	62.95109433962264	1.1360977443609022	0.006377854406130268	-0.53	63.05	1.088	0.00498	-0.4511605099705786
ENST00000327044.7|ENSG00000188976.11|OTTHUMG00000040720.2|OTTHUMT00000097869.2|NOC2L-201|NOC2L|2757|protein_coding|	2573	CCCTT	69.52733333333333	1.229751515151515	0.007103024691358025	-0.35	69.54	1.2255	0.00531	-0.47670148291424896
ENST00000327044.7|ENSG00000188976.11|OTTHUMG00000040720.2|OTTHUMT00000097869.2|NOC2L-201|NOC2L|2757|protein_coding|	2574	CCTTC	74.93744680851064	1.0473586956521737	0.006717956989247311	-0.12489361702127656	75.325	1.0415	0.00531	-0.567207150556953
ENST00000327044.7|ENSG00000188976.11|OTTHUMG00000040720.2|OTTHUMT00000097869.2|NOC2L-201|NOC2L|2757|protein_coding|	2575	CTTCC	74.18672131147542	0.9365206611570249	0.006173361344537815	-0.010163934426229503	73.9	0.946	0.00465	-0.5475745598275241
ENST00000327044.7|ENSG00000188976.11|OTTHUMG00000040720.2|OTTHUMT00000097869.2|NOC2L-201|NOC2L|2757|protein_coding|	2576	TTCCA	69.69960000000002	1.222986842105263	0.0063426666666666675	-0.17	69.87	1.167	0.00432	-0.4682665903890161
ENST00000327044.7|ENSG00000188976.11|OTTHUMG00000040720.2|OTTHUMT00000097869.2|NOC2L-201|NOC2L|2757|protein_coding|	2577	TCCAC	72.724	1.0411904761904762	0.006078095238095238	-0.02	72.67	1.026	0.00432	-0.5065447980139923
ENST00000327044.7|ENSG00000188976.11|OTTHUMG00000040720.2|OTTHUMT00000097869.2|NOC2L-201|NOC2L|2757|protein_coding|	2578	CCACC	72.64275659824047	0.9625029585798818	0.007880597014925373	-0.035	72.47	0.966	0.00598	-0.48803034118091393
ENST00000327044.7|ENSG00000188976.11|OTTHUMG00000040720.2|OTTHUMT00000097869.2|NOC2L-201|NOC2L|2757|protein_coding|	2579	CACCA	77.28318681318683	1.0634945054945053	0.007169775280898876	0.459	77.205	1.033	0.005475	-0.621532204450354
ENST00000327044.7|ENSG00000188976.11|OTTHUMG00000040720.2|OTTHUMT00000097869.2|NOC2L-201|NOC2L|2757|protein_coding|	2580	ACCAC	75.69086956521738	1.0295	0.006705524861878454	0.6367391304347826	75.745	0.9955	0.005145	-0.512085308056872
ENST00000327044.7|ENSG00000188976.11|OTTHUMG00000040720.2|OTTHUMT00000097869.2|NOC2L-201|NOC2L|2757|protein_coding|	2581	CCACC	73.42100840336134	1.0232833333333333	0.005509411764705883	0.41	73.50999999999999	1.0350000000000001	0.004484999999999999	-0.455700354609929
ENST00000327044.7|ENSG00000188976.11|OTTHUMG00000040720.2|OTTHUMT00000097869.2|NOC2L-201|NOC2L|2757|protein_coding|	2582	CACCT	76.88085714285714	1.1921	0.0050178571428571425	0.395	76.92	1.0979999999999999	0.004484999999999999	inf
ENST00000327044.7|ENSG00000188976.11|OTTHUMG00000040720.2|OTTHUMT00000097869.2|NOC2L-201|NOC2L|2757|protein_coding|	2583	ACCTC	70.69111111111111	1.271581818181818	0.0053301818181818155	0.875	71.67	1.113	0.00531	-0.4589013539651839
ENST00000327044.7|ENSG00000188976.11|OTTHUMG00000040720.2|OTTHUMT00000097869.2|NOC2L-201|NOC2L|2757|protein_coding|	2584	CCTCT	74.79066666666667	1.2635681818181819	0.005953181818181817	-0.1433333333333333	75.02	1.19	0.00498	-0.5566427432216906
ENST00000327044.7|ENSG00000188976.11|OTTHUMG00000040720.2|OTTHUMT00000097869.2|NOC2L-201|NOC2L|2757|protein_coding|	2585	CTCTG	77.9478102189781	1.1668029197080292	0.005606888888888888	-0.3856934306569344	77.56	1.158	0.00432	-0.4363270919284883
ENST00000327044.7|ENSG00000188976.11|OTTHUMG00000040720.2|OTTHUMT00000097869.2|NOC2L-201|NOC2L|2757|protein_coding|	2586	TCTGC	84.56063829787234	1.6244545454545456	0.006459354838709677	0.17	84.445	1.593	0.004815	-0.43001594896331735
ENST00000327044.7|ENSG00000188976.11|OTTHUMG00000040720.2|OTTHUMT00000097869.2|NOC2L-201|NOC2L|2757|protein_coding|	2587	CTGCC	93.99598684210525	2.0297727272727273	0.0059973684210526314	0.89	94.39	2.045	0.00465	-0.35151031077548645
ENST00000327044.7|ENSG00000188976.11|OTTHUMG00000040720.2|OTTHUMT00000097869.2|NOC2L-201|NOC2L|2757|protein_coding|	2588	TGCCC	104.40106796116504	4.0875	0.005484600000000001	0.555	104.66499999999999	3.3194999999999997	0.00465	0.24240121580547122
ENST00000327044.7|ENSG00000188976.11|OTTHUMG00000040720.2|OTTHUMT00000097869.2|NOC2L-201|NOC2L|2757|protein_coding|	2589	GCCCT	65.67460784313724	2.212782178217822	0.005553699999999999	-0.25	65.67	1.743	0.00465	0.06897689768976921
ENST00000327044.7|ENSG00000188976.11|OTTHUMG00000040720.2|OTTHUMT00000097869.2|NOC2L-201|NOC2L|2757|protein_coding|	2590	CCCTC	68.74132352941176	1.4007462686567165	0.0057456923076923076	-0.006911764705882357	69.52	1.398	0.00498	-0.4039377580184185
ENST00000327044.7|ENSG00000188976.11|OTTHUMG00000040720.2|OTTHUMT00000097869.2|NOC2L-201|NOC2L|2757|protein_coding|	2591	CCTCC	72.64755102040816	1.2173673469387754	0.004626999999999999	0.03	72.47	1.139	0.00398	-0.5728535624776226
ENST00000327044.7|ENSG00000188976.11|OTTHUMG00000040720.2|OTTHUMT00000097869.2|NOC2L-201|NOC2L|2757|protein_coding|	2592	CTCCG	70.8147311827957	1.335358695652174	0.005694130434782609	0.13569892473118272	70.92500000000001	1.3345	0.00465	-0.41940926275992435
ENST00000327044.7|ENSG00000188976.11|OTTHUMG00000040720.2|OTTHUMT00000097869.2|NOC2L-201|NOC2L|2757|protein_coding|	2593	TCCGT	79.2068131868132	1.7119195402298848	0.006005111111111112	0.63	79.31	1.747	0.00498	-0.38420160423385435
ENST00000327044.7|ENSG00000188976.11|OTTHUMG00000040720.2|OTTHUMT00000097869.2|NOC2L-201|NOC2L|2757|protein_coding|	2594	CCGTC	88.6662886597938	2.4884000000000004	0.005206736842105262	-0.19	88.465	2.028	0.00398	-0.18413114754098342
ENST00000327044.7|ENSG00000188976.11|OTTHUMG00000040720.2|OTTHUMT00000097869.2|NOC2L-201|NOC2L|2757|protein_coding|	2595	CGTCT	95.11833333333333	5.695636363636363	0.006786511627906976	-0.875	94.83500000000001	5.9635	0.005145	-0.061674404672757345
ENST00000327044.7|ENSG00000188976.11|OTTHUMG00000040720.2|OTTHUMT00000097869.2|NOC2L-201|NOC2L|2757|protein_coding|	2596	GTCTG	78.01588235294118	1.990970802919708	0.006502074074074073	0.325	78.25999999999999	1.57	0.00498	-0.03817835607743569
ENST00000327044.7|ENSG00000188976.11|OTTHUMG00000040720.2|OTTHUMT00000097869.2|NOC2L-201|NOC2L|2757|protein_coding|	2597	TCTGC	84.22195876288659	2.797154639175258	0.006685684210526315	-0.46	82.17500000000001	1.7919999999999998	0.005145	-0.018542231868330566
ENST00000327044.7|ENSG00000188976.11|OTTHUMG00000040720.2|OTTHUMT00000097869.2|NOC2L-201|NOC2L|2757|protein_coding|	2598	CTGCA	93.2824060150376	2.554727272727273	0.00644234375	-0.39526315789473687	92.93	2.0835	0.004815	-0.18379320360151022
ENST00000327044.7|ENSG00000188976.11|OTTHUMG00000040720.2|OTTHUMT00000097869.2|NOC2L-201|NOC2L|2757|protein_coding|	2599	TGCAG	100.85553191489362	3.8030408163265306	0.005848723404255318	-0.4	101.24	3.569	0.00465	-0.014756265200380649
ENST00000327044.7|ENSG00000188976.11|OTTHUMG00000040720.2|OTTHUMT00000097869.2|NOC2L-201|NOC2L|2757|protein_coding|	2600	GCAGA	97.58540540540541	4.661026315789473	0.006056486486486486	-0.09	97.62	4.28	0.00531	-0.08427773756591876
ENST00000327044.7|ENSG00000188976.11|OTTHUMG00000040720.2|OTTHUMT00000097869.2|NOC2L-201|NOC2L|2757|protein_coding|	2601	CAGAC	110.02047619047616	4.689219512195122	0.005562926829268292	0.3814285714285714	108.705	4.2805	0.00465	-0.20115510865500472
ENST00000327044.7|ENSG00000188976.11|OTTHUMG00000040720.2|OTTHUMT00000097869.2|NOC2L-201|NOC2L|2757|protein_coding|	2602	AGACC	125.40369369369371	5.039382608695652	0.007101739130434782	0.03	125.04	3.541	0.00531	0.05206317509303797
ENST00000327044.7|ENSG00000188976.11|OTTHUMG00000040720.2|OTTHUMT00000097869.2|NOC2L-201|NOC2L|2757|protein_coding|	2603	GACCT	78.7155737704918	2.5753275862068965	0.005520508474576271	-0.36	78.49	2.03	0.00498	-0.0835133145171187
ENST00000327044.7|ENSG00000188976.11|OTTHUMG00000040720.2|OTTHUMT00000097869.2|NOC2L-201|NOC2L|2757|protein_coding|	2604	ACCTC	70.53606557377049	1.2192903225806453	0.0055075409836065565	0.37	70.3	1.148	0.00432	-0.481153054221002
ENST00000327044.7|ENSG00000188976.11|OTTHUMG00000040720.2|OTTHUMT00000097869.2|NOC2L-201|NOC2L|2757|protein_coding|	2605	CCTCG	73.99849056603773	1.3961904761904762	0.005862	-0.115	74.53	1.2679999999999998	0.00498	-0.510108604845447
ENST00000327044.7|ENSG00000188976.11|OTTHUMG00000040720.2|OTTHUMT00000097869.2|NOC2L-201|NOC2L|2757|protein_coding|	2606	CTCGT	81.49475000000001	1.7139406779661017	0.007002372881355933	-0.15383333333333335	81.9	1.7115	0.00531	-0.25480840088430357
ENST00000327044.7|ENSG00000188976.11|OTTHUMG00000040720.2|OTTHUMT00000097869.2|NOC2L-201|NOC2L|2757|protein_coding|	2607	TCGTC	92.41293333333334	2.4378108108108107	0.005757260273972603	0.7727631578947368	93.215	2.2735000000000003	0.00564	-0.2007177669472751
ENST00000327044.7|ENSG00000188976.11|OTTHUMG00000040720.2|OTTHUMT00000097869.2|NOC2L-201|NOC2L|2757|protein_coding|	2608	CGTCC	100.85249999999999	6.089944444444445	0.006237479674796749	-0.26	99.98	6.1505	0.00531	0.003285740435658079
ENST00000327044.7|ENSG00000188976.11|OTTHUMG00000040720.2|OTTHUMT00000097869.2|NOC2L-201|NOC2L|2757|protein_coding|	2609	GTCCA	71.15428571428572	1.4343265306122448	0.005717959183673469	0.8061224489795918	71.13	1.369	0.00465	-0.37637976929902395
ENST00000327044.7|ENSG00000188976.11|OTTHUMG00000040720.2|OTTHUMT00000097869.2|NOC2L-201|NOC2L|2757|protein_coding|	2610	TCCAT	74.33770370370371	1.3981897810218977	0.005893211678832116	0.755	75.84	1.282	0.005145	-0.337350814681565
ENST00000327044.7|ENSG00000188976.11|OTTHUMG00000040720.2|OTTHUMT00000097869.2|NOC2L-201|NOC2L|2757|protein_coding|	2611	CCATC	84.73589285714284	2.1715405405405406	0.006252592592592593	0.47	85.125	1.752	0.004815	0.019502601192742105
ENST00000327044.7|ENSG00000188976.11|OTTHUMG00000040720.2|OTTHUMT00000097869.2|NOC2L-201|NOC2L|2757|protein_coding|	2612	CATCT	86.3077049180328	3.510741379310345	0.005363275862068965	-0.27704918032786885	86.41	3.515	0.00465	-0.38408045977011496
ENST00000327044.7|ENSG00000188976.11|OTTHUMG00000040720.2|OTTHUMT00000097869.2|NOC2L-201|NOC2L|2757|protein_coding|	2613	ATCTG	77.38464912280702	2.0809067796610172	0.006220085470085469	0.18	77.44	1.81	0.00531	0.0052689756816509115
ENST00000327044.7|ENSG00000188976.11|OTTHUMG00000040720.2|OTTHUMT00000097869.2|NOC2L-201|NOC2L|2757|protein_coding|	2614	TCTGC	84.88066666666664	1.9042038834951458	0.006435294117647057	0.365	85.275	1.8155000000000001	0.00498	-0.3318582864929313
ENST00000327044.7|ENSG00000188976.11|OTTHUMG00000040720.2|OTTHUMT00000097869.2|NOC2L-201|NOC2L|2757|protein_coding|	2615	CTGCA	97.62277777777778	2.6514471544715446	0.00608491935483871	0.6751587301587302	99.25999999999999	2.3185000000000002	0.004484999999999999	-0.15289228291643941
ENST00000327044.7|ENSG00000188976.11|OTTHUMG00000040720.2|OTTHUMT00000097869.2|NOC2L-201|NOC2L|2757|protein_coding|	2616	TGCAC	107.59775193798447	6.461646153846153	0.006313252032520326	-0.16	106.89	6.84	0.00531	0.6740015942606614
ENST00000327044.7|ENSG00000188976.11|OTTHUMG00000040720.2|OTTHUMT00000097869.2|NOC2L-201|NOC2L|2757|protein_coding|	2617	GCACC	70.46759999999999	1.9381184210526314	0.0058377922077922076	-0.03	70.6	1.533	0.00498	0.03091405375139976
ENST00000327044.7|ENSG00000188976.11|OTTHUMG00000040720.2|OTTHUMT00000097869.2|NOC2L-201|NOC2L|2757|protein_coding|	2618	CACCA	76.64808823529413	2.921029411764706	0.006278235294117647	0.32	76.7	2.596	0.00432	0.03951224617961073
ENST00000327044.7|ENSG00000188976.11|OTTHUMG00000040720.2|OTTHUMT00000097869.2|NOC2L-201|NOC2L|2757|protein_coding|	2619	ACCAG	70.64955357142857	2.6168672566371676	0.006726608695652173	0.25	72.52	2.454	0.00498	inf
ENST00000327044.7|ENSG00000188976.11|OTTHUMG00000040720.2|OTTHUMT00000097869.2|NOC2L-201|NOC2L|2757|protein_coding|	2620	CCAGG	94.97673913043481	7.066391304347826	0.005840681818181818	0.97	97.885	7.343999999999999	0.005145	0.38828905782864964
ENST00000327044.7|ENSG00000188976.11|OTTHUMG00000040720.2|OTTHUMT00000097869.2|NOC2L-201|NOC2L|2757|protein_coding|	2621	CAGGC	108.44133333333333	7.955500000000001	0.007605227272727272	-0.5584444444444443	109.06	8.233	0.00564	0.014732142857142963
ENST00000327044.7|ENSG00000188976.11|OTTHUMG00000040720.2|OTTHUMT00000097869.2|NOC2L-201|NOC2L|2757|protein_coding|	2622	AGGCT	119.83246753246753	8.24246153846154	0.005743421052631578	-0.05500000000000001	119.675	8.7665	0.00398	0.552252643778068
ENST00000327044.7|ENSG00000188976.11|OTTHUMG00000040720.2|OTTHUMT00000097869.2|NOC2L-201|NOC2L|2757|protein_coding|	2623	GGCTC	110.70594594594597	5.260061224489796	0.00764703448275862	-0.1	110.84	5.334	0.00598	0.48170738718022427
ENST00000327044.7|ENSG00000188976.11|OTTHUMG00000040720.2|OTTHUMT00000097869.2|NOC2L-201|NOC2L|2757|protein_coding|	2624	GCTCT	76.85074074074075	2.0373164556962027	0.0063036708860759495	-1.205	75.37	1.8445	0.00531	-0.28515212080834995
ENST00000327044.7|ENSG00000188976.11|OTTHUMG00000040720.2|OTTHUMT00000097869.2|NOC2L-201|NOC2L|2757|protein_coding|	2625	CTCTG	78.27192000000001	1.5324841269841272	0.005718159999999999	-0.025	78.53	1.4385	0.00465	-0.2596695038724023
ENST00000327044.7|ENSG00000188976.11|OTTHUMG00000040720.2|OTTHUMT00000097869.2|NOC2L-201|NOC2L|2757|protein_coding|	2626	TCTGC	83.59770992366411	1.6600620155038757	0.005885503875968993	-0.08618320610687022	83.36	1.6675	0.00465	-0.41752209982320154
ENST00000327044.7|ENSG00000188976.11|OTTHUMG00000040720.2|OTTHUMT00000097869.2|NOC2L-201|NOC2L|2757|protein_coding|	2627	CTGCC	93.8646875	2.05290625	0.00558340425531915	0.7046874999999999	94.375	1.9580000000000002	0.00498	-0.3441194089456869
ENST00000327044.7|ENSG00000188976.11|OTTHUMG00000040720.2|OTTHUMT00000097869.2|NOC2L-201|NOC2L|2757|protein_coding|	2628	TGCCT	101.07106557377048	3.625173553719008	0.005397333333333334	-0.495	100.85499999999999	3.028	0.00398	0.10187646009696297
ENST00000327044.7|ENSG00000188976.11|OTTHUMG00000040720.2|OTTHUMT00000097869.2|NOC2L-201|NOC2L|2757|protein_coding|	2629	GCCTT	70.808	1.4262555555555556	0.006827444444444445	-0.07	70.27000000000001	1.2930000000000001	0.005145	-0.39308274231678486
ENST00000327044.7|ENSG00000188976.11|OTTHUMG00000040720.2|OTTHUMT00000097869.2|NOC2L-201|NOC2L|2757|protein_coding|	2630	CCTTC	74.75225352112678	1.1602222222222223	0.0060986301369863015	-0.14500000000000002	74.86	1.0575	0.00498	-0.5205693296602387
ENST00000327044.7|ENSG00000188976.11|OTTHUMG00000040720.2|OTTHUMT00000097869.2|NOC2L-201|NOC2L|2757|protein_coding|	2631	CTTCA	77.76918367346939	1.2078453608247424	0.007303854166666668	0.02	77.7	1.169	0.00531	-0.4164998256885302
ENST00000327044.7|ENSG00000188976.11|OTTHUMG00000040720.2|OTTHUMT00000097869.2|NOC2L-201|NOC2L|2757|protein_coding|	2632	TTCAC	77.56470588235294	1.1974545454545453	0.0054465625	0.1335294117647059	77.435	1.14	0.004484999999999999	-0.47936758893280634
ENST00000327044.7|ENSG00000188976.11|OTTHUMG00000040720.2|OTTHUMT00000097869.2|NOC2L-201|NOC2L|2757|protein_coding|	2633	TCACT	79.07514184397164	1.5363118279569892	0.007790766423357663	-0.21	78.925	1.4409999999999998	0.00564	-0.18281285746968656
ENST00000327044.7|ENSG00000188976.11|OTTHUMG00000040720.2|OTTHUMT00000097869.2|NOC2L-201|NOC2L|2757|protein_coding|	2634	CACTC	84.39032786885247	1.72	0.004991525423728813	-0.2333333333333333	84.5	1.693	0.003815	-0.36996336996337
ENST00000327044.7|ENSG00000188976.11|OTTHUMG00000040720.2|OTTHUMT00000097869.2|NOC2L-201|NOC2L|2757|protein_coding|	2635	ACTCC	80.12872727272728	1.8456842105263156	0.005010555555555555	-0.2	79.95	1.852	0.00432	-0.35239150507848577
ENST00000327044.7|ENSG00000188976.11|OTTHUMG00000040720.2|OTTHUMT00000097869.2|NOC2L-201|NOC2L|2757|protein_coding|	2636	CTCCC	69.41617021276596	1.5665999999999998	0.00506010989010989	0.56	69.2	1.576	0.00432	-0.31886956521739135
ENST00000327044.7|ENSG00000188976.11|OTTHUMG00000040720.2|OTTHUMT00000097869.2|NOC2L-201|NOC2L|2757|protein_coding|	2637	TCCCC	64.93164179104477	1.719028985507246	0.005219264705882353	0.02	64.995	1.689	0.00432	-0.16955121473079895
ENST00000327044.7|ENSG00000188976.11|OTTHUMG00000040720.2|OTTHUMT00000097869.2|NOC2L-201|NOC2L|2757|protein_coding|	2638	CCCCC	60.892380952380954	1.4712289156626508	0.005678941176470588	-0.35	61.33	1.344	0.00498	-0.28926139339968554
ENST00000327044.7|ENSG00000188976.11|OTTHUMG00000040720.2|OTTHUMT00000097869.2|NOC2L-201|NOC2L|2757|protein_coding|	2639	CCCCA	64.51732394366195	1.4986944444444446	0.005081014492753622	0.6699999999999999	64.81	1.4825	0.004484999999999999	-0.27599302200751463
ENST00000327044.7|ENSG00000188976.11|OTTHUMG00000040720.2|OTTHUMT00000097869.2|NOC2L-201|NOC2L|2757|protein_coding|	2640	CCCAA	73.33283018867924	1.7072499999999997	0.005011923076923077	0.225	74.03	1.6475	0.004484999999999999	-0.19087677725118493
ENST00000327044.7|ENSG00000188976.11|OTTHUMG00000040720.2|OTTHUMT00000097869.2|NOC2L-201|NOC2L|2757|protein_coding|	2641	CCAAG	88.88792452830191	3.105818181818181	0.0053539999999999985	1.05	90.21000000000001	3.3285	0.00465	inf
ENST00000327044.7|ENSG00000188976.11|OTTHUMG00000040720.2|OTTHUMT00000097869.2|NOC2L-201|NOC2L|2757|protein_coding|	2642	CAAGT	107.45904761904762	3.616888888888889	0.0063825806451612895	0.355	106.95	3.5715	0.0053100000000000005	-0.1091406677613573
ENST00000327044.7|ENSG00000188976.11|OTTHUMG00000040720.2|OTTHUMT00000097869.2|NOC2L-201|NOC2L|2757|protein_coding|	2643	AAGTC	116.21151515151516	3.602359375	0.005143174603174602	0.23	115.795	3.357	0.00465	-0.10611429900744428
ENST00000327044.7|ENSG00000188976.11|OTTHUMG00000040720.2|OTTHUMT00000097869.2|NOC2L-201|NOC2L|2757|protein_coding|	2644	AGTCT	122.736	6.803363636363637	0.006713333333333333	-0.045	124.255	7.061999999999999	0.004815	0.12081773251460248
ENST00000327044.7|ENSG00000188976.11|OTTHUMG00000040720.2|OTTHUMT00000097869.2|NOC2L-201|NOC2L|2757|protein_coding|	2645	GTCTT	77.52493150684933	1.8323999999999998	0.0054696052631578946	0.7	78.7	1.231	0.00465	-0.1147826086956522
ENST00000327044.7|ENSG00000188976.11|OTTHUMG00000040720.2|OTTHUMT00000097869.2|NOC2L-201|NOC2L|2757|protein_coding|	2646	TCTTT	78.98244444444444	1.8857500000000003	0.005636956521739131	0.22	80.66	1.268	0.00432	-0.22076446280991724
ENST00000327044.7|ENSG00000188976.11|OTTHUMG00000040720.2|OTTHUMT00000097869.2|NOC2L-201|NOC2L|2757|protein_coding|	2647	CTTTG	80.40107623318384	1.584671052631579	0.005725263157894737	0.11	80.25	1.25	0.00432	inf
ENST00000327044.7|ENSG00000188976.11|OTTHUMG00000040720.2|OTTHUMT00000097869.2|NOC2L-201|NOC2L|2757|protein_coding|	2648	TTTGA	90.73264705882355	2.2738030303030303	0.00517820895522388	0.0	89.95	2.163	0.00432	-0.1419611206403659
ENST00000327044.7|ENSG00000188976.11|OTTHUMG00000040720.2|OTTHUMT00000097869.2|NOC2L-201|NOC2L|2757|protein_coding|	2649	TTGAA	105.83183333333334	2.6205423728813564	0.00503280701754386	0.25	106.11	2.253	0.00465	-0.41636027330036607
ENST00000327044.7|ENSG00000188976.11|OTTHUMG00000040720.2|OTTHUMT00000097869.2|NOC2L-201|NOC2L|2757|protein_coding|	2650	TGAAA	120.19682926829267	4.107620689655173	0.007082857142857141	0.35	119.96	3.656	0.00531	-0.26121930042173147
ENST00000327044.7|ENSG00000188976.11|OTTHUMG00000040720.2|OTTHUMT00000097869.2|NOC2L-201|NOC2L|2757|protein_coding|	2651	GAAAA	107.24877300613498	3.5925748502994	0.006884464285714285	0.76	108.25	2.794	0.00531	0.34051300384305966
ENST00000327044.7|ENSG00000188976.11|OTTHUMG00000040720.2|OTTHUMT00000097869.2|NOC2L-201|NOC2L|2757|protein_coding|	2652	AAAAT	113.19576470588237	3.025369047619048	0.008058452380952381	0.165	112.86500000000001	2.4895	0.00664	0.1288690476190476
ENST00000327044.7|ENSG00000188976.11|OTTHUMG00000040720.2|OTTHUMT00000097869.2|NOC2L-201|NOC2L|2757|protein_coding|	2653	AAATT	116.79752688172043	2.322054945054945	0.005946153846153847	0.195	116.7	2.2560000000000002	0.004815	-0.25335853856754176
ENST00000327044.7|ENSG00000188976.11|OTTHUMG00000040720.2|OTTHUMT00000097869.2|NOC2L-201|NOC2L|2757|protein_coding|	2654	AATTT	101.12628571428571	4.008009345794393	0.006456355140186915	0.43	102.53	3.733	0.00531	-0.27522434976593263
ENST00000327044.7|ENSG00000188976.11|OTTHUMG00000040720.2|OTTHUMT00000097869.2|NOC2L-201|NOC2L|2757|protein_coding|	2655	ATTTG	79.11809523809524	1.419864705882353	0.005765	0.22	79.29	1.172	0.00465	-0.2792564944759629
ENST00000327044.7|ENSG00000188976.11|OTTHUMG00000040720.2|OTTHUMT00000097869.2|NOC2L-201|NOC2L|2757|protein_coding|	2656	TTTGT	88.2696460176991	1.9077589285714287	0.00525283185840708	0.655	87.13	1.5775000000000001	0.00415	inf
ENST00000327044.7|ENSG00000188976.11|OTTHUMG00000040720.2|OTTHUMT00000097869.2|NOC2L-201|NOC2L|2757|protein_coding|	2657	TTGTT	99.37103896103896	3.3678961038961037	0.005984666666666667	0.55	101.18	2.6875	0.00398	-0.10902219473648045
ENST00000327044.7|ENSG00000188976.11|OTTHUMG00000040720.2|OTTHUMT00000097869.2|NOC2L-201|NOC2L|2757|protein_coding|	2658	TGTTC	107.02824324324324	3.4614615384615384	0.0057500917431192655	-0.07500000000000001	108.895	2.6719999999999997	0.004484999999999999	-0.5378556023415837
ENST00000327044.7|ENSG00000188976.11|OTTHUMG00000040720.2|OTTHUMT00000097869.2|NOC2L-201|NOC2L|2757|protein_coding|	2659	GTTCC	76.64207317073172	1.1363855421686746	0.0062050000000000004	0.34	76.51	1.122	0.00465	-0.45102147721320063
ENST00000327044.7|ENSG00000188976.11|OTTHUMG00000040720.2|OTTHUMT00000097869.2|NOC2L-201|NOC2L|2757|protein_coding|	2660	TTCCT	68.12627906976743	1.47675	0.007118372093023255	-1.2	67.22	1.353	0.00564	-0.3579347826086956
ENST00000327044.7|ENSG00000188976.11|OTTHUMG00000040720.2|OTTHUMT00000097869.2|NOC2L-201|NOC2L|2757|protein_coding|	2661	TCCTT	75.02304347826087	1.2584090909090908	0.005296818181818181	0.5756521739130436	76.23	1.189	0.00432	-0.4645067698259188
ENST00000327044.7|ENSG00000188976.11|OTTHUMG00000040720.2|OTTHUMT00000097869.2|NOC2L-201|NOC2L|2757|protein_coding|	2662	CCTTT	72.69941176470587	1.2931875000000002	0.007264545454545455	0.645	77.98	1.283	0.00531	-0.4656249999999999
ENST00000327044.7|ENSG00000188976.11|OTTHUMG00000040720.2|OTTHUMT00000097869.2|NOC2L-201|NOC2L|2757|protein_coding|	2663	CTTTC	78.5679702970297	1.1525693069306933	0.00653860696517413	0.3298514851485148	78.29	1.072	0.00531	-0.41493943810624706
ENST00000327044.7|ENSG00000188976.11|OTTHUMG00000040720.2|OTTHUMT00000097869.2|NOC2L-201|NOC2L|2757|protein_coding|	2664	TTTCC	75.08433333333333	1.0954137931034482	0.00715186440677966	-0.09	74.99	1.027	0.00531	-0.47081459270364817
ENST00000327044.7|ENSG00000188976.11|OTTHUMG00000040720.2|OTTHUMT00000097869.2|NOC2L-201|NOC2L|2757|protein_coding|	2665	TTCCT	67.1359	1.2529603960396039	0.00639843137254902	-1.095	67.005	1.133	0.004815	-0.4552346104175635
ENST00000327044.7|ENSG00000188976.11|OTTHUMG00000040720.2|OTTHUMT00000097869.2|NOC2L-201|NOC2L|2757|protein_coding|	2666	TCCTT	73.90552631578949	1.08025641025641	0.0042371052631578945	0.28	74.08	0.989	0.00365	-0.5403164211674851
ENST00000327044.7|ENSG00000188976.11|OTTHUMG00000040720.2|OTTHUMT00000097869.2|NOC2L-201|NOC2L|2757|protein_coding|	2667	CCTTT	75.90720588235294	1.1077571428571429	0.005783043478260868	-0.12956521739130436	75.955	1.0995	0.00465	-0.5422491145218418
ENST00000327044.7|ENSG00000188976.11|OTTHUMG00000040720.2|OTTHUMT00000097869.2|NOC2L-201|NOC2L|2757|protein_coding|	2668	CTTTG	81.74817567567568	1.3676689189189186	0.005933266666666667	0.6	81.52	1.286	0.00498	-0.30575181780765553
ENST00000327044.7|ENSG00000188976.11|OTTHUMG00000040720.2|OTTHUMT00000097869.2|NOC2L-201|NOC2L|2757|protein_coding|	2669	TTTGA	90.07384615384616	2.119748091603053	0.00590359375	0.03	89.47	1.9855	0.00465	-0.20009505977243278
ENST00000327044.7|ENSG00000188976.11|OTTHUMG00000040720.2|OTTHUMT00000097869.2|NOC2L-201|NOC2L|2757|protein_coding|	2670	TTGAA	102.45489795918367	3.6098163265306122	0.005685416666666668	-0.23	102.85	3.337	0.00465	-0.1960319985455207
ENST00000327044.7|ENSG00000188976.11|OTTHUMG00000040720.2|OTTHUMT00000097869.2|NOC2L-201|NOC2L|2757|protein_coding|	2671	TGAAG	109.94466666666668	5.4699687500000005	0.005268709677419354	-0.415	111.265	5.089	0.00465	-0.016192670863309194
ENST00000327044.7|ENSG00000188976.11|OTTHUMG00000040720.2|OTTHUMT00000097869.2|NOC2L-201|NOC2L|2757|protein_coding|	2672	GAAGT	101.62482142857142	4.844553571428571	0.0059700000000000005	-0.46	100.32	4.801	0.00498	0.19323979591836726
ENST00000327044.7|ENSG00000188976.11|OTTHUMG00000040720.2|OTTHUMT00000097869.2|NOC2L-201|NOC2L|2757|protein_coding|	2673	AAGTC	112.10105263157895	3.8090263157894744	0.0060373684210526316	-0.42	112.4	3.7	0.00432	-0.05483217970484513
ENST00000327044.7|ENSG00000188976.11|OTTHUMG00000040720.2|OTTHUMT00000097869.2|NOC2L-201|NOC2L|2757|protein_coding|	2674	AGTCA	121.36500000000001	7.187444444444444	0.00639578947368421	-0.04	120.5	7.025	0.00631	0.1840929892000731
ENST00000327044.7|ENSG00000188976.11|OTTHUMG00000040720.2|OTTHUMT00000097869.2|NOC2L-201|NOC2L|2757|protein_coding|	2675	GTCAC	69.21823529411765	2.3330000000000006	0.006156969696969697	0.59	75.43	2.301	0.00531	0.014347826086956873
ENST00000327044.7|ENSG00000188976.11|OTTHUMG00000040720.2|OTTHUMT00000097869.2|NOC2L-201|NOC2L|2757|protein_coding|	2676	TCACA	76.10292307692308	1.333030769230769	0.005735384615384614	0.36	76.12	1.254	0.00465	-0.2909410801963994
ENST00000327044.7|ENSG00000188976.11|OTTHUMG00000040720.2|OTTHUMT00000097869.2|NOC2L-201|NOC2L|2757|protein_coding|	2677	CACAT	79.5508	1.714285714285714	0.005721326530612245	0.195	80.5	1.5870000000000002	0.00465	-0.46091644204851767
ENST00000327044.7|ENSG00000188976.11|OTTHUMG00000040720.2|OTTHUMT00000097869.2|NOC2L-201|NOC2L|2757|protein_coding|	2678	ACATT	84.7725165562914	1.4078344370860927	0.007547066666666665	0.09	84.31	1.318	0.00564	-0.3390448652177968
ENST00000327044.7|ENSG00000188976.11|OTTHUMG00000040720.2|OTTHUMT00000097869.2|NOC2L-201|NOC2L|2757|protein_coding|	2679	CATTT	86.17027027027028	2.6736944444444446	0.004876478873239436	0.52	88.875	2.2575000000000003	0.00432	-0.5165109503717099
ENST00000327044.7|ENSG00000188976.11|OTTHUMG00000040720.2|OTTHUMT00000097869.2|NOC2L-201|NOC2L|2757|protein_coding|	2680	ATTTT	82.15095541401273	1.2459096774193548	0.006426363636363636	0.3879617834394904	81.975	1.157	0.00531	-0.36755853938103816
ENST00000327044.7|ENSG00000188976.11|OTTHUMG00000040720.2|OTTHUMT00000097869.2|NOC2L-201|NOC2L|2757|protein_coding|	2681	TTTTC	77.62987341772153	1.2150253164556963	0.005791139240506327	0.0	77.8	1.082	0.00465	-0.38323587997172776
ENST00000327044.7|ENSG00000188976.11|OTTHUMG00000040720.2|OTTHUMT00000097869.2|NOC2L-201|NOC2L|2757|protein_coding|	2682	TTTCT	79.28419354838708	1.3948387096774195	0.005090333333333333	0.5449999999999999	80.33	1.151	0.00531	-0.3261648745519712
ENST00000327044.7|ENSG00000188976.11|OTTHUMG00000040720.2|OTTHUMT00000097869.2|NOC2L-201|NOC2L|2757|protein_coding|	2683	TTCTT	79.0312	1.61192	0.0055508000000000016	0.765	80.38499999999999	1.2525	0.00415	-0.2212946859903381
ENST00000327044.7|ENSG00000188976.11|OTTHUMG00000040720.2|OTTHUMT00000097869.2|NOC2L-201|NOC2L|2757|protein_coding|	2684	TCTTT	83.06923076923077	1.18	0.004877692307692307	0.8546153846153847	82.93	1.103	0.00365	-0.512396694214876
ENST00000327044.7|ENSG00000188976.11|OTTHUMG00000040720.2|OTTHUMT00000097869.2|NOC2L-201|NOC2L|2757|protein_coding|	2685	CTTTT	80.76753086419752	1.2586543209876544	0.005795316455696202	0.505	80.905	1.1524999999999999	0.00432	-0.3610891771636272
ENST00000327044.7|ENSG00000188976.11|OTTHUMG00000040720.2|OTTHUMT00000097869.2|NOC2L-201|NOC2L|2757|protein_coding|	2686	TTTTA	79.15041666666667	1.2952083333333333	0.006327916666666667	-0.02	78.84	1.124	0.00531	-0.3425338409475465
ENST00000327044.7|ENSG00000188976.11|OTTHUMG00000040720.2|OTTHUMT00000097869.2|NOC2L-201|NOC2L|2757|protein_coding|	2687	TTTAA	84.55290000000001	2.0594900000000003	0.005915102040816327	0.15	84.9	1.833	0.00432	-0.16280894308943078
ENST00000327044.7|ENSG00000188976.11|OTTHUMG00000040720.2|OTTHUMT00000097869.2|NOC2L-201|NOC2L|2757|protein_coding|	2688	TTAAA	92.07000000000001	1.8048297872340429	0.005771720430107525	0.21500000000000002	92.32	1.504	0.00498	-0.4063059910414333
ENST00000327044.7|ENSG00000188976.11|OTTHUMG00000040720.2|OTTHUMT00000097869.2|NOC2L-201|NOC2L|2757|protein_coding|	2689	TAAAA	106.80060606060606	2.714795275590551	0.00716390977443609	1.04	107.655	2.23	0.00498	0.01298331178751893
ENST00000327044.7|ENSG00000188976.11|OTTHUMG00000040720.2|OTTHUMT00000097869.2|NOC2L-201|NOC2L|2757|protein_coding|	2690	AAAAT	110.18524	2.1136653386454185	0.006506254980079681	-0.34	110.66	1.926	0.00498	-0.21131890349051552
ENST00000327044.7|ENSG00000188976.11|OTTHUMG00000040720.2|OTTHUMT00000097869.2|NOC2L-201|NOC2L|2757|protein_coding|	2691	AAATT	118.64595238095238	2.3329518072289157	0.0052674698795180715	0.78	118.69	1.992	0.004484999999999999	-0.24985472436369266
ENST00000327044.7|ENSG00000188976.11|OTTHUMG00000040720.2|OTTHUMT00000097869.2|NOC2L-201|NOC2L|2757|protein_coding|	2692	AATTT	99.06883720930233	3.969166666666667	0.004639302325581395	-0.255	97.75	3.593	0.0034850000000000003	-0.2822483423749246
ENST00000327044.7|ENSG00000188976.11|OTTHUMG00000040720.2|OTTHUMT00000097869.2|NOC2L-201|NOC2L|2757|protein_coding|	2693	ATTTT	78.935	1.5388591549295774	0.00485142857142857	1.07	81.82	1.171	0.00432	-0.21885322084793027
ENST00000327044.7|ENSG00000188976.11|OTTHUMG00000040720.2|OTTHUMT00000097869.2|NOC2L-201|NOC2L|2757|protein_coding|	2694	TTTTT	74.30342857142858	1.636764705882353	0.0057771428571428566	0.6100000000000001	78.97999999999999	1.3675000000000002	0.00531	-0.16915497163332338
ENST00000327044.7|ENSG00000188976.11|OTTHUMG00000040720.2|OTTHUMT00000097869.2|NOC2L-201|NOC2L|2757|protein_coding|	2695	TTTTT	79.34444444444443	1.4292222222222224	0.005371071428571428	-0.16	79.88	1.237	0.00498	inf
ENST00000327044.7|ENSG00000188976.11|OTTHUMG00000040720.2|OTTHUMT00000097869.2|NOC2L-201|NOC2L|2757|protein_coding|	2696	TTTTG	81.13425	1.512275	0.006208	0.49	81.69	1.474	0.00531	-0.23234771573604057
ENST00000327044.7|ENSG00000188976.11|OTTHUMG00000040720.2|OTTHUMT00000097869.2|NOC2L-201|NOC2L|2757|protein_coding|	2697	TTTGT	86.33541666666666	1.7857972972972973	0.005175342465753424	0.38	86.18	1.613	0.00432	-0.32611422743498214
ENST00000327044.7|ENSG00000188976.11|OTTHUMG00000040720.2|OTTHUMT00000097869.2|NOC2L-201|NOC2L|2757|protein_coding|	2698	TTGTT	100.79955882352942	3.0768823529411766	0.005192686567164179	0.22338235294117648	101.45	2.739	0.00465	-0.18600995953937122
ENST00000327044.7|ENSG00000188976.11|OTTHUMG00000040720.2|OTTHUMT00000097869.2|NOC2L-201|NOC2L|2757|protein_coding|	2699	TGTTT	109.0270588235294	5.711833333333332	0.0062335820895522386	-0.03823529411764704	108.685	5.656499999999999	0.00498	-0.23740542946150442
ENST00000327044.7|ENSG00000188976.11|OTTHUMG00000040720.2|OTTHUMT00000097869.2|NOC2L-201|NOC2L|2757|protein_coding|	2700	GTTTT	76.67039215686275	1.8122105263157895	0.0059123026315789475	-0.63	76.885	1.422	0.00498	-0.08009617953513222
ENST00000327044.7|ENSG00000188976.11|OTTHUMG00000040720.2|OTTHUMT00000097869.2|NOC2L-201|NOC2L|2757|protein_coding|	2701	TTTTG	81.33399999999999	1.4596136363636363	0.006698888888888889	0.445	82.22	1.4795	0.006805	-0.25907937240424556
ENST00000327044.7|ENSG00000188976.11|OTTHUMG00000040720.2|OTTHUMT00000097869.2|NOC2L-201|NOC2L|2757|protein_coding|	2702	TTTGC	84.45377551020408	1.6410312500000002	0.007180309278350516	0.23	84.6	1.631	0.00564	-0.38074292452830183
ENST00000327044.7|ENSG00000188976.11|OTTHUMG00000040720.2|OTTHUMT00000097869.2|NOC2L-201|NOC2L|2757|protein_coding|	2703	TTGCA	91.8541975308642	2.464524390243902	0.005537037037037037	-0.25	91.31	2.102	0.00465	-0.2126120158965169
ENST00000327044.7|ENSG00000188976.11|OTTHUMG00000040720.2|OTTHUMT00000097869.2|NOC2L-201|NOC2L|2757|protein_coding|	2704	TGCAT	107.73187050359712	2.8784214285714285	0.0074884507042253514	0.635	108.655	2.0315000000000003	0.00598	-0.2542949666913398
ENST00000327044.7|ENSG00000188976.11|OTTHUMG00000040720.2|OTTHUMT00000097869.2|NOC2L-201|NOC2L|2757|protein_coding|	2705	GCATC	80.40056451612904	1.7379918699186991	0.005646016260162602	-0.05	80.09	1.434	0.00432	-0.18404137562502385
ENST00000327044.7|ENSG00000188976.11|OTTHUMG00000040720.2|OTTHUMT00000097869.2|NOC2L-201|NOC2L|2757|protein_coding|	2706	CATCC	80.46880597014926	2.511333333333333	0.00492765625	-0.9349253731343284	81.49	2.46	0.00398	-0.5594152046783627
ENST00000327044.7|ENSG00000188976.11|OTTHUMG00000040720.2|OTTHUMT00000097869.2|NOC2L-201|NOC2L|2757|protein_coding|	2707	ATCCG	69.95543478260869	1.468764492753623	0.005444059040590406	-0.32	69.87	1.269	0.00398	-0.3614067422810334
ENST00000327044.7|ENSG00000188976.11|OTTHUMG00000040720.2|OTTHUMT00000097869.2|NOC2L-201|NOC2L|2757|protein_coding|	2708	TCCGA	80.0343153526971	1.6374152542372882	0.005999957081545064	-0.4	79.68	1.483	0.00498	-0.4110017071088891
ENST00000327044.7|ENSG00000188976.11|OTTHUMG00000040720.2|OTTHUMT00000097869.2|NOC2L-201|NOC2L|2757|protein_coding|	2709	CCGAA	97.31612903225806	2.942142857142857	0.006895573770491803	0.2	98.51	2.93	0.00564	-0.26262083780880774
ENST00000327044.7|ENSG00000188976.11|OTTHUMG00000040720.2|OTTHUMT00000097869.2|NOC2L-201|NOC2L|2757|protein_coding|	2710	CGAAA	111.1534090909091	4.803377777777778	0.006156739130434781	0.030000000000000002	111.935	4.6805	0.005475	inf
ENST00000327044.7|ENSG00000188976.11|OTTHUMG00000040720.2|OTTHUMT00000097869.2|NOC2L-201|NOC2L|2757|protein_coding|	2711	GAAAC	105.32274509803919	3.1539411764705876	0.006503529411764706	0.01	105.81	3.165	0.006144999999999999	0.17684372256365202
ENST00000327044.7|ENSG00000188976.11|OTTHUMG00000040720.2|OTTHUMT00000097869.2|NOC2L-201|NOC2L|2757|protein_coding|	2712	AAACC	98.10333333333334	4.929446808510638	0.005912127659574467	-0.425	97.805	4.3325	0.004815	0.4288251618871415
ENST00000327044.7|ENSG00000188976.11|OTTHUMG00000040720.2|OTTHUMT00000097869.2|NOC2L-201|NOC2L|2757|protein_coding|	2713	AACCG	85.22044776119404	2.177405797101449	0.0059663235294117635	0.39	85.38499999999999	1.9595	0.00498	-0.22512249213471563
ENST00000327044.7|ENSG00000188976.11|OTTHUMG00000040720.2|OTTHUMT00000097869.2|NOC2L-201|NOC2L|2757|protein_coding|	2714	ACCGA	82.56562043795621	1.715925925925926	0.005663235294117647	0.03	82.85	1.584	0.004484999999999999	-0.38276045830002653
ENST00000327044.7|ENSG00000188976.11|OTTHUMG00000040720.2|OTTHUMT00000097869.2|NOC2L-201|NOC2L|2757|protein_coding|	2715	CCGAA	98.83037037037037	3.9029245283018876	0.007248703703703703	0.2	98.68	3.848	0.00564	-0.021823426490755034
ENST00000327044.7|ENSG00000188976.11|OTTHUMG00000040720.2|OTTHUMT00000097869.2|NOC2L-201|NOC2L|2757|protein_coding|	2716	CGAAA	110.95176470588235	4.3549411764705885	0.006198823529411764	-0.09	111.26	4.015	0.00498	-0.2167371984765128
ENST00000327044.7|ENSG00000188976.11|OTTHUMG00000040720.2|OTTHUMT00000097869.2|NOC2L-201|NOC2L|2757|protein_coding|	2717	GAAAG	105.16020408163264	4.377060000000001	0.006815102040816326	0.54	105.37	3.54	0.00564	0.6332313432835824
ENST00000327044.7|ENSG00000188976.11|OTTHUMG00000040720.2|OTTHUMT00000097869.2|NOC2L-201|NOC2L|2757|protein_coding|	2718	AAAGA	109.89242424242425	3.527735294117647	0.005900571428571429	-0.08	110.15	3.376	0.00531	-0.131099681251811
ENST00000327044.7|ENSG00000188976.11|OTTHUMG00000040720.2|OTTHUMT00000097869.2|NOC2L-201|NOC2L|2757|protein_coding|	2719	AAGAA	122.98071428571428	4.189357142857142	0.0049078571428571435	0.58	125.23	3.925	0.00398	-0.2863105378437577
ENST00000327044.7|ENSG00000188976.11|OTTHUMG00000040720.2|OTTHUMT00000097869.2|NOC2L-201|NOC2L|2757|protein_coding|	2720	AGAAA	128.79591836734693	4.796632653061225	0.007352083333333333	0.09408163265306123	129.63	4.0235	0.00564	-0.13729628542064287
ENST00000327044.7|ENSG00000188976.11|OTTHUMG00000040720.2|OTTHUMT00000097869.2|NOC2L-201|NOC2L|2757|protein_coding|	2721	GAAAT	110.12537037037036	2.2203047619047616	0.007097358490566037	-0.21	110.33	1.978	0.00598	-0.17152807391613378
ENST00000327044.7|ENSG00000188976.11|OTTHUMG00000040720.2|OTTHUMT00000097869.2|NOC2L-201|NOC2L|2757|protein_coding|	2722	AAATA	115.12809999999999	1.750896907216495	0.005304845360824742	0.49	115.85	1.448	0.00465	-0.4370106407664003
ENST00000327044.7|ENSG00000188976.11|OTTHUMG00000040720.2|OTTHUMT00000097869.2|NOC2L-201|NOC2L|2757|protein_coding|	2723	AATAA	100.27631578947368	5.648161616161615	0.006032000000000003	0.49	100.15	4.798	0.00531	-0.10061120761757726
ENST00000327044.7|ENSG00000188976.11|OTTHUMG00000040720.2|OTTHUMT00000097869.2|NOC2L-201|NOC2L|2757|protein_coding|	2724	ATAAA	85.07161764705882	2.601723076923077	0.004652089552238807	-0.38	85.2	2.3015	0.00398	-0.14417004048582993
ENST00000327044.7|ENSG00000188976.11|OTTHUMG00000040720.2|OTTHUMT00000097869.2|NOC2L-201|NOC2L|2757|protein_coding|	2725	TAAAG	103.94608333333332	2.849882352941177	0.007229914529914531	0.4749999999999999	103.75	2.431	0.00564	0.0633889376646183
ENST00000327044.7|ENSG00000188976.11|OTTHUMG00000040720.2|OTTHUMT00000097869.2|NOC2L-201|NOC2L|2757|protein_coding|	2726	AAAGC	108.1863492063492	4.654790322580644	0.007104126984126984	-0.06	107.00999999999999	3.8834999999999997	0.004815	0.14650007945336074
ENST00000327044.7|ENSG00000188976.11|OTTHUMG00000040720.2|OTTHUMT00000097869.2|NOC2L-201|NOC2L|2757|protein_coding|	2727	AAGCG	108.87327586206897	2.244656028368794	0.008189754385964913	-0.32	108.55	1.941	0.00664	-0.25673641444741924
ENST00000327044.7|ENSG00000188976.11|OTTHUMG00000040720.2|OTTHUMT00000097869.2|NOC2L-201|NOC2L|2757|protein_coding|	2728	AGCGG	106.28379310344828	6.519241379310345	0.0054539285714285705	-0.05931034482758621	104.86	5.401	0.00398	-0.22297480580329623
ENST00000327044.7|ENSG00000188976.11|OTTHUMG00000040720.2|OTTHUMT00000097869.2|NOC2L-201|NOC2L|2757|protein_coding|	2729	GCGGT	93.26763636363637	4.0655370370370365	0.005411886792452831	0.075	92.875	3.8535	0.004815	-0.18362710099657908
ENST00000327044.7|ENSG00000188976.11|OTTHUMG00000040720.2|OTTHUMT00000097869.2|NOC2L-201|NOC2L|2757|protein_coding|	2730	CGGTG	115.31625	4.293390625000001	0.006530625	-0.45	115.68	4.085	0.00498	0.27400315281899124
ENST00000327044.7|ENSG00000188976.11|OTTHUMG00000040720.2|OTTHUMT00000097869.2|NOC2L-201|NOC2L|2757|protein_coding|	2731	GGTGG	97.18945945945946	6.999135135135136	0.0069075000000000004	0.04	96.94	6.405	0.00465	-0.277695032493794
ENST00000327044.7|ENSG00000188976.11|OTTHUMG00000040720.2|OTTHUMT00000097869.2|NOC2L-201|NOC2L|2757|protein_coding|	2732	GTGGG	94.7215	5.0378333333333325	0.005334333333333332	0.05933333333333334	94.15	4.293	0.00465	0.2626148705096071
ENST00000327044.7|ENSG00000188976.11|OTTHUMG00000040720.2|OTTHUMT00000097869.2|NOC2L-201|NOC2L|2757|protein_coding|	2733	TGGGA	110.40244444444446	3.8209888888888885	0.006719655172413794	-0.555	110.47	2.4225000000000003	0.00531	-0.05654595336076822
ENST00000327044.7|ENSG00000188976.11|OTTHUMG00000040720.2|OTTHUMT00000097869.2|NOC2L-201|NOC2L|2757|protein_coding|	2734	GGGAG	119.4560655737705	2.289216666666667	0.004310350877192982	-0.07	119.95	1.885	0.00365	-0.2778496319663511
ENST00000327044.7|ENSG00000188976.11|OTTHUMG00000040720.2|OTTHUMT00000097869.2|NOC2L-201|NOC2L|2757|protein_coding|	2735	GGAGG	112.44772727272729	4.95540909090909	0.007729047619047618	-0.325	112.13	3.5164999999999997	0.006305	-0.12910209298610015
ENST00000327044.7|ENSG00000188976.11|OTTHUMG00000040720.2|OTTHUMT00000097869.2|NOC2L-201|NOC2L|2757|protein_coding|	2736	GAGGC	108.0361111111111	6.897222222222222	0.006161111111111111	-0.5983333333333334	107.94	6.998	0.004314999999999999	-0.12025226757369614
ENST00000327044.7|ENSG00000188976.11|OTTHUMG00000040720.2|OTTHUMT00000097869.2|NOC2L-201|NOC2L|2757|protein_coding|	2737	AGGCA	109.63391304347826	5.650041666666667	0.007447826086956522	-0.0034782608695652036	110.67	3.327	0.006805	0.0640379786566228
ENST00000327044.7|ENSG00000188976.11|OTTHUMG00000040720.2|OTTHUMT00000097869.2|NOC2L-201|NOC2L|2757|protein_coding|	2738	GGCAG	106.88097902097901	2.926450704225352	0.008257847222222222	0.34	107.32	2.089	0.00598	-0.2418521491644166
ENST00000327044.7|ENSG00000188976.11|OTTHUMG00000040720.2|OTTHUMT00000097869.2|NOC2L-201|NOC2L|2757|protein_coding|	2739	GCAGG	86.97862068965517	3.2842758620689656	0.0066157142857142855	-0.11379310344827585	88.79	2.27	0.00465	-0.35475916265835644
ENST00000327044.7|ENSG00000188976.11|OTTHUMG00000040720.2|OTTHUMT00000097869.2|NOC2L-201|NOC2L|2757|protein_coding|	2740	CAGGG	78.37644230769232	1.8785099999999997	0.006294705882352941	-0.89	80.2	1.728	0.00531	-0.7603941326530613
ENST00000327044.7|ENSG00000188976.11|OTTHUMG00000040720.2|OTTHUMT00000097869.2|NOC2L-201|NOC2L|2757|protein_coding|	2741	AGGGC	110.47142857142858	4.999666666666666	0.004963333333333334	-1.1271428571428572	112.93	4.6555	0.00432	0.23448559670781888
ENST00000327044.7|ENSG00000188976.11|OTTHUMG00000040720.2|OTTHUMT00000097869.2|NOC2L-201|NOC2L|2757|protein_coding|	2742	GGGCC	105.94092105263158	10.170684210526318	0.007703835616438358	0.27171052631578946	106.36500000000001	10.1405	0.005974999999999999	0.9153830904945985
ENST00000327044.7|ENSG00000188976.11|OTTHUMG00000040720.2|OTTHUMT00000097869.2|NOC2L-201|NOC2L|2757|protein_coding|	2743	GGCCA	107.09945945945945	2.278638888888889	0.010035810810810812	1.13	108.07	1.987	0.00797	-0.30740459304289086
ENST00000327044.7|ENSG00000188976.11|OTTHUMG00000040720.2|OTTHUMT00000097869.2|NOC2L-201|NOC2L|2757|protein_coding|	2744	GCCAT	75.93387755102042	1.49494	0.0065389795918367345	0.71	75.6	1.233	0.00498	-0.2914976303317535
ENST00000327044.7|ENSG00000188976.11|OTTHUMG00000040720.2|OTTHUMT00000097869.2|NOC2L-201|NOC2L|2757|protein_coding|	2745	CCATT	87.81553191489361	1.910326086956521	0.006337555555555555	0.1591489361702128	87.78	1.859	0.00432	-0.1031332925086755
ENST00000327044.7|ENSG00000188976.11|OTTHUMG00000040720.2|OTTHUMT00000097869.2|NOC2L-201|NOC2L|2757|protein_coding|	2746	CATTG	91.8623076923077	3.7610000000000006	0.006613846153846154	0.17307692307692307	90.4	2.883	0.00598	-0.3198915009041591
ENST00000327044.7|ENSG00000188976.11|OTTHUMG00000040720.2|OTTHUMT00000097869.2|NOC2L-201|NOC2L|2757|protein_coding|	2747	ATTGT	84.66199999999999	1.557166666666667	0.006107547169811318	-0.12418181818181817	85.22	1.489	0.00531	-0.41238993710691807
ENST00000327044.7|ENSG00000188976.11|OTTHUMG00000040720.2|OTTHUMT00000097869.2|NOC2L-201|NOC2L|2757|protein_coding|	2748	TTGTG	100.28999999999999	3.883676470588236	0.007323529411764706	0.6500000000000001	102.39	3.422	0.00631	0.027427637721755566
ENST00000327044.7|ENSG00000188976.11|OTTHUMG00000040720.2|OTTHUMT00000097869.2|NOC2L-201|NOC2L|2757|protein_coding|	2749	TGTGT	77.85648648648647	2.0436944444444447	0.0054745714285714285	-1.1283783783783783	78.45	1.68	0.00498	-0.7890924205939686
ENST00000327044.7|ENSG00000188976.11|OTTHUMG00000040720.2|OTTHUMT00000097869.2|NOC2L-201|NOC2L|2757|protein_coding|	2750	GTGTT	92.88333333333334	2.668625	0.0041268749999999995	-0.4066666666666667	93.075	2.1425	0.003815	-0.2940145502645502
ENST00000327044.7|ENSG00000188976.11|OTTHUMG00000040720.2|OTTHUMT00000097869.2|NOC2L-201|NOC2L|2757|protein_coding|	2751	TGTTG	108.39253012048195	1.9972380952380955	0.007252261904761904	0.13493975903614458	108.46	1.783	0.00498	-0.7333460486998536
ENST00000327044.7|ENSG00000188976.11|OTTHUMG00000040720.2|OTTHUMT00000097869.2|NOC2L-201|NOC2L|2757|protein_coding|	2752	GTTGA	103.74285714285715	2.791	0.011524285714285714	4.579999999999999	106.05	1.907	0.01096	0.053207547169811326
ENST00000416718.2|ENSG00000198744.5|OTTHUMG00000002337.2|OTTHUMT00000006719.2|MTCO3P12-201|MTCO3P12|547|unprocessed_pseudogene|	14	ACATG	78.204	1.5350000000000001	0.005509999999999999	-0.31599999999999995	78.86	1.246	0.00531	-0.27934272300469476
ENST00000416718.2|ENSG00000198744.5|OTTHUMG00000002337.2|OTTHUMT00000006719.2|MTCO3P12-201|MTCO3P12|547|unprocessed_pseudogene|	15	CATGC	73.43	2.509	0.00365	-0.94	73.43	2.509	0.00365	-0.35167958656330756
ENST00000416718.2|ENSG00000198744.5|OTTHUMG00000002337.2|OTTHUMT00000006719.2|MTCO3P12-201|MTCO3P12|547|unprocessed_pseudogene|	16	ATGCC	79.58500000000001	1.81825	0.00709625	-0.04999999999999999	80.19	1.75	0.00448	-0.4190894568690096
ENST00000416718.2|ENSG00000198744.5|OTTHUMG00000002337.2|OTTHUMT00000006719.2|MTCO3P12-201|MTCO3P12|547|unprocessed_pseudogene|	17	TGCCT	98.06	8.975	0.006805	-1.04	98.06	8.975	0.006805	1.727963525835866
ENST00000416718.2|ENSG00000198744.5|OTTHUMG00000002337.2|OTTHUMT00000006719.2|MTCO3P12-201|MTCO3P12|547|unprocessed_pseudogene|	18	GCCTA	65.92	2.158	0.00631	-0.82	65.92	2.158	0.00631	-0.08170212765957453
ENST00000416718.2|ENSG00000198744.5|OTTHUMG00000002337.2|OTTHUMT00000006719.2|MTCO3P12-201|MTCO3P12|547|unprocessed_pseudogene|	19	CCTAT	82.3175	1.59125	0.0077174999999999995	-0.085	82.51	1.651	0.0083	-0.39496197718631176
ENST00000416718.2|ENSG00000198744.5|OTTHUMG00000002337.2|OTTHUMT00000006719.2|MTCO3P12-201|MTCO3P12|547|unprocessed_pseudogene|	20	CTATC	93.0611111111111	2.173684210526315	0.005201111111111111	0.44055555555555553	93.45	2.308	0.00398	-0.17350410246147707
ENST00000416718.2|ENSG00000198744.5|OTTHUMG00000002337.2|OTTHUMT00000006719.2|MTCO3P12-201|MTCO3P12|547|unprocessed_pseudogene|	21	TATCA	90.7325	3.2005	0.0067225	-0.2675	90.53	3.5015	0.0071400000000000005	-0.43850877192982457
ENST00000416718.2|ENSG00000198744.5|OTTHUMG00000002337.2|OTTHUMT00000006719.2|MTCO3P12-201|MTCO3P12|547|unprocessed_pseudogene|	22	ATCAT	82.63499999999999	1.4969999999999999	0.007965	1.06	82.63499999999999	1.4969999999999999	0.007965	-0.3491304347826087
ENST00000416718.2|ENSG00000198744.5|OTTHUMG00000002337.2|OTTHUMT00000006719.2|MTCO3P12-201|MTCO3P12|547|unprocessed_pseudogene|	23	TCATA	89.59714285714286	2.588142857142857	0.006022857142857142	0.8300000000000001	89.06	2.257	0.00531	0.21509054325955737
ENST00000416718.2|ENSG00000198744.5|OTTHUMG00000002337.2|OTTHUMT00000006719.2|MTCO3P12-201|MTCO3P12|547|unprocessed_pseudogene|	24	CATAT	76.24666666666667	2.533	0.004203333333333333	1.24	85.82	3.012	0.00398	-0.5966560509554141
ENST00000416718.2|ENSG00000198744.5|OTTHUMG00000002337.2|OTTHUMT00000006719.2|MTCO3P12-201|MTCO3P12|547|unprocessed_pseudogene|	25	ATATA	85.745	2.271	0.004314999999999999	-0.265	85.745	2.271	0.004314999999999999	-0.13650190114068442
ENST00000416718.2|ENSG00000198744.5|OTTHUMG00000002337.2|OTTHUMT00000006719.2|MTCO3P12-201|MTCO3P12|547|unprocessed_pseudogene|	26	TATAG	84.0975	2.41	0.006724999999999999	-1.025	85.65	1.963	0.007469999999999999	-0.6162420382165605
ENST00000416718.2|ENSG00000198744.5|OTTHUMG00000002337.2|OTTHUMT00000006719.2|MTCO3P12-201|MTCO3P12|547|unprocessed_pseudogene|	27	ATAGT	93.81000000000002	2.404	0.008409999999999999	0.003333333333333355	94.17	2.346	0.00614	-0.364021164021164
ENST00000416718.2|ENSG00000198744.5|OTTHUMG00000002337.2|OTTHUMT00000006719.2|MTCO3P12-201|MTCO3P12|547|unprocessed_pseudogene|	28	TAGTA	126.91333333333334	3.1663333333333337	0.0056433333333333335	1.4900000000000002	126.86	2.882	0.00564	-0.21430934656741105
ENST00000416718.2|ENSG00000198744.5|OTTHUMG00000002337.2|OTTHUMT00000006719.2|MTCO3P12-201|MTCO3P12|547|unprocessed_pseudogene|	29	AGTAA	122.1525	8.753	0.00307	-0.11250000000000002	124.015	9.9885	0.00249	0.02254672897196257
ENST00000416718.2|ENSG00000198744.5|OTTHUMG00000002337.2|OTTHUMT00000006719.2|MTCO3P12-201|MTCO3P12|547|unprocessed_pseudogene|	30	GTAAA	91.25333333333333	1.2706666666666666	0.005863333333333332	0.6	91.11	1.462	0.00697	-0.5820175438596491
ENST00000416718.2|ENSG00000198744.5|OTTHUMG00000002337.2|OTTHUMT00000006719.2|MTCO3P12-201|MTCO3P12|547|unprocessed_pseudogene|	31	TAAAA	104.58500000000001	2.3745000000000003	0.005974999999999999	-0.0050000000000000044	104.58500000000001	2.3745000000000003	0.005974999999999999	-0.11399253731343278
ENST00000416718.2|ENSG00000198744.5|OTTHUMG00000002337.2|OTTHUMT00000006719.2|MTCO3P12-201|MTCO3P12|547|unprocessed_pseudogene|	32	AAAAC	107.12	3.010666666666667	0.017153333333333333	-0.20000000000000004	106.56	2.811	0.0176	0.12338308457711442
ENST00000416718.2|ENSG00000198744.5|OTTHUMG00000002337.2|OTTHUMT00000006719.2|MTCO3P12-201|MTCO3P12|547|unprocessed_pseudogene|	33	AAACC	100.39500000000001	4.39725	0.0127	0.11000000000000003	99.415	4.5634999999999994	0.012119999999999999	0.2745652173913042
ENST00000416718.2|ENSG00000198744.5|OTTHUMG00000002337.2|OTTHUMT00000006719.2|MTCO3P12-201|MTCO3P12|547|unprocessed_pseudogene|	34	AACCC	83.58666666666666	2.982333333333333	0.007966666666666667	-0.23	84.49	3.102	0.0073	0.061328588374851604
ENST00000416718.2|ENSG00000198744.5|OTTHUMG00000002337.2|OTTHUMT00000006719.2|MTCO3P12-201|MTCO3P12|547|unprocessed_pseudogene|	35	ACCCA	76.185	1.7349999999999999	0.00415	inf	76.185	1.7349999999999999	0.00415	-0.16183574879227053
ENST00000416718.2|ENSG00000198744.5|OTTHUMG00000002337.2|OTTHUMT00000006719.2|MTCO3P12-201|MTCO3P12|547|unprocessed_pseudogene|	36	CCCAG	68.42	2.8245555555555555	0.005716666666666666	2.04	76.26	2.498	0.00365	0.3386519220642444
ENST00000416718.2|ENSG00000198744.5|OTTHUMG00000002337.2|OTTHUMT00000006719.2|MTCO3P12-201|MTCO3P12|547|unprocessed_pseudogene|	37	CCAGC	92.15666666666668	1.9763333333333335	0.00332	-0.10666666666666667	91.51	1.966	0.00332	-0.6117223313686967
ENST00000416718.2|ENSG00000198744.5|OTTHUMG00000002337.2|OTTHUMT00000006719.2|MTCO3P12-201|MTCO3P12|547|unprocessed_pseudogene|	38	CAGCC	103.89	4.737	0.01494	-0.02	103.89	4.737	0.01494	0.5685430463576159
ENST00000416718.2|ENSG00000198744.5|OTTHUMG00000002337.2|OTTHUMT00000006719.2|MTCO3P12-201|MTCO3P12|547|unprocessed_pseudogene|	39	AGCCC	110.21647058823531	1.7165624999999998	0.003734375	-0.21411764705882352	109.98	1.723	0.00299	-0.4782484802431612
ENST00000416718.2|ENSG00000198744.5|OTTHUMG00000002337.2|OTTHUMT00000006719.2|MTCO3P12-201|MTCO3P12|547|unprocessed_pseudogene|	41	CCCAT	72.74600000000001	3.6483999999999996	0.010223999999999999	1.01	72.29	1.423	0.00896	0.7290995260663506
ENST00000416718.2|ENSG00000198744.5|OTTHUMG00000002337.2|OTTHUMT00000006719.2|MTCO3P12-201|MTCO3P12|547|unprocessed_pseudogene|	42	CCATG	103.32000000000001	3.6652	0.005841999999999999	1.36	86.98	3.697	0.00564	inf
ENST00000416718.2|ENSG00000198744.5|OTTHUMG00000002337.2|OTTHUMT00000006719.2|MTCO3P12-201|MTCO3P12|547|unprocessed_pseudogene|	43	CATGG	84.83	2.159	0.01029	-0.18	84.83	2.159	0.01029	-0.44211886304909565
ENST00000416718.2|ENSG00000198744.5|OTTHUMG00000002337.2|OTTHUMT00000006719.2|MTCO3P12-201|MTCO3P12|547|unprocessed_pseudogene|	44	ATGGC	102.33333333333333	2.813	0.0056433333333333335	1.4766666666666666	102.72	2.989	0.00498	-0.2949874686716792
ENST00000416718.2|ENSG00000198744.5|OTTHUMG00000002337.2|OTTHUMT00000006719.2|MTCO3P12-201|MTCO3P12|547|unprocessed_pseudogene|	45	TGGCC	112.07166666666667	4.263166666666667	0.006141666666666667	2.455	113.315	3.9825	0.005145	-0.19714375392341485
ENST00000416718.2|ENSG00000198744.5|OTTHUMG00000002337.2|OTTHUMT00000006719.2|MTCO3P12-201|MTCO3P12|547|unprocessed_pseudogene|	47	GCCCC	72.2	2.918	0.00531	2.62	72.2	2.918	0.00531	0.40966183574879245
ENST00000416718.2|ENSG00000198744.5|OTTHUMG00000002337.2|OTTHUMT00000006719.2|MTCO3P12-201|MTCO3P12|547|unprocessed_pseudogene|	48	CCCCT	62.52	2.015	0.00863	-0.73	62.52	2.015	0.00863	-0.02657004830917861
ENST00000416718.2|ENSG00000198744.5|OTTHUMG00000002337.2|OTTHUMT00000006719.2|MTCO3P12-201|MTCO3P12|547|unprocessed_pseudogene|	49	CCCTA	72.935	1.3459166666666667	0.0051175	0.9825	73.195	1.2945	0.005145	-0.4272695035460993
ENST00000416718.2|ENSG00000198744.5|OTTHUMG00000002337.2|OTTHUMT00000006719.2|MTCO3P12-201|MTCO3P12|547|unprocessed_pseudogene|	50	CCTAA	85.50666666666666	1.3596666666666668	0.005866666666666667	0.7966666666666665	84.62	1.455	0.00432	-0.48301647655259816
ENST00000416718.2|ENSG00000198744.5|OTTHUMG00000002337.2|OTTHUMT00000006719.2|MTCO3P12-201|MTCO3P12|547|unprocessed_pseudogene|	51	CTAAC	91.65181818181819	2.2635454545454547	0.0055527272727272725	0.06363636363636366	91.08	1.834	0.00498	-0.2554126794258373
ENST00000416718.2|ENSG00000198744.5|OTTHUMG00000002337.2|OTTHUMT00000006719.2|MTCO3P12-201|MTCO3P12|547|unprocessed_pseudogene|	52	TAACA	96.13000000000001	4.6513	0.008697	0.595	95.345	4.266	0.007469999999999999	0.34820289855072456
ENST00000416718.2|ENSG00000198744.5|OTTHUMG00000002337.2|OTTHUMT00000006719.2|MTCO3P12-201|MTCO3P12|547|unprocessed_pseudogene|	53	AACAG	86.442	4.142999999999999	0.004782	-0.013999999999999924	85.69	4.311	0.00432	0.3028301886792449
ENST00000416718.2|ENSG00000198744.5|OTTHUMG00000002337.2|OTTHUMT00000006719.2|MTCO3P12-201|MTCO3P12|547|unprocessed_pseudogene|	54	ACAGG	80.00285714285714	6.2534285714285724	0.008535714285714285	-0.5757142857142857	84.61	7.179	0.00598	0.22857142857142881
ENST00000416718.2|ENSG00000198744.5|OTTHUMG00000002337.2|OTTHUMT00000006719.2|MTCO3P12-201|MTCO3P12|547|unprocessed_pseudogene|	55	CAGGG	85.06800000000001	5.4842	0.0087	-0.348	91.59	5.361	0.00398	-0.30048469387755095
ENST00000416718.2|ENSG00000198744.5|OTTHUMG00000002337.2|OTTHUMT00000006719.2|MTCO3P12-201|MTCO3P12|547|unprocessed_pseudogene|	56	AGGGG	107.875	4.4125000000000005	0.0045650000000000005	-1.0199999999999998	108.75	4.593500000000001	0.00415	0.08950617283950635
ENST00000416718.2|ENSG00000198744.5|OTTHUMG00000002337.2|OTTHUMT00000006719.2|MTCO3P12-201|MTCO3P12|547|unprocessed_pseudogene|	57	GGGGC	117.023	6.2566999999999995	0.008697	0.59	117.29499999999999	5.835	0.00365	0.5448641975308641
ENST00000416718.2|ENSG00000198744.5|OTTHUMG00000002337.2|OTTHUMT00000006719.2|MTCO3P12-201|MTCO3P12|547|unprocessed_pseudogene|	58	GGGCC	110.42333333333333	5.642	0.00985	0.8466666666666667	107.97	5.87	0.00564	0.06252354048964233
ENST00000416718.2|ENSG00000198744.5|OTTHUMG00000002337.2|OTTHUMT00000006719.2|MTCO3P12-201|MTCO3P12|547|unprocessed_pseudogene|	59	GGCCC	103.42	8.7455	0.01029	-0.35000000000000003	103.42	8.7455	0.01029	1.658206686930091
ENST00000416718.2|ENSG00000198744.5|OTTHUMG00000002337.2|OTTHUMT00000006719.2|MTCO3P12-201|MTCO3P12|547|unprocessed_pseudogene|	60	GCCCT	67.3475	1.5015	0.006639999999999999	0.37	67.33500000000001	1.5419999999999998	0.00465	-0.2746376811594202
ENST00000416718.2|ENSG00000198744.5|OTTHUMG00000002337.2|OTTHUMT00000006719.2|MTCO3P12-201|MTCO3P12|547|unprocessed_pseudogene|	61	CCCTC	69.02	1.54	0.01494	0.09	69.02	1.54	0.01494	-0.3446808510638298
ENST00000416718.2|ENSG00000198744.5|OTTHUMG00000002337.2|OTTHUMT00000006719.2|MTCO3P12-201|MTCO3P12|547|unprocessed_pseudogene|	62	CCTCT	74.48800000000001	1.0708	0.007968000000000001	-0.196	72.61	1.045	0.0073	-0.624280701754386
ENST00000416718.2|ENSG00000198744.5|OTTHUMG00000002337.2|OTTHUMT00000006719.2|MTCO3P12-201|MTCO3P12|547|unprocessed_pseudogene|	63	CTCTC	77.88791666666667	1.136304347826087	0.005109130434782609	0.165	77.765	1.1735	0.00498	-0.45106070153329125
ENST00000416718.2|ENSG00000198744.5|OTTHUMG00000002337.2|OTTHUMT00000006719.2|MTCO3P12-201|MTCO3P12|547|unprocessed_pseudogene|	64	TCTCA	69.56750000000001	1.23225	0.0078	-1.645	69.96000000000001	1.2435	0.007135	-0.5676315789473684
ENST00000416718.2|ENSG00000198744.5|OTTHUMG00000002337.2|OTTHUMT00000006719.2|MTCO3P12-201|MTCO3P12|547|unprocessed_pseudogene|	65	CTCAG	76.974	1.4228	0.00385	-0.17399999999999993	77.55	1.52	0.00332	-0.38139130434782603
ENST00000416718.2|ENSG00000198744.5|OTTHUMG00000002337.2|OTTHUMT00000006719.2|MTCO3P12-201|MTCO3P12|547|unprocessed_pseudogene|	66	TCAGC	91.268125	2.1281250000000003	0.007138125	0.113125	91.22	2.1025	0.00598	-0.5819007858546168
ENST00000416718.2|ENSG00000198744.5|OTTHUMG00000002337.2|OTTHUMT00000006719.2|MTCO3P12-201|MTCO3P12|547|unprocessed_pseudogene|	67	CAGCC	106.05375	2.248875	0.00726125	0.48374999999999996	106.075	2.1455	0.004315	-0.25533940397350996
ENST00000416718.2|ENSG00000198744.5|OTTHUMG00000002337.2|OTTHUMT00000006719.2|MTCO3P12-201|MTCO3P12|547|unprocessed_pseudogene|	68	AGCCC	109.77333333333333	3.5233333333333334	0.013276666666666666	-0.33666666666666667	109.55	3.845	0.01228	0.07092198581560286
ENST00000416718.2|ENSG00000198744.5|OTTHUMG00000002337.2|OTTHUMT00000006719.2|MTCO3P12-201|MTCO3P12|547|unprocessed_pseudogene|	69	GCCCT	77.52	7.516	0.00498	3.71	77.52	7.516	0.00498	2.6309178743961352
ENST00000416718.2|ENSG00000198744.5|OTTHUMG00000002337.2|OTTHUMT00000006719.2|MTCO3P12-201|MTCO3P12|547|unprocessed_pseudogene|	70	CCCTC	70.29499999999999	2.697	0.012115	0.47	70.29499999999999	2.697	0.012115	0.1476595744680851
ENST00000416718.2|ENSG00000198744.5|OTTHUMG00000002337.2|OTTHUMT00000006719.2|MTCO3P12-201|MTCO3P12|547|unprocessed_pseudogene|	71	CCTCC	71.72333333333333	1.7926666666666666	0.01195	-0.18000000000000002	71.79	1.327	0.01461	-0.37099415204678365
ENST00000416718.2|ENSG00000198744.5|OTTHUMG00000002337.2|OTTHUMT00000006719.2|MTCO3P12-201|MTCO3P12|547|unprocessed_pseudogene|	72	CTCCT	71.82333333333332	1.0856666666666668	0.004203333333333333	0.12333333333333331	70.39	0.802	0.00332	-0.5279710144927535
ENST00000416718.2|ENSG00000198744.5|OTTHUMG00000002337.2|OTTHUMT00000006719.2|MTCO3P12-201|MTCO3P12|547|unprocessed_pseudogene|	73	TCCTA	71.99	1.3413333333333333	0.010293333333333333	0.5166666666666666	74.79	1.348	0.00963	-0.4292198581560284
ENST00000416718.2|ENSG00000198744.5|OTTHUMG00000002337.2|OTTHUMT00000006719.2|MTCO3P12-201|MTCO3P12|547|unprocessed_pseudogene|	74	CCTAA	84.32249999999999	1.298625	0.00551875	0.47875	84.925	1.3860000000000001	0.004815	-0.5062262357414449
ENST00000416718.2|ENSG00000198744.5|OTTHUMG00000002337.2|OTTHUMT00000006719.2|MTCO3P12-201|MTCO3P12|547|unprocessed_pseudogene|	75	CTAAT	93.75	1.3980000000000001	0.00747	-0.75	93.75	1.3980000000000001	0.00747	-0.5401315789473684
ENST00000416718.2|ENSG00000198744.5|OTTHUMG00000002337.2|OTTHUMT00000006719.2|MTCO3P12-201|MTCO3P12|547|unprocessed_pseudogene|	76	TAATG	109.46333333333332	2.776666666666667	0.009626666666666667	-0.23	103.61	2.768	0.00996	-0.10718113612004278
ENST00000416718.2|ENSG00000198744.5|OTTHUMG00000002337.2|OTTHUMT00000006719.2|MTCO3P12-201|MTCO3P12|547|unprocessed_pseudogene|	77	AATGA	80.57	2.448	0.00564	-0.89	80.57	2.448	0.00564	-0.3674418604651163
ENST00000416718.2|ENSG00000198744.5|OTTHUMG00000002337.2|OTTHUMT00000006719.2|MTCO3P12-201|MTCO3P12|547|unprocessed_pseudogene|	78	ATGAC	97.1	3.899	0.00531	0.46	97.1	3.899	0.00531	-0.13162583518930962
ENST00000416718.2|ENSG00000198744.5|OTTHUMG00000002337.2|OTTHUMT00000006719.2|MTCO3P12-201|MTCO3P12|547|unprocessed_pseudogene|	79	TGACC	105.365625	3.8840000000000003	0.007013125	0.9299999999999999	110.435	3.2245	0.00465	-0.18914405010438406
ENST00000416718.2|ENSG00000198744.5|OTTHUMG00000002337.2|OTTHUMT00000006719.2|MTCO3P12-201|MTCO3P12|547|unprocessed_pseudogene|	80	GACCT	77.67333333333333	3.408	0.0029866666666666665	-0.5766666666666667	76.73	3.242	0.00299	0.2128113879003558
ENST00000416718.2|ENSG00000198744.5|OTTHUMG00000002337.2|OTTHUMT00000006719.2|MTCO3P12-201|MTCO3P12|547|unprocessed_pseudogene|	81	ACCTC	70.475	1.9815	0.010455	0.2750000000000001	70.475	1.9815	0.010455	-0.1568085106382979
ENST00000416718.2|ENSG00000198744.5|OTTHUMG00000002337.2|OTTHUMT00000006719.2|MTCO3P12-201|MTCO3P12|547|unprocessed_pseudogene|	82	CCTCC	70.08250000000001	1.213	0.00307	-0.5875	70.66499999999999	1.31	0.00249	-0.5743859649122807
ENST00000416718.2|ENSG00000198744.5|OTTHUMG00000002337.2|OTTHUMT00000006719.2|MTCO3P12-201|MTCO3P12|547|unprocessed_pseudogene|	83	CTCCG	71.3725	1.422	0.0037324999999999997	0.32750000000000007	71.74000000000001	1.262	0.0026550000000000002	-0.3817391304347826
ENST00000416718.2|ENSG00000198744.5|OTTHUMG00000002337.2|OTTHUMT00000006719.2|MTCO3P12-201|MTCO3P12|547|unprocessed_pseudogene|	84	TCCGG	80.13	1.9157499999999998	0.0046475	0.9450000000000001	80.32499999999999	1.972	0.00332	-0.3108812949640288
ENST00000416718.2|ENSG00000198744.5|OTTHUMG00000002337.2|OTTHUMT00000006719.2|MTCO3P12-201|MTCO3P12|547|unprocessed_pseudogene|	85	CCGGC	95.05000000000001	2.9055	0.006363333333333333	-0.015000000000000013	94.89500000000001	2.731	0.00498	-0.416566265060241
ENST00000416718.2|ENSG00000198744.5|OTTHUMG00000002337.2|OTTHUMT00000006719.2|MTCO3P12-201|MTCO3P12|547|unprocessed_pseudogene|	86	CGGCC	100.74000000000001	2.8320000000000003	0.009406666666666666	-0.4466666666666666	98.01	2.657	0.00863	-0.46666666666666656
ENST00000416718.2|ENSG00000198744.5|OTTHUMG00000002337.2|OTTHUMT00000006719.2|MTCO3P12-201|MTCO3P12|547|unprocessed_pseudogene|	87	GGCCT	103.49333333333334	7.277833333333334	0.0071383333333333325	-0.36000000000000004	105.69999999999999	7.745	0.006975	1.2121073961499493
ENST00000416718.2|ENSG00000198744.5|OTTHUMG00000002337.2|OTTHUMT00000006719.2|MTCO3P12-201|MTCO3P12|547|unprocessed_pseudogene|	88	GCCTA	74.3157142857143	2.5569999999999995	0.00702	0.01	68.48	1.815	0.00564	inf
ENST00000416718.2|ENSG00000198744.5|OTTHUMG00000002337.2|OTTHUMT00000006719.2|MTCO3P12-201|MTCO3P12|547|unprocessed_pseudogene|	89	CCTAG	86.095	1.618	0.00382	0.565	86.095	1.618	0.00382	-0.3847908745247148
ENST00000416718.2|ENSG00000198744.5|OTTHUMG00000002337.2|OTTHUMT00000006719.2|MTCO3P12-201|MTCO3P12|547|unprocessed_pseudogene|	90	CTAGC	97.15333333333332	3.6627777777777784	0.006713333333333333	-0.021111111111111105	96.07	3.219	0.00432	-0.031011169900058585
ENST00000416718.2|ENSG00000198744.5|OTTHUMG00000002337.2|OTTHUMT00000006719.2|MTCO3P12-201|MTCO3P12|547|unprocessed_pseudogene|	91	TAGCC	101.9725	1.8955	0.0054775	0.18250000000000005	102.95	1.7685	0.00531	-0.37235099337748345
ENST00000416718.2|ENSG00000198744.5|OTTHUMG00000002337.2|OTTHUMT00000006719.2|MTCO3P12-201|MTCO3P12|547|unprocessed_pseudogene|	92	AGCCA	112.27428571428571	3.4634285714285715	0.007445714285714285	0.6742857142857143	112.77	2.925	0.00498	0.05271385149804604
ENST00000416718.2|ENSG00000198744.5|OTTHUMG00000002337.2|OTTHUMT00000006719.2|MTCO3P12-201|MTCO3P12|547|unprocessed_pseudogene|	93	GCCAT	76.63	5.872	0.00531	1.03	76.63	5.872	0.00531	1.7829383886255925
ENST00000416718.2|ENSG00000198744.5|OTTHUMG00000002337.2|OTTHUMT00000006719.2|MTCO3P12-201|MTCO3P12|547|unprocessed_pseudogene|	94	CCATG	84.305	1.791	0.005315	0.515	84.305	1.791	0.005315	-0.15915492957746477
ENST00000416718.2|ENSG00000198744.5|OTTHUMG00000002337.2|OTTHUMT00000006719.2|MTCO3P12-201|MTCO3P12|547|unprocessed_pseudogene|	96	ATGTG	92.72285714285714	5.247142857142857	0.009247142857142857	1.0757142857142858	91.91	3.851	0.00598	0.388133030990174
ENST00000416718.2|ENSG00000198744.5|OTTHUMG00000002337.2|OTTHUMT00000006719.2|MTCO3P12-201|MTCO3P12|547|unprocessed_pseudogene|	97	TGTGA	98.036	6.584999999999999	0.008631999999999999	0.25199999999999995	96.77	6.99	0.00531	-0.3204334365325078
ENST00000416718.2|ENSG00000198744.5|OTTHUMG00000002337.2|OTTHUMT00000006719.2|MTCO3P12-201|MTCO3P12|547|unprocessed_pseudogene|	98	GTGAT	109.67384615384616	3.079583333333334	0.0046475	0.7476923076923079	111.8	2.939	0.00432	-0.314123979213066
ENST00000416718.2|ENSG00000198744.5|OTTHUMG00000002337.2|OTTHUMT00000006719.2|MTCO3P12-201|MTCO3P12|547|unprocessed_pseudogene|	99	TGATT	133.30142857142854	7.183428571428571	0.005974285714285715	0.8357142857142856	131.57	6.059	0.00531	0.40851540616246507
ENST00000416718.2|ENSG00000198744.5|OTTHUMG00000002337.2|OTTHUMT00000006719.2|MTCO3P12-201|MTCO3P12|547|unprocessed_pseudogene|	100	GATTT	88.69399999999999	4.945	0.006376	-0.78	87.53	3.564	0.00598	-0.10578661844484628
ENST00000416718.2|ENSG00000198744.5|OTTHUMG00000002337.2|OTTHUMT00000006719.2|MTCO3P12-201|MTCO3P12|547|unprocessed_pseudogene|	101	ATTTC	83.01166666666667	1.6455000000000002	0.0050349999999999995	1.055	81.275	1.232	0.00299	inf
ENST00000416718.2|ENSG00000198744.5|OTTHUMG00000002337.2|OTTHUMT00000006719.2|MTCO3P12-201|MTCO3P12|547|unprocessed_pseudogene|	102	TTTCA	79.10666666666667	1.4738333333333333	0.007523333333333333	0.3666666666666667	79.91	1.5075	0.00614	-0.2880032206119162
ENST00000416718.2|ENSG00000198744.5|OTTHUMG00000002337.2|OTTHUMT00000006719.2|MTCO3P12-201|MTCO3P12|547|unprocessed_pseudogene|	103	TTCAC	75.19347826086958	1.092272727272727	0.00476909090909091	-0.6569565217391304	74.53	0.967	0.00365	-0.5250988142292491
ENST00000416718.2|ENSG00000198744.5|OTTHUMG00000002337.2|OTTHUMT00000006719.2|MTCO3P12-201|MTCO3P12|547|unprocessed_pseudogene|	104	TCACT	79.855	1.05375	0.00473	0.15125	79.945	0.8755	0.00415	-0.4394946808510638
ENST00000416718.2|ENSG00000198744.5|OTTHUMG00000002337.2|OTTHUMT00000006719.2|MTCO3P12-201|MTCO3P12|547|unprocessed_pseudogene|	105	CACTT	81.11500000000001	0.901	0.00398	-1.045	81.11500000000001	0.901	0.00398	-0.6699633699633699
ENST00000416718.2|ENSG00000198744.5|OTTHUMG00000002337.2|OTTHUMT00000006719.2|MTCO3P12-201|MTCO3P12|547|unprocessed_pseudogene|	106	ACTTC	81.66499999999999	1.3255	0.005315	0.365	81.66499999999999	1.3255	0.005315	-0.45227272727272727
ENST00000416718.2|ENSG00000198744.5|OTTHUMG00000002337.2|OTTHUMT00000006719.2|MTCO3P12-201|MTCO3P12|547|unprocessed_pseudogene|	107	CTTCC	74.60857142857144	1.214735294117647	0.005472727272727273	0.13571428571428573	74.65	1.195	0.00498	-0.4131713554987212
ENST00000416718.2|ENSG00000198744.5|OTTHUMG00000002337.2|OTTHUMT00000006719.2|MTCO3P12-201|MTCO3P12|547|unprocessed_pseudogene|	108	TTCCA	63.47857142857142	2.1354285714285712	0.011099999999999999	0.38	69.72	1.349	0.01162	-0.07155279503105591
ENST00000416718.2|ENSG00000198744.5|OTTHUMG00000002337.2|OTTHUMT00000006719.2|MTCO3P12-201|MTCO3P12|547|unprocessed_pseudogene|	109	TCCAC	72.43090909090908	1.0928636363636361	0.008390454545454545	-0.1631818181818182	72.69	1.0715	0.007305	-0.48205514864282645
ENST00000416718.2|ENSG00000198744.5|OTTHUMG00000002337.2|OTTHUMT00000006719.2|MTCO3P12-201|MTCO3P12|547|unprocessed_pseudogene|	110	CCACT	78.51599999999999	1.4739999999999998	0.005976	0.26000000000000006	78.19	1.465	0.00432	-0.21595744680851073
ENST00000416718.2|ENSG00000198744.5|OTTHUMG00000002337.2|OTTHUMT00000006719.2|MTCO3P12-201|MTCO3P12|547|unprocessed_pseudogene|	111	CACTC	88.91545454545455	1.7949166666666667	0.007193333333333334	0.905	87.055	1.7725	0.005645	-0.3425213675213675
ENST00000416718.2|ENSG00000198744.5|OTTHUMG00000002337.2|OTTHUMT00000006719.2|MTCO3P12-201|MTCO3P12|547|unprocessed_pseudogene|	112	ACTCC	85.41	1.8085	0.005475	1.23	85.41	1.8085	0.005475	-0.3654385964912281
ENST00000416718.2|ENSG00000198744.5|OTTHUMG00000002337.2|OTTHUMT00000006719.2|MTCO3P12-201|MTCO3P12|547|unprocessed_pseudogene|	113	CTCCA	63.849999999999994	1.93225	0.0078024999999999995	-1.75625	64.23	1.4595	0.00498	-0.159891304347826
ENST00000416718.2|ENSG00000198744.5|OTTHUMG00000002337.2|OTTHUMT00000006719.2|MTCO3P12-201|MTCO3P12|547|unprocessed_pseudogene|	114	TCCAC	72.79928571428572	1.7869285714285712	0.009177142857142856	-0.0007142857142857269	73.035	1.931	0.005974999999999999	-0.15311442112389986
ENST00000416718.2|ENSG00000198744.5|OTTHUMG00000002337.2|OTTHUMT00000006719.2|MTCO3P12-201|MTCO3P12|547|unprocessed_pseudogene|	115	CCACA	77.862	2.2062	0.008964	0.86	76.99	2.327	0.00797	0.1735106382978724
ENST00000416718.2|ENSG00000198744.5|OTTHUMG00000002337.2|OTTHUMT00000006719.2|MTCO3P12-201|MTCO3P12|547|unprocessed_pseudogene|	116	CACAA	85.28999999999999	1.7165	0.007554999999999999	0.815	86.505	1.752	0.00631	-0.46022012578616356
ENST00000416718.2|ENSG00000198744.5|OTTHUMG00000002337.2|OTTHUMT00000006719.2|MTCO3P12-201|MTCO3P12|547|unprocessed_pseudogene|	117	ACAAC	79.66125	2.4898749999999996	0.00879875	-0.30250000000000005	78.72	2.351	0.00747	-0.1755380794701988
ENST00000416718.2|ENSG00000198744.5|OTTHUMG00000002337.2|OTTHUMT00000006719.2|MTCO3P12-201|MTCO3P12|547|unprocessed_pseudogene|	118	CAACC	95.42	1.736	0.006306666666666666	1.24	93.75	1.776	0.00697	-0.49681159420289855
ENST00000416718.2|ENSG00000198744.5|OTTHUMG00000002337.2|OTTHUMT00000006719.2|MTCO3P12-201|MTCO3P12|547|unprocessed_pseudogene|	119	AACCC	84.344	1.4476	0.005246	-0.068	83.88	1.377	0.00432	-0.48483985765124554
ENST00000416718.2|ENSG00000198744.5|OTTHUMG00000002337.2|OTTHUMT00000006719.2|MTCO3P12-201|MTCO3P12|547|unprocessed_pseudogene|	120	ACCCT	67.15200000000002	1.9479999999999997	0.00624	-0.36800000000000005	65.73	1.954	0.00432	-0.05893719806763291
ENST00000416718.2|ENSG00000198744.5|OTTHUMG00000002337.2|OTTHUMT00000006719.2|MTCO3P12-201|MTCO3P12|547|unprocessed_pseudogene|	122	CCTCC	73.75	1.5493333333333332	0.005976666666666666	0.3433333333333333	73.96	1.629	0.00465	-0.456374269005848
ENST00000416718.2|ENSG00000198744.5|OTTHUMG00000002337.2|OTTHUMT00000006719.2|MTCO3P12-201|MTCO3P12|547|unprocessed_pseudogene|	123	CTCCT	72.73	1.0128	0.00571	0.426	72.55	0.813	0.00299	-0.5596521739130434
ENST00000416718.2|ENSG00000198744.5|OTTHUMG00000002337.2|OTTHUMT00000006719.2|MTCO3P12-201|MTCO3P12|547|unprocessed_pseudogene|	124	TCCTC	74.605	0.8915	0.0026550000000000002	1.135	74.605	0.8915	0.0026550000000000002	-0.6206382978723405
ENST00000416718.2|ENSG00000198744.5|OTTHUMG00000002337.2|OTTHUMT00000006719.2|MTCO3P12-201|MTCO3P12|547|unprocessed_pseudogene|	125	CCTCA	74.66	0.901	0.00664	0.1	74.66	0.901	0.00664	-0.6838596491228071
ENST00000416718.2|ENSG00000198744.5|OTTHUMG00000002337.2|OTTHUMT00000006719.2|MTCO3P12-201|MTCO3P12|547|unprocessed_pseudogene|	126	CTCAT	81.3975	1.0845000000000002	0.006225	0.5525	81.705	1.1	0.006144999999999999	-0.5284782608695651
ENST00000416718.2|ENSG00000198744.5|OTTHUMG00000002337.2|OTTHUMT00000006719.2|MTCO3P12-201|MTCO3P12|547|unprocessed_pseudogene|	127	TCATA	87.8409090909091	2.0370909090909093	0.005411000000000001	-0.34	86.32	1.774	0.00266	-0.04361929150661531
ENST00000416718.2|ENSG00000198744.5|OTTHUMG00000002337.2|OTTHUMT00000006719.2|MTCO3P12-201|MTCO3P12|547|unprocessed_pseudogene|	128	CATAC	86.64333333333333	1.9953333333333332	0.01162	-0.46	85.75	1.784	0.00764	-0.6822717622080681
ENST00000416718.2|ENSG00000198744.5|OTTHUMG00000002337.2|OTTHUMT00000006719.2|MTCO3P12-201|MTCO3P12|547|unprocessed_pseudogene|	129	ATACT	85.00333333333333	1.6866666666666665	0.0048133333333333335	1.1233333333333333	85.52000000000001	1.5859999999999999	0.00465	-0.19682539682539693
ENST00000416718.2|ENSG00000198744.5|OTTHUMG00000002337.2|OTTHUMT00000006719.2|MTCO3P12-201|MTCO3P12|547|unprocessed_pseudogene|	130	TACTA	90.72166666666668	1.6158333333333337	0.004315	0.77	91.54499999999999	1.5625	0.003985	-0.408119658119658
ENST00000416718.2|ENSG00000198744.5|OTTHUMG00000002337.2|OTTHUMT00000006719.2|MTCO3P12-201|MTCO3P12|547|unprocessed_pseudogene|	131	ACTAG	82.52749999999999	1.78175	0.006475	-1.075	81.63499999999999	1.871	0.00664	-0.32252851711026614
ENST00000416718.2|ENSG00000198744.5|OTTHUMG00000002337.2|OTTHUMT00000006719.2|MTCO3P12-201|MTCO3P12|547|unprocessed_pseudogene|	133	TAGGC	84.28125	8.188375	0.00676375	0.29000000000000004	87.8	8.98	0.006305	inf
ENST00000416718.2|ENSG00000198744.5|OTTHUMG00000002337.2|OTTHUMT00000006719.2|MTCO3P12-201|MTCO3P12|547|unprocessed_pseudogene|	134	AGGCC	116.24625	8.792625	0.0058075	0.9175	118.13	9.408000000000001	0.004645	0.6558615819209039
ENST00000416718.2|ENSG00000198744.5|OTTHUMG00000002337.2|OTTHUMT00000006719.2|MTCO3P12-201|MTCO3P12|547|unprocessed_pseudogene|	135	GGCCT	102.0309090909091	7.001363636363636	0.007151818181818182	-0.7627272727272728	102.99	6.837	0.00498	1.1280740536059684
ENST00000416718.2|ENSG00000198744.5|OTTHUMG00000002337.2|OTTHUMT00000006719.2|MTCO3P12-201|MTCO3P12|547|unprocessed_pseudogene|	136	GCCTA	62.94285714285714	2.5735714285714293	0.009672857142857144	0.39	66.53	2.515	0.00896	0.09513677811550178
ENST00000416718.2|ENSG00000198744.5|OTTHUMG00000002337.2|OTTHUMT00000006719.2|MTCO3P12-201|MTCO3P12|547|unprocessed_pseudogene|	137	CCTAC	81.535	1.415	0.006805	0.67	81.535	1.415	0.006805	-0.461977186311787
ENST00000416718.2|ENSG00000198744.5|OTTHUMG00000002337.2|OTTHUMT00000006719.2|MTCO3P12-201|MTCO3P12|547|unprocessed_pseudogene|	138	CTACT	84.78375	2.2009999999999996	0.00502125	0.44375000000000003	83.91	2.0225	0.005145	0.04809523809523787
ENST00000416718.2|ENSG00000198744.5|OTTHUMG00000002337.2|OTTHUMT00000006719.2|MTCO3P12-201|MTCO3P12|547|unprocessed_pseudogene|	139	TACTA	89.7	3.277	0.00332	0.48	89.7	3.277	0.00332	0.20036630036630043
ENST00000416718.2|ENSG00000198744.5|OTTHUMG00000002337.2|OTTHUMT00000006719.2|MTCO3P12-201|MTCO3P12|547|unprocessed_pseudogene|	140	ACTAA	83.76857142857143	1.6088571428571428	0.0035542857142857143	-0.8842857142857142	83.56	1.293	0.00232	-0.38826724606192287
ENST00000416718.2|ENSG00000198744.5|OTTHUMG00000002337.2|OTTHUMT00000006719.2|MTCO3P12-201|MTCO3P12|547|unprocessed_pseudogene|	141	CTAAC	92.47999999999999	1.9842000000000002	0.0028559999999999996	0.21599999999999997	93.41	1.473	0.00266	-0.3473026315789473
ENST00000416718.2|ENSG00000198744.5|OTTHUMG00000002337.2|OTTHUMT00000006719.2|MTCO3P12-201|MTCO3P12|547|unprocessed_pseudogene|	143	AACCA	83.58181818181819	1.374	0.005736363636363637	0.18363636363636363	83.0	1.253	0.00432	-0.5110320284697508
ENST00000416718.2|ENSG00000198744.5|OTTHUMG00000002337.2|OTTHUMT00000006719.2|MTCO3P12-201|MTCO3P12|547|unprocessed_pseudogene|	144	ACCAA	75.87538461538462	0.9145000000000001	0.006306428571428572	0.49153846153846154	76.08500000000001	0.9425	0.00564	-0.5665876777251184
ENST00000416718.2|ENSG00000198744.5|OTTHUMG00000002337.2|OTTHUMT00000006719.2|MTCO3P12-201|MTCO3P12|547|unprocessed_pseudogene|	145	CCAAC	86.58	1.4454	0.007696363636363637	0.35000000000000003	86.83	1.381	0.00498	-0.5213907284768212
ENST00000416718.2|ENSG00000198744.5|OTTHUMG00000002337.2|OTTHUMT00000006719.2|MTCO3P12-201|MTCO3P12|547|unprocessed_pseudogene|	146	CAACA	93.9125	1.1532499999999999	0.0034850000000000003	0.6099999999999999	94.005	1.1515	0.003155	-0.6657246376811595
ENST00000416718.2|ENSG00000198744.5|OTTHUMG00000002337.2|OTTHUMT00000006719.2|MTCO3P12-201|MTCO3P12|547|unprocessed_pseudogene|	147	AACAC	88.6657142857143	2.396142857142857	0.003984285714285714	-0.28857142857142853	86.24	1.888	0.00332	-0.24649595687331546
ENST00000416718.2|ENSG00000198744.5|OTTHUMG00000002337.2|OTTHUMT00000006719.2|MTCO3P12-201|MTCO3P12|547|unprocessed_pseudogene|	148	ACACA	75.12000000000002	2.045888888888889	0.006751111111111111	0.6122222222222223	74.88	1.563	0.00631	0.08823877068557924
ENST00000416718.2|ENSG00000198744.5|OTTHUMG00000002337.2|OTTHUMT00000006719.2|MTCO3P12-201|MTCO3P12|547|unprocessed_pseudogene|	149	CACAC	72.0925	1.366	0.005145	0.21999999999999997	76.425	1.325	0.003155	-0.570440251572327
ENST00000416718.2|ENSG00000198744.5|OTTHUMG00000002337.2|OTTHUMT00000006719.2|MTCO3P12-201|MTCO3P12|547|unprocessed_pseudogene|	150	ACACT	76.22	2.2876666666666665	0.0046500000000000005	-0.6066666666666668	74.75	2.049	0.00332	0.21684397163120567
ENST00000416718.2|ENSG00000198744.5|OTTHUMG00000002337.2|OTTHUMT00000006719.2|MTCO3P12-201|MTCO3P12|547|unprocessed_pseudogene|	151	CACTA	87.95666666666666	2.1413333333333333	0.01018	0.27	88.92	1.809	0.01129	-0.21562881562881564
ENST00000416718.2|ENSG00000198744.5|OTTHUMG00000002337.2|OTTHUMT00000006719.2|MTCO3P12-201|MTCO3P12|547|unprocessed_pseudogene|	152	ACTAA	87.4935294117647	1.5881666666666667	0.009018888888888889	0.22235294117647061	87.235	1.2655	0.00664	-0.39613434727503166
ENST00000416718.2|ENSG00000198744.5|OTTHUMG00000002337.2|OTTHUMT00000006719.2|MTCO3P12-201|MTCO3P12|547|unprocessed_pseudogene|	153	CTAAC	95.64142857142856	2.7117142857142857	0.005358571428571428	0.76	94.67	2.191	0.00465	-0.10798872180451127
ENST00000416718.2|ENSG00000198744.5|OTTHUMG00000002337.2|OTTHUMT00000006719.2|MTCO3P12-201|MTCO3P12|547|unprocessed_pseudogene|	154	TAACC	95.21485714285714	1.505235294117647	0.007830588235294117	0.41657142857142865	95.22	1.401	0.00598	-0.5636999147485081
ENST00000416718.2|ENSG00000198744.5|OTTHUMG00000002337.2|OTTHUMT00000006719.2|MTCO3P12-201|MTCO3P12|547|unprocessed_pseudogene|	155	AACCA	83.4575	1.9162500000000002	0.0057275	0.1325	84.18	1.8515000000000001	0.0054800000000000005	-0.3180604982206405
ENST00000416718.2|ENSG00000198744.5|OTTHUMG00000002337.2|OTTHUMT00000006719.2|MTCO3P12-201|MTCO3P12|547|unprocessed_pseudogene|	156	ACCAT	78.1	1.5598	0.007502	1.152	78.2	1.5	0.00365	-0.26075829383886245
ENST00000416718.2|ENSG00000198744.5|OTTHUMG00000002337.2|OTTHUMT00000006719.2|MTCO3P12-201|MTCO3P12|547|unprocessed_pseudogene|	157	CCATA	86.86666666666667	1.2193333333333332	0.0074716666666666655	0.13166666666666668	86.52000000000001	1.1335000000000002	0.005645	-0.4275430359937403
ENST00000416718.2|ENSG00000198744.5|OTTHUMG00000002337.2|OTTHUMT00000006719.2|MTCO3P12-201|MTCO3P12|547|unprocessed_pseudogene|	158	CATAT	95.3075	2.39	0.00473	0.6799999999999999	94.51	2.3529999999999998	0.003485	-0.6194267515923567
ENST00000416718.2|ENSG00000198744.5|OTTHUMG00000002337.2|OTTHUMT00000006719.2|MTCO3P12-201|MTCO3P12|547|unprocessed_pseudogene|	159	ATATA	90.24799999999999	2.8666	0.006772	0.9940000000000001	91.98	2.368	0.00631	0.08996197718631184
ENST00000416718.2|ENSG00000198744.5|OTTHUMG00000002337.2|OTTHUMT00000006719.2|MTCO3P12-201|MTCO3P12|547|unprocessed_pseudogene|	160	TATAC	98.93923076923078	2.6765384615384615	0.008069999999999997	0.4707692307692308	97.04	2.263	0.00564	-0.5737996080352769
ENST00000416718.2|ENSG00000198744.5|OTTHUMG00000002337.2|OTTHUMT00000006719.2|MTCO3P12-201|MTCO3P12|547|unprocessed_pseudogene|	161	ATACC	75.665	4.433	0.0051475	0.36	75.55000000000001	3.537	0.005315	1.1109523809523807
ENST00000416718.2|ENSG00000198744.5|OTTHUMG00000002337.2|OTTHUMT00000006719.2|MTCO3P12-201|MTCO3P12|547|unprocessed_pseudogene|	162	TACCA	74.23809523809523	1.27305	0.0084165	0.29	78.91	1.208	0.00697	-0.5469572953736654
ENST00000416718.2|ENSG00000198744.5|OTTHUMG00000002337.2|OTTHUMT00000006719.2|MTCO3P12-201|MTCO3P12|547|unprocessed_pseudogene|	163	ACCAA	74.67714285714285	1.5605714285714285	0.00875923076923077	0.03571428571428573	74.985	1.474	0.00647	-0.2603926878808395
ENST00000416718.2|ENSG00000198744.5|OTTHUMG00000002337.2|OTTHUMT00000006719.2|MTCO3P12-201|MTCO3P12|547|unprocessed_pseudogene|	164	CCAAT	93.45833333333333	3.7253333333333334	0.007303333333333333	1.04	93.67500000000001	3.8495	0.005475	0.23355408388520973
ENST00000416718.2|ENSG00000198744.5|OTTHUMG00000002337.2|OTTHUMT00000006719.2|MTCO3P12-201|MTCO3P12|547|unprocessed_pseudogene|	165	CAATG	100.79375	5.8185	0.007842499999999999	-0.4775	100.875	6.729	0.00448	0.8709003215434085
ENST00000416718.2|ENSG00000198744.5|OTTHUMG00000002337.2|OTTHUMT00000006719.2|MTCO3P12-201|MTCO3P12|547|unprocessed_pseudogene|	166	AATGA	86.46799999999999	4.202499999999999	0.01069	0.22399999999999998	86.585	3.367	0.00797	0.08591731266149837
ENST00000416718.2|ENSG00000198744.5|OTTHUMG00000002337.2|OTTHUMT00000006719.2|MTCO3P12-201|MTCO3P12|547|unprocessed_pseudogene|	167	ATGAT	102.42	2.964	0.00365	0.76	102.42	2.964	0.00365	-0.33986636971046774
ENST00000416718.2|ENSG00000198744.5|OTTHUMG00000002337.2|OTTHUMT00000006719.2|MTCO3P12-201|MTCO3P12|547|unprocessed_pseudogene|	168	TGATG	113.54818181818179	9.801181818181819	0.006246363636363637	-1.4281818181818182	117.54	10.167	0.00398	0.9218003565062391
ENST00000416718.2|ENSG00000198744.5|OTTHUMG00000002337.2|OTTHUMT00000006719.2|MTCO3P12-201|MTCO3P12|547|unprocessed_pseudogene|	169	GATGG	71.82000000000001	3.789	0.009628571428571429	-1.48	74.74	2.887	0.00996	-0.020930232558139524
ENST00000416718.2|ENSG00000198744.5|OTTHUMG00000002337.2|OTTHUMT00000006719.2|MTCO3P12-201|MTCO3P12|547|unprocessed_pseudogene|	170	ATGGC	92.66000000000001	3.796666666666667	0.003653333333333333	-0.24666666666666662	92.55	3.028	0.00365	-0.04845446950710109
ENST00000416718.2|ENSG00000198744.5|OTTHUMG00000002337.2|OTTHUMT00000006719.2|MTCO3P12-201|MTCO3P12|547|unprocessed_pseudogene|	171	TGGCG	110.79333333333334	6.3406666666666665	0.007525	0.465	111.225	5.8535	0.00448	0.19409918392969244
ENST00000416718.2|ENSG00000198744.5|OTTHUMG00000002337.2|OTTHUMT00000006719.2|MTCO3P12-201|MTCO3P12|547|unprocessed_pseudogene|	172	GGCGC	96.83166666666666	11.866999999999999	0.004536666666666666	-0.34333333333333343	96.23	12.1645	0.004484999999999999	0.4144219308700832
ENST00000416718.2|ENSG00000198744.5|OTTHUMG00000002337.2|OTTHUMT00000006719.2|MTCO3P12-201|MTCO3P12|547|unprocessed_pseudogene|	173	GCGCG	79.16	2.9155	0.008855	-0.4216666666666666	80.515	2.415	0.00764	0.12134615384615388
ENST00000416718.2|ENSG00000198744.5|OTTHUMG00000002337.2|OTTHUMT00000006719.2|MTCO3P12-201|MTCO3P12|547|unprocessed_pseudogene|	174	CGCGA	93.85333333333334	5.583666666666667	0.0077466666666666665	0.24666666666666667	90.86	4.658	0.00598	-0.33448549860945576
ENST00000416718.2|ENSG00000198744.5|OTTHUMG00000002337.2|OTTHUMT00000006719.2|MTCO3P12-201|MTCO3P12|547|unprocessed_pseudogene|	175	GCGAT	98.01124999999999	4.54025	0.006059999999999999	0.43000000000000005	98.875	3.955	0.0054800000000000005	0.1379072681704261
ENST00000416718.2|ENSG00000198744.5|OTTHUMG00000002337.2|OTTHUMT00000006719.2|MTCO3P12-201|MTCO3P12|547|unprocessed_pseudogene|	176	CGATG	101.19333333333333	8.656666666666668	0.0064199999999999995	-1.8366666666666667	102.32	8.382	0.00531	0.6973856209150331
ENST00000416718.2|ENSG00000198744.5|OTTHUMG00000002337.2|OTTHUMT00000006719.2|MTCO3P12-201|MTCO3P12|547|unprocessed_pseudogene|	177	GATGT	75.394	3.072285714285715	0.00923	-0.27399999999999997	73.99	2.411	0.0083	-0.20612772240679203
ENST00000416718.2|ENSG00000198744.5|OTTHUMG00000002337.2|OTTHUMT00000006719.2|MTCO3P12-201|MTCO3P12|547|unprocessed_pseudogene|	178	ATGTA	86.80166666666666	5.315166666666667	0.009571666666666668	-0.34833333333333333	87.80000000000001	3.3895	0.00664	0.4061287477954147
ENST00000416718.2|ENSG00000198744.5|OTTHUMG00000002337.2|OTTHUMT00000006719.2|MTCO3P12-201|MTCO3P12|547|unprocessed_pseudogene|	179	TGTAA	101.88	11.4	0.02623	-0.65	101.88	11.4	0.02623	0.3317757009345794
ENST00000416718.2|ENSG00000198744.5|OTTHUMG00000002337.2|OTTHUMT00000006719.2|MTCO3P12-201|MTCO3P12|547|unprocessed_pseudogene|	180	GTAAC	88.404	1.6225999999999998	0.004093333333333333	0.24299999999999997	88.245	1.5505	0.0034850000000000003	-0.46625000000000005
ENST00000416718.2|ENSG00000198744.5|OTTHUMG00000002337.2|OTTHUMT00000006719.2|MTCO3P12-201|MTCO3P12|547|unprocessed_pseudogene|	181	TAACA	94.17428571428572	2.1028571428571428	0.011095714285714287	0.08	94.79	1.849	0.00797	-0.39047619047619053
ENST00000416718.2|ENSG00000198744.5|OTTHUMG00000002337.2|OTTHUMT00000006719.2|MTCO3P12-201|MTCO3P12|547|unprocessed_pseudogene|	182	AACAC	89.47458333333334	2.080083333333333	0.007044782608695652	0.08	89.66499999999999	2.062	0.005645	-0.34588574423480095
ENST00000416718.2|ENSG00000198744.5|OTTHUMG00000002337.2|OTTHUMT00000006719.2|MTCO3P12-201|MTCO3P12|547|unprocessed_pseudogene|	183	ACACG	75.17428571428572	1.6538571428571431	0.005548571428571429	0.10571428571428572	75.35	1.495	0.00398	-0.1202887537993919
ENST00000416718.2|ENSG00000198744.5|OTTHUMG00000002337.2|OTTHUMT00000006719.2|MTCO3P12-201|MTCO3P12|547|unprocessed_pseudogene|	184	CACGA	80.78999999999999	3.531	0.0040675	0.44499999999999995	78.735	3.5915	0.0034850000000000003	0.11037735849056603
ENST00000416718.2|ENSG00000198744.5|OTTHUMG00000002337.2|OTTHUMT00000006719.2|MTCO3P12-201|MTCO3P12|547|unprocessed_pseudogene|	185	ACGAG	83.69666666666666	5.480666666666667	0.010733333333333333	-0.08999999999999997	81.83	4.58	0.01062	0.37360066833751043
ENST00000416718.2|ENSG00000198744.5|OTTHUMG00000002337.2|OTTHUMT00000006719.2|MTCO3P12-201|MTCO3P12|547|unprocessed_pseudogene|	186	CGAGA	113.73	3.09575	0.00439875	-0.72	110.81	3.242	0.004484999999999999	-0.4559314586994728
ENST00000416718.2|ENSG00000198744.5|OTTHUMG00000002337.2|OTTHUMT00000006719.2|MTCO3P12-201|MTCO3P12|547|unprocessed_pseudogene|	187	GAGAA	122.07333333333334	7.980999999999999	0.015713333333333333	-0.48000000000000004	123.19	4.914	0.01859	0.3596252129471889
ENST00000416718.2|ENSG00000198744.5|OTTHUMG00000002337.2|OTTHUMT00000006719.2|MTCO3P12-201|MTCO3P12|547|unprocessed_pseudogene|	188	AGAAA	128.12	6.516	0.003985	-0.004999999999999977	128.12	6.516	0.003985	0.17194244604316555
ENST00000416718.2|ENSG00000198744.5|OTTHUMG00000002337.2|OTTHUMT00000006719.2|MTCO3P12-201|MTCO3P12|547|unprocessed_pseudogene|	189	GAAAG	97.82	6.49	0.00697	-1.65	97.82	6.49	0.00697	1.421641791044776
ENST00000416718.2|ENSG00000198744.5|OTTHUMG00000002337.2|OTTHUMT00000006719.2|MTCO3P12-201|MTCO3P12|547|unprocessed_pseudogene|	190	AAAGC	107.96000000000001	5.2094000000000005	0.01421	-0.01599999999999997	107.98	4.664	0.00797	0.2831034482758623
ENST00000416718.2|ENSG00000198744.5|OTTHUMG00000002337.2|OTTHUMT00000006719.2|MTCO3P12-201|MTCO3P12|547|unprocessed_pseudogene|	191	AAGCA	109.54333333333334	3.667666666666667	0.00675	0.5666666666666668	108.61	3.246	0.00398	0.21445916114790292
ENST00000416718.2|ENSG00000198744.5|OTTHUMG00000002337.2|OTTHUMT00000006719.2|MTCO3P12-201|MTCO3P12|547|unprocessed_pseudogene|	192	AGCAC	119.27545454545455	3.8897500000000003	0.011692812499999998	0.825	121.32499999999999	4.1884999999999994	0.00913	inf
ENST00000416718.2|ENSG00000198744.5|OTTHUMG00000002337.2|OTTHUMT00000006719.2|MTCO3P12-201|MTCO3P12|547|unprocessed_pseudogene|	193	GCACA	74.2011111111111	2.3135555555555554	0.009112222222222223	0.39999999999999997	73.43	1.508	0.00598	0.23061465721040186
ENST00000416718.2|ENSG00000198744.5|OTTHUMG00000002337.2|OTTHUMT00000006719.2|MTCO3P12-201|MTCO3P12|547|unprocessed_pseudogene|	194	CACAT	79.50250000000001	1.56725	0.006722499999999999	-0.43999999999999995	79.25	1.142	0.00332	-0.5071540880503145
ENST00000416718.2|ENSG00000198744.5|OTTHUMG00000002337.2|OTTHUMT00000006719.2|MTCO3P12-201|MTCO3P12|547|unprocessed_pseudogene|	195	ACATA	78.2875	2.433375	0.006555	0.985	82.32	1.447	0.00664	0.1424295774647887
ENST00000416718.2|ENSG00000198744.5|OTTHUMG00000002337.2|OTTHUMT00000006719.2|MTCO3P12-201|MTCO3P12|547|unprocessed_pseudogene|	196	CATAC	92.18142857142858	3.5900714285714286	0.0063092857142857135	0.20857142857142857	90.735	2.7705	0.003985	-0.4283325750682439
ENST00000416718.2|ENSG00000198744.5|OTTHUMG00000002337.2|OTTHUMT00000006719.2|MTCO3P12-201|MTCO3P12|547|unprocessed_pseudogene|	197	ATACC	73.67777777777776	1.166888888888889	0.005780588235294117	-0.3622222222222222	74.44	1.1125	0.00465	-0.44433862433862426
ENST00000416718.2|ENSG00000198744.5|OTTHUMG00000002337.2|OTTHUMT00000006719.2|MTCO3P12-201|MTCO3P12|547|unprocessed_pseudogene|	198	TACCA	78.1825	1.1397777777777778	0.004537777777777779	0.08875	78.23	1.067	0.00465	-0.5943851324634243
ENST00000416718.2|ENSG00000198744.5|OTTHUMG00000002337.2|OTTHUMT00000006719.2|MTCO3P12-201|MTCO3P12|547|unprocessed_pseudogene|	199	ACCAA	73.0611111111111	1.4068888888888889	0.004352222222222223	-0.5122222222222222	73.18	1.295	0.00398	-0.3332280147446024
ENST00000416718.2|ENSG00000198744.5|OTTHUMG00000002337.2|OTTHUMT00000006719.2|MTCO3P12-201|MTCO3P12|547|unprocessed_pseudogene|	200	CCAAG	88.256	2.2478000000000002	0.004582	0.556	88.23	2.209	0.00531	-0.2556953642384105
ENST00000416718.2|ENSG00000198744.5|OTTHUMG00000002337.2|OTTHUMT00000006719.2|MTCO3P12-201|MTCO3P12|547|unprocessed_pseudogene|	201	CAAGG	109.4325	4.9075	0.01295	0.5675	109.59	3.7825	0.0083	0.20874384236453208
ENST00000416718.2|ENSG00000198744.5|OTTHUMG00000002337.2|OTTHUMT00000006719.2|MTCO3P12-201|MTCO3P12|547|unprocessed_pseudogene|	202	AAGGC	115.43	4.832249999999999	0.0033175	0.032500000000000015	115.755	3.905	0.0034850000000000003	-0.38364158163265316
ENST00000416718.2|ENSG00000198744.5|OTTHUMG00000002337.2|OTTHUMT00000006719.2|MTCO3P12-201|MTCO3P12|547|unprocessed_pseudogene|	203	AGGCC	111.23599999999999	5.470000000000001	0.004846	0.27799999999999997	110.62	6.717	0.00465	0.03013182674199643
ENST00000416718.2|ENSG00000198744.5|OTTHUMG00000002337.2|OTTHUMT00000006719.2|MTCO3P12-201|MTCO3P12|547|unprocessed_pseudogene|	204	GGCCA	101.105	7.951799999999999	0.007833999999999999	0.20500000000000002	102.8	8.174499999999998	0.0078	1.416960486322188
ENST00000416718.2|ENSG00000198744.5|OTTHUMG00000002337.2|OTTHUMT00000006719.2|MTCO3P12-201|MTCO3P12|547|unprocessed_pseudogene|	205	GCCAC	73.542	2.1712000000000002	0.003652	0.51	73.24	1.107	0.00299	inf
ENST00000416718.2|ENSG00000198744.5|OTTHUMG00000002337.2|OTTHUMT00000006719.2|MTCO3P12-201|MTCO3P12|547|unprocessed_pseudogene|	206	CCACC	73.97500000000001	0.8421666666666665	0.005423333333333333	0.5599999999999999	74.19	0.866	0.003985	-0.5520390070921987
ENST00000416718.2|ENSG00000198744.5|OTTHUMG00000002337.2|OTTHUMT00000006719.2|MTCO3P12-201|MTCO3P12|547|unprocessed_pseudogene|	207	CACCA	76.825	0.9045	0.003985	0.32	76.825	0.9045	0.003985	-0.6781138790035587
ENST00000416718.2|ENSG00000198744.5|OTTHUMG00000002337.2|OTTHUMT00000006719.2|MTCO3P12-201|MTCO3P12|547|unprocessed_pseudogene|	208	ACCAC	74.43799999999999	1.5064	0.005444	0.146	75.91	1.645	0.00299	-0.2860663507109005
ENST00000416718.2|ENSG00000198744.5|OTTHUMG00000002337.2|OTTHUMT00000006719.2|MTCO3P12-201|MTCO3P12|547|unprocessed_pseudogene|	209	CCACA	77.2265	1.183142857142857	0.004680500000000001	0.5	76.97	1.115	0.00432	inf
ENST00000416718.2|ENSG00000198744.5|OTTHUMG00000002337.2|OTTHUMT00000006719.2|MTCO3P12-201|MTCO3P12|547|unprocessed_pseudogene|	210	CACAC	78.245	1.3875	0.006805	-0.655	78.245	1.3875	0.006805	-0.5636792452830189
ENST00000416718.2|ENSG00000198744.5|OTTHUMG00000002337.2|OTTHUMT00000006719.2|MTCO3P12-201|MTCO3P12|547|unprocessed_pseudogene|	211	ACACA	74.85333333333334	1.26	0.0064199999999999995	0.5533333333333333	74.47	1.228	0.0073	-0.32978723404255317
ENST00000416718.2|ENSG00000198744.5|OTTHUMG00000002337.2|OTTHUMT00000006719.2|MTCO3P12-201|MTCO3P12|547|unprocessed_pseudogene|	212	CACAC	78.0925	1.5062499999999999	0.005642499999999999	-0.6924999999999999	78.27	1.5685	0.004645	-0.5263364779874214
ENST00000416718.2|ENSG00000198744.5|OTTHUMG00000002337.2|OTTHUMT00000006719.2|MTCO3P12-201|MTCO3P12|547|unprocessed_pseudogene|	213	ACACC	73.024	0.7884	0.003254	0.364	72.86	0.831	0.00299	-0.5806382978723404
ENST00000416718.2|ENSG00000198744.5|OTTHUMG00000002337.2|OTTHUMT00000006719.2|MTCO3P12-201|MTCO3P12|547|unprocessed_pseudogene|	214	CACCA	76.38	0.8836666666666666	0.004646666666666666	0.24333333333333332	74.73	0.72	0.00365	-0.6855278766310795
ENST00000416718.2|ENSG00000198744.5|OTTHUMG00000002337.2|OTTHUMT00000006719.2|MTCO3P12-201|MTCO3P12|547|unprocessed_pseudogene|	215	ACCAC	75.1	1.215	0.00556	0.3950000000000001	75.05000000000001	1.242	0.0053100000000000005	-0.424170616113744
ENST00000416718.2|ENSG00000198744.5|OTTHUMG00000002337.2|OTTHUMT00000006719.2|MTCO3P12-201|MTCO3P12|547|unprocessed_pseudogene|	216	CCACC	74.355	0.89425	0.00556	0.7325	74.385	0.7929999999999999	0.00415	-0.5243351063829788
ENST00000416718.2|ENSG00000198744.5|OTTHUMG00000002337.2|OTTHUMT00000006719.2|MTCO3P12-201|MTCO3P12|547|unprocessed_pseudogene|	217	CACCT	76.255	1.5425	0.005645000000000001	0.195	76.255	1.5425	0.005645000000000001	-0.451067615658363
ENST00000416718.2|ENSG00000198744.5|OTTHUMG00000002337.2|OTTHUMT00000006719.2|MTCO3P12-201|MTCO3P12|547|unprocessed_pseudogene|	218	ACCTG	72.84	1.4985	0.017759999999999998	0.685	72.84	1.4985	0.017759999999999998	-0.3623404255319149
ENST00000416718.2|ENSG00000198744.5|OTTHUMG00000002337.2|OTTHUMT00000006719.2|MTCO3P12-201|MTCO3P12|547|unprocessed_pseudogene|	219	CCTGT	90.4	2.086	0.009465	0.905	90.4	2.086	0.009465	-0.26807017543859657
ENST00000416718.2|ENSG00000198744.5|OTTHUMG00000002337.2|OTTHUMT00000006719.2|MTCO3P12-201|MTCO3P12|547|unprocessed_pseudogene|	220	CTGTC	99.235	3.0603000000000007	0.0072039999999999995	0.13999999999999996	99.78	3.0614999999999997	0.00631	-0.19039682539682518
ENST00000416718.2|ENSG00000198744.5|OTTHUMG00000002337.2|OTTHUMT00000006719.2|MTCO3P12-201|MTCO3P12|547|unprocessed_pseudogene|	221	TGTCC	106.23	7.5705	0.006143333333333334	-0.71	108.675	9.1645	0.00465	0.24719934102141675
ENST00000416718.2|ENSG00000198744.5|OTTHUMG00000002337.2|OTTHUMT00000006719.2|MTCO3P12-201|MTCO3P12|547|unprocessed_pseudogene|	222	GTCCA	63.75235294117648	1.7318823529411767	0.005234117647058824	-1.51	62.91	1.6335	0.00515	-0.24700767263427095
ENST00000416718.2|ENSG00000198744.5|OTTHUMG00000002337.2|OTTHUMT00000006719.2|MTCO3P12-201|MTCO3P12|547|unprocessed_pseudogene|	223	TCCAG	75.57230769230769	1.344	0.005719230769230769	1.1749999999999998	75.98	1.259	0.005145	-0.36303317535545016
ENST00000416718.2|ENSG00000198744.5|OTTHUMG00000002337.2|OTTHUMT00000006719.2|MTCO3P12-201|MTCO3P12|547|unprocessed_pseudogene|	224	CCAGA	87.085	2.9785	0.004424999999999999	1.7650000000000001	88.16499999999999	2.7169999999999996	0.00448	inf
ENST00000416718.2|ENSG00000198744.5|OTTHUMG00000002337.2|OTTHUMT00000006719.2|MTCO3P12-201|MTCO3P12|547|unprocessed_pseudogene|	225	CAGAA	103.83399999999999	1.6234000000000002	0.004582	0.38	109.93	1.479	0.00266	-0.7234412265758092
ENST00000416718.2|ENSG00000198744.5|OTTHUMG00000002337.2|OTTHUMT00000006719.2|MTCO3P12-201|MTCO3P12|547|unprocessed_pseudogene|	226	AGAAA	99.62333333333333	5.500333333333334	0.008190000000000001	-0.57	115.7	6.062	0.00797	inf
ENST00000416718.2|ENSG00000198744.5|OTTHUMG00000002337.2|OTTHUMT00000006719.2|MTCO3P12-201|MTCO3P12|547|unprocessed_pseudogene|	227	GAAAG	103.423	2.8683333333333336	0.010856000000000001	-0.08400000000000003	104.18	2.7744999999999997	0.010124999999999999	0.07027363184079606
ENST00000416718.2|ENSG00000198744.5|OTTHUMG00000002337.2|OTTHUMT00000006719.2|MTCO3P12-201|MTCO3P12|547|unprocessed_pseudogene|	228	AAAGG	113.56166666666665	5.344833333333334	0.0037633333333333334	0.91	113.09	3.4095	0.00382	0.31646141215106754
ENST00000416718.2|ENSG00000198744.5|OTTHUMG00000002337.2|OTTHUMT00000006719.2|MTCO3P12-201|MTCO3P12|547|unprocessed_pseudogene|	229	AAGGC	126.016	7.2518	0.006108000000000001	1.0419999999999998	126.79	9.598	0.00365	-0.07502551020408159
ENST00000416718.2|ENSG00000198744.5|OTTHUMG00000002337.2|OTTHUMT00000006719.2|MTCO3P12-201|MTCO3P12|547|unprocessed_pseudogene|	230	AGGCC	113.87	11.789666666666667	0.013503333333333332	0.6333333333333334	114.76	12.077	0.01361	1.220276208411802
ENST00000416718.2|ENSG00000198744.5|OTTHUMG00000002337.2|OTTHUMT00000006719.2|MTCO3P12-201|MTCO3P12|547|unprocessed_pseudogene|	231	GGCCT	108.31166666666667	6.647666666666666	0.008851666666666666	0.62	109.28	5.6265	0.00481	1.0205673758865246
ENST00000416718.2|ENSG00000198744.5|OTTHUMG00000002337.2|OTTHUMT00000006719.2|MTCO3P12-201|MTCO3P12|547|unprocessed_pseudogene|	232	GCCTT	70.186	1.8214000000000001	0.006174	-0.27999999999999997	71.29	1.79	0.00664	-0.22493617021276593
ENST00000416718.2|ENSG00000198744.5|OTTHUMG00000002337.2|OTTHUMT00000006719.2|MTCO3P12-201|MTCO3P12|547|unprocessed_pseudogene|	233	CCTTC	73.705	1.1735	0.005974999999999999	-0.44999999999999996	73.36500000000001	1.0545	0.00465	-0.5150826446280992
ENST00000416718.2|ENSG00000198744.5|OTTHUMG00000002337.2|OTTHUMT00000006719.2|MTCO3P12-201|MTCO3P12|547|unprocessed_pseudogene|	234	CTTCG	78.206	1.6047999999999998	0.006871999999999999	0.045999999999999944	77.59	1.599	0.0069700000000000005	-0.22473429951690826
ENST00000416718.2|ENSG00000198744.5|OTTHUMG00000002337.2|OTTHUMT00000006719.2|MTCO3P12-201|MTCO3P12|547|unprocessed_pseudogene|	235	TTCGA	87.05625000000002	2.3978695652173907	0.005889999999999999	0.58	86.45	2.3425000000000002	0.005145	0.04255198487712647
ENST00000416718.2|ENSG00000198744.5|OTTHUMG00000002337.2|OTTHUMT00000006719.2|MTCO3P12-201|MTCO3P12|547|unprocessed_pseudogene|	236	TCGAT	99.517	3.5803	0.005146	0.11200000000000002	100.8	3.411	0.00448	-0.10268170426065172
ENST00000416718.2|ENSG00000198744.5|OTTHUMG00000002337.2|OTTHUMT00000006719.2|MTCO3P12-201|MTCO3P12|547|unprocessed_pseudogene|	237	CGATA	114.45833333333333	3.4311666666666665	0.013558333333333334	-0.38999999999999996	116.225	4.023	0.014275	-0.3272222222222222
ENST00000416718.2|ENSG00000198744.5|OTTHUMG00000002337.2|OTTHUMT00000006719.2|MTCO3P12-201|MTCO3P12|547|unprocessed_pseudogene|	238	GATAC	91.22363636363637	4.540272727272728	0.0066390909090909105	-0.4627272727272727	91.34	4.225	0.00531	-0.27702663578459746
ENST00000416718.2|ENSG00000198744.5|OTTHUMG00000002337.2|OTTHUMT00000006719.2|MTCO3P12-201|MTCO3P12|547|unprocessed_pseudogene|	239	ATACG	75.43625	1.9662500000000003	0.0043974999999999995	-0.88375	74.71000000000001	1.8559999999999999	0.004315	-0.0636904761904761
ENST00000416718.2|ENSG00000198744.5|OTTHUMG00000002337.2|OTTHUMT00000006719.2|MTCO3P12-201|MTCO3P12|547|unprocessed_pseudogene|	240	TACGG	83.328	4.318375	0.0068043750000000005	0.53	82.345	3.371	0.006144999999999999	0.3579795597484275
ENST00000416718.2|ENSG00000198744.5|OTTHUMG00000002337.2|OTTHUMT00000006719.2|MTCO3P12-201|MTCO3P12|547|unprocessed_pseudogene|	241	ACGGG	93.36	6.067499999999999	0.00274	1.525	94.235	6.0825	0.0028250000000000003	0.2183734939759033
ENST00000416718.2|ENSG00000198744.5|OTTHUMG00000002337.2|OTTHUMT00000006719.2|MTCO3P12-201|MTCO3P12|547|unprocessed_pseudogene|	242	CGGGA	116.86	3.0813333333333333	0.004873333333333334	0.24666666666666662	116.13	2.774	0.00432	-0.23917695473251027
ENST00000416718.2|ENSG00000198744.5|OTTHUMG00000002337.2|OTTHUMT00000006719.2|MTCO3P12-201|MTCO3P12|547|unprocessed_pseudogene|	243	GGGAT	125.4275	5.375916666666666	0.00492	0.3408333333333333	126.295	5.1875	0.00498	0.6958727655099893
ENST00000416718.2|ENSG00000198744.5|OTTHUMG00000002337.2|OTTHUMT00000006719.2|MTCO3P12-201|MTCO3P12|547|unprocessed_pseudogene|	244	GGATA	114.77	7.467333333333333	0.0028766666666666663	-1.8	117.12	9.317	0.00266	0.46418300653594785
ENST00000416718.2|ENSG00000198744.5|OTTHUMG00000002337.2|OTTHUMT00000006719.2|MTCO3P12-201|MTCO3P12|547|unprocessed_pseudogene|	245	GATAA	82.23	3.139333333333333	0.007526666666666668	-0.75	81.56	3.377	0.0083	-0.5001061571125266
ENST00000416718.2|ENSG00000198744.5|OTTHUMG00000002337.2|OTTHUMT00000006719.2|MTCO3P12-201|MTCO3P12|547|unprocessed_pseudogene|	246	ATAAT	86.75083333333333	2.2630000000000003	0.007026666666666666	-0.65	85.88499999999999	2.161	0.00581	-0.2555921052631578
ENST00000416718.2|ENSG00000198744.5|OTTHUMG00000002337.2|OTTHUMT00000006719.2|MTCO3P12-201|MTCO3P12|547|unprocessed_pseudogene|	247	TAATC	109.17909090909092	1.7884545454545455	0.004706363636363636	0.3433333333333333	109.755	1.7245	0.00398	-0.4249342297573808
ENST00000416718.2|ENSG00000198744.5|OTTHUMG00000002337.2|OTTHUMT00000006719.2|MTCO3P12-201|MTCO3P12|547|unprocessed_pseudogene|	248	AATCC	108.505	3.717	0.003485	0.64	108.505	3.717	0.003485	-0.34789473684210526
ENST00000416718.2|ENSG00000198744.5|OTTHUMG00000002337.2|OTTHUMT00000006719.2|MTCO3P12-201|MTCO3P12|547|unprocessed_pseudogene|	249	ATCCT	73.01833333333333	1.1546666666666667	0.003681818181818182	-0.1758333333333333	72.685	1.1295	0.0028250000000000003	-0.49797101449275355
ENST00000416718.2|ENSG00000198744.5|OTTHUMG00000002337.2|OTTHUMT00000006719.2|MTCO3P12-201|MTCO3P12|547|unprocessed_pseudogene|	250	TCCTA	72.92250000000001	1.5190000000000001	0.00465	0.9075	73.795	1.4985	0.00465	-0.3536170212765957
ENST00000416718.2|ENSG00000198744.5|OTTHUMG00000002337.2|OTTHUMT00000006719.2|MTCO3P12-201|MTCO3P12|547|unprocessed_pseudogene|	251	CCTAT	84.25999999999999	1.785	0.007885	0.485	84.41	1.9899999999999998	0.0083	-0.32129277566539927
ENST00000416718.2|ENSG00000198744.5|OTTHUMG00000002337.2|OTTHUMT00000006719.2|MTCO3P12-201|MTCO3P12|547|unprocessed_pseudogene|	252	CTATT	92.24428571428572	2.2100714285714287	0.005599333333333333	-0.06	93.99	1.994	0.00531	-0.1596686583378598
ENST00000416718.2|ENSG00000198744.5|OTTHUMG00000002337.2|OTTHUMT00000006719.2|MTCO3P12-201|MTCO3P12|547|unprocessed_pseudogene|	253	TATTT	87.06	2.5100000000000002	0.0045179999999999994	-1.058	85.09	2.852	0.00432	-0.5461121157323688
ENST00000416718.2|ENSG00000198744.5|OTTHUMG00000002337.2|OTTHUMT00000006719.2|MTCO3P12-201|MTCO3P12|547|unprocessed_pseudogene|	254	ATTTA	77.756	1.2958	0.005976	0.07200000000000002	78.39	1.139	0.00664	-0.342233502538071
ENST00000416718.2|ENSG00000198744.5|OTTHUMG00000002337.2|OTTHUMT00000006719.2|MTCO3P12-201|MTCO3P12|547|unprocessed_pseudogene|	255	TTTAT	87.06666666666666	1.866666666666667	0.00974	0.7799999999999999	87.0	1.743	0.00697	-0.24119241192411914
ENST00000416718.2|ENSG00000198744.5|OTTHUMG00000002337.2|OTTHUMT00000006719.2|MTCO3P12-201|MTCO3P12|547|unprocessed_pseudogene|	256	TTATT	90.21000000000001	2.332	0.002986	-1.254	89.98	2.468	0.00299	-0.11330798479087455
ENST00000416718.2|ENSG00000198744.5|OTTHUMG00000002337.2|OTTHUMT00000006719.2|MTCO3P12-201|MTCO3P12|547|unprocessed_pseudogene|	257	TATTA	74.4	3.15475	0.00581	-0.18	80.31	3.5389999999999997	0.00548	-0.4295207956600362
ENST00000416718.2|ENSG00000198744.5|OTTHUMG00000002337.2|OTTHUMT00000006719.2|MTCO3P12-201|MTCO3P12|547|unprocessed_pseudogene|	258	ATTAC	85.84111111111112	1.8694444444444445	0.006271111111111112	0.2677777777777778	86.46	1.824	0.00498	-0.24006323396567297
ENST00000416718.2|ENSG00000198744.5|OTTHUMG00000002337.2|OTTHUMT00000006719.2|MTCO3P12-201|MTCO3P12|547|unprocessed_pseudogene|	259	TTACC	77.205	1.2181666666666666	0.00437	0.18000000000000002	77.035	1.0025	0.00365	-0.41992063492063497
ENST00000416718.2|ENSG00000198744.5|OTTHUMG00000002337.2|OTTHUMT00000006719.2|MTCO3P12-201|MTCO3P12|547|unprocessed_pseudogene|	260	TACCT	89.04	2.42	0.00232	inf	89.04	2.42	0.00232	inf
ENST00000416718.2|ENSG00000198744.5|OTTHUMG00000002337.2|OTTHUMT00000006719.2|MTCO3P12-201|MTCO3P12|547|unprocessed_pseudogene|	261	ACCTC	74.05666666666666	1.5410000000000001	0.00664	1.47	71.96	1.57	0.00664	-0.34425531914893615
ENST00000416718.2|ENSG00000198744.5|OTTHUMG00000002337.2|OTTHUMT00000006719.2|MTCO3P12-201|MTCO3P12|547|unprocessed_pseudogene|	262	CCTCA	83.74	3.135	0.00896	2.3	83.74	3.135	0.00896	0.0999999999999999
ENST00000416718.2|ENSG00000198744.5|OTTHUMG00000002337.2|OTTHUMT00000006719.2|MTCO3P12-201|MTCO3P12|547|unprocessed_pseudogene|	263	CTCAG	82.25	2.3829999999999996	0.00376	1.57	81.46	2.044	0.00398	0.03608695652173902
ENST00000416718.2|ENSG00000198744.5|OTTHUMG00000002337.2|OTTHUMT00000006719.2|MTCO3P12-201|MTCO3P12|547|unprocessed_pseudogene|	264	TCAGA	97.33	3.852	0.00299	-0.53	97.33	3.852	0.00299	-0.2432220039292731
ENST00000416718.2|ENSG00000198744.5|OTTHUMG00000002337.2|OTTHUMT00000006719.2|MTCO3P12-201|MTCO3P12|547|unprocessed_pseudogene|	265	CAGAA	112.67666666666666	3.189	0.005368333333333333	0.5366666666666667	113.625	3.2345	0.00515	-0.4567291311754685
ENST00000416718.2|ENSG00000198744.5|OTTHUMG00000002337.2|OTTHUMT00000006719.2|MTCO3P12-201|MTCO3P12|547|unprocessed_pseudogene|	266	AGAAG	127.03800000000001	3.6962	0.004716	0.47800000000000004	130.33	2.746	0.00332	-0.33521582733812944
ENST00000416718.2|ENSG00000198744.5|OTTHUMG00000002337.2|OTTHUMT00000006719.2|MTCO3P12-201|MTCO3P12|547|unprocessed_pseudogene|	267	GAAGT	115.08	3.067	0.00863	2.01	115.08	3.067	0.00863	-0.24458128078817723
ENST00000416718.2|ENSG00000198744.5|OTTHUMG00000002337.2|OTTHUMT00000006719.2|MTCO3P12-201|MTCO3P12|547|unprocessed_pseudogene|	268	AAGTT	119.64545454545454	4.046545454545454	0.004350000000000001	0.032727272727272765	118.87	3.584	0.00465	0.004105571847507079
ENST00000416718.2|ENSG00000198744.5|OTTHUMG00000002337.2|OTTHUMT00000006719.2|MTCO3P12-201|MTCO3P12|547|unprocessed_pseudogene|	269	AGTTT	132.83499999999998	4.1865	0.00664	0.8200000000000001	132.83499999999998	4.1865	0.00664	-0.44105473965287056
ENST00000416718.2|ENSG00000198744.5|OTTHUMG00000002337.2|OTTHUMT00000006719.2|MTCO3P12-201|MTCO3P12|547|unprocessed_pseudogene|	270	GTTTT	82.12666666666667	1.492	0.007636666666666667	1.2866666666666668	81.33	1.857	0.00697	-0.24263959390862944
ENST00000416718.2|ENSG00000198744.5|OTTHUMG00000002337.2|OTTHUMT00000006719.2|MTCO3P12-201|MTCO3P12|547|unprocessed_pseudogene|	271	TTTTT	81.88285714285713	0.9918571428571429	0.009011428571428571	0.4785714285714285	81.99	0.946	0.00299	-0.49651921682378536
ENST00000416718.2|ENSG00000198744.5|OTTHUMG00000002337.2|OTTHUMT00000006719.2|MTCO3P12-201|MTCO3P12|547|unprocessed_pseudogene|	272	TTTTT	81.40833333333333	1.0843333333333331	0.0064733333333333335	0.19666666666666666	81.845	1.1545	0.00664	-0.44957698815566843
ENST00000416718.2|ENSG00000198744.5|OTTHUMG00000002337.2|OTTHUMT00000006719.2|MTCO3P12-201|MTCO3P12|547|unprocessed_pseudogene|	274	TTTTC	78.24	1.1573333333333333	0.004096666666666666	0.13	78.22	1.205	0.00465	-0.41252115059221656
ENST00000416718.2|ENSG00000198744.5|OTTHUMG00000002337.2|OTTHUMT00000006719.2|MTCO3P12-201|MTCO3P12|547|unprocessed_pseudogene|	275	TTTCT	80.33571428571429	1.2185714285714284	0.006971428571428572	0.2671428571428572	80.8	1.289	0.00498	-0.4113181504485853
ENST00000416718.2|ENSG00000198744.5|OTTHUMG00000002337.2|OTTHUMT00000006719.2|MTCO3P12-201|MTCO3P12|547|unprocessed_pseudogene|	276	TTCTT	79.95666666666666	2.134	0.007083333333333333	-0.38	78.31	2.124	0.00764	0.030917874396135296
ENST00000416718.2|ENSG00000198744.5|OTTHUMG00000002337.2|OTTHUMT00000006719.2|MTCO3P12-201|MTCO3P12|547|unprocessed_pseudogene|	277	TCTTC	76.6	0.884	0.00764	-0.12	76.6	0.884	0.00764	-0.6347107438016529
ENST00000416718.2|ENSG00000198744.5|OTTHUMG00000002337.2|OTTHUMT00000006719.2|MTCO3P12-201|MTCO3P12|547|unprocessed_pseudogene|	278	CTTCG	76.00999999999999	1.31875	0.0096275	-0.73	76.06	1.2155	0.00913	-0.36292270531400955
ENST00000416718.2|ENSG00000198744.5|OTTHUMG00000002337.2|OTTHUMT00000006719.2|MTCO3P12-201|MTCO3P12|547|unprocessed_pseudogene|	279	TTCGC	80.89	1.222	0.0176	0.03	80.89	1.222	0.0176	-0.468695652173913
ENST00000416718.2|ENSG00000198744.5|OTTHUMG00000002337.2|OTTHUMT00000006719.2|MTCO3P12-201|MTCO3P12|547|unprocessed_pseudogene|	280	TCGCA	88.52903225806452	1.346774193548387	0.005193870967741935	0.38258064516129037	88.965	1.3865	0.004815	-0.4820099255583127
ENST00000416718.2|ENSG00000198744.5|OTTHUMG00000002337.2|OTTHUMT00000006719.2|MTCO3P12-201|MTCO3P12|547|unprocessed_pseudogene|	281	CGCAG	95.22749999999999	1.904375	0.00800875	-0.37124999999999997	95.23500000000001	1.845	0.00747	-0.5066386010362695
ENST00000416718.2|ENSG00000198744.5|OTTHUMG00000002337.2|OTTHUMT00000006719.2|MTCO3P12-201|MTCO3P12|547|unprocessed_pseudogene|	282	GCAGG	87.05428571428571	3.431142857142857	0.00716	-0.10285714285714276	88.78	3.806	0.00697	-0.32590513612124616
ENST00000416718.2|ENSG00000198744.5|OTTHUMG00000002337.2|OTTHUMT00000006719.2|MTCO3P12-201|MTCO3P12|547|unprocessed_pseudogene|	283	CAGGA	99.72999999999999	12.736	0.008964999999999999	0.10000000000000003	99.72999999999999	12.736	0.008964999999999999	0.6244897959183675
ENST00000416718.2|ENSG00000198744.5|OTTHUMG00000002337.2|OTTHUMT00000006719.2|MTCO3P12-201|MTCO3P12|547|unprocessed_pseudogene|	284	AGGAT	120.19666666666667	4.668	0.005756666666666667	-0.053333333333333316	121.11	4.624	0.00598	0.4725552050473187
ENST00000416718.2|ENSG00000198744.5|OTTHUMG00000002337.2|OTTHUMT00000006719.2|MTCO3P12-201|MTCO3P12|547|unprocessed_pseudogene|	285	GGATT	131.23999999999998	4.794	0.0105425	0.20249999999999996	131.08999999999997	4.241	0.010295	-0.06000000000000001
ENST00000416718.2|ENSG00000198744.5|OTTHUMG00000002337.2|OTTHUMT00000006719.2|MTCO3P12-201|MTCO3P12|547|unprocessed_pseudogene|	286	GATTT	95.47874999999999	2.721	0.00709625	0.345	95.1	2.1945	0.006805	-0.5079566003616637
ENST00000416718.2|ENSG00000198744.5|OTTHUMG00000002337.2|OTTHUMT00000006719.2|MTCO3P12-201|MTCO3P12|547|unprocessed_pseudogene|	287	ATTTT	79.15666666666667	1.5376666666666667	0.008963333333333334	-0.79	78.78	1.498	0.00764	-0.21945854483925545
ENST00000416718.2|ENSG00000198744.5|OTTHUMG00000002337.2|OTTHUMT00000006719.2|MTCO3P12-201|MTCO3P12|547|unprocessed_pseudogene|	288	TTTTT	80.81333333333333	1.3803333333333334	0.004646666666666666	0.010000000000000009	80.54	1.407	0.00531	-0.2993231810490693
ENST00000416718.2|ENSG00000198744.5|OTTHUMG00000002337.2|OTTHUMT00000006719.2|MTCO3P12-201|MTCO3P12|547|unprocessed_pseudogene|	289	TTTTC	78.515	1.16275	0.00639	0.2325	78.33000000000001	1.1745	0.005974999999999999	-0.4097715736040609
ENST00000416718.2|ENSG00000198744.5|OTTHUMG00000002337.2|OTTHUMT00000006719.2|MTCO3P12-201|MTCO3P12|547|unprocessed_pseudogene|	290	TTTCT	80.18	1.312	0.00631	0.195	80.18	1.312	0.00631	-0.366183574879227
ENST00000416718.2|ENSG00000198744.5|OTTHUMG00000002337.2|OTTHUMT00000006719.2|MTCO3P12-201|MTCO3P12|547|unprocessed_pseudogene|	291	TTCTG	80.44	1.69425	0.006554999999999999	0.3025	80.145	1.221	0.005809999999999999	-0.1815217391304347
ENST00000416718.2|ENSG00000198744.5|OTTHUMG00000002337.2|OTTHUMT00000006719.2|MTCO3P12-201|MTCO3P12|547|unprocessed_pseudogene|	292	TCTGA	89.4	2.585	0.006805	-0.495	89.4	2.585	0.006805	-0.09298245614035092
ENST00000416718.2|ENSG00000198744.5|OTTHUMG00000002337.2|OTTHUMT00000006719.2|MTCO3P12-201|MTCO3P12|547|unprocessed_pseudogene|	293	CTGAG	110.53	6.9555	0.0083	0.745	110.53	6.9555	0.0083	0.5491091314031179
ENST00000416718.2|ENSG00000198744.5|OTTHUMG00000002337.2|OTTHUMT00000006719.2|MTCO3P12-201|MTCO3P12|547|unprocessed_pseudogene|	294	TGAGC	121.53833333333334	4.526166666666667	0.007966666666666667	0.48166666666666663	122.545	3.763	0.002985	-0.20454012888107798
ENST00000416718.2|ENSG00000198744.5|OTTHUMG00000002337.2|OTTHUMT00000006719.2|MTCO3P12-201|MTCO3P12|547|unprocessed_pseudogene|	295	GAGCC	109.5975	7.31175	0.013115000000000002	1.5699999999999998	109.21000000000001	7.527	0.004815	1.421109271523179
ENST00000416718.2|ENSG00000198744.5|OTTHUMG00000002337.2|OTTHUMT00000006719.2|MTCO3P12-201|MTCO3P12|547|unprocessed_pseudogene|	296	AGCCT	115.17500000000001	3.5735	0.00448	0.86	115.17500000000001	3.5735	0.00448	0.08617021276595747
ENST00000416718.2|ENSG00000198744.5|OTTHUMG00000002337.2|OTTHUMT00000006719.2|MTCO3P12-201|MTCO3P12|547|unprocessed_pseudogene|	298	CCTTT	75.91000000000001	1.3274000000000001	0.00458	-0.15	75.41	1.151	0.00432	-0.4514876033057851
ENST00000416718.2|ENSG00000198744.5|OTTHUMG00000002337.2|OTTHUMT00000006719.2|MTCO3P12-201|MTCO3P12|547|unprocessed_pseudogene|	299	CTTTT	79.70666666666666	1.2416666666666667	0.00664	-0.02333333333333328	81.12	1.261	0.00432	-0.36971235194585444
ENST00000416718.2|ENSG00000198744.5|OTTHUMG00000002337.2|OTTHUMT00000006719.2|MTCO3P12-201|MTCO3P12|547|unprocessed_pseudogene|	300	TTTTA	79.73666666666666	1.4723333333333333	0.004206666666666667	0.15666666666666665	79.9	1.429	0.00432	-0.25262267343485617
ENST00000416718.2|ENSG00000198744.5|OTTHUMG00000002337.2|OTTHUMT00000006719.2|MTCO3P12-201|MTCO3P12|547|unprocessed_pseudogene|	301	TTTAC	82.225	2.1265	0.00266	-0.18500000000000005	82.225	2.1265	0.00266	-0.13556910569105687
ENST00000416718.2|ENSG00000198744.5|OTTHUMG00000002337.2|OTTHUMT00000006719.2|MTCO3P12-201|MTCO3P12|547|unprocessed_pseudogene|	302	TTACC	76.95250000000001	1.51825	0.010624999999999999	0.06250000000000003	77.905	1.4045	0.008964999999999999	-0.2770238095238095
ENST00000416718.2|ENSG00000198744.5|OTTHUMG00000002337.2|OTTHUMT00000006719.2|MTCO3P12-201|MTCO3P12|547|unprocessed_pseudogene|	303	TACCA	75.29	0.9365	0.00282	-0.7000000000000001	75.29	0.9365	0.00282	-0.6667259786476868
ENST00000416718.2|ENSG00000198744.5|OTTHUMG00000002337.2|OTTHUMT00000006719.2|MTCO3P12-201|MTCO3P12|547|unprocessed_pseudogene|	304	ACCAC	73.01857142857143	1.9147142857142858	0.004648571428571428	-0.09	73.05	1.686	0.00398	-0.0925524712254569
ENST00000416718.2|ENSG00000198744.5|OTTHUMG00000002337.2|OTTHUMT00000006719.2|MTCO3P12-201|MTCO3P12|547|unprocessed_pseudogene|	305	CCACT	80.055	2.2844999999999995	0.0046475	0.8275	80.36500000000001	1.9609999999999999	0.00415	0.21515957446808492
ENST00000416718.2|ENSG00000198744.5|OTTHUMG00000002337.2|OTTHUMT00000006719.2|MTCO3P12-201|MTCO3P12|547|unprocessed_pseudogene|	306	CACTC	85.15	1.5805	0.01361	-0.045	85.15	1.5805	0.01361	-0.42106227106227107
ENST00000416718.2|ENSG00000198744.5|OTTHUMG00000002337.2|OTTHUMT00000006719.2|MTCO3P12-201|MTCO3P12|547|unprocessed_pseudogene|	307	ACTCC	75.09	2.103	0.00664	-1.51	75.09	2.103	0.00664	-0.2621052631578947
ENST00000416718.2|ENSG00000198744.5|OTTHUMG00000002337.2|OTTHUMT00000006719.2|MTCO3P12-201|MTCO3P12|547|unprocessed_pseudogene|	308	CTCCA	67.15	0.9125000000000001	0.003985	-0.835	67.15	0.9125000000000001	0.003985	-0.6032608695652173
ENST00000416718.2|ENSG00000198744.5|OTTHUMG00000002337.2|OTTHUMT00000006719.2|MTCO3P12-201|MTCO3P12|547|unprocessed_pseudogene|	309	TCCAG	75.465	1.6285	0.00382	1.05	75.465	1.6285	0.00382	-0.22819905213270134
ENST00000416718.2|ENSG00000198744.5|OTTHUMG00000002337.2|OTTHUMT00000006719.2|MTCO3P12-201|MTCO3P12|547|unprocessed_pseudogene|	310	CCAGC	92.61500000000001	2.391	0.00432	-0.04	92.61500000000001	2.391	0.00432	-0.5302554027504911
ENST00000416718.2|ENSG00000198744.5|OTTHUMG00000002337.2|OTTHUMT00000006719.2|MTCO3P12-201|MTCO3P12|547|unprocessed_pseudogene|	311	CAGCC	107.12	7.641	0.01029	0.77	107.12	7.641	0.01029	1.530132450331126
ENST00000416718.2|ENSG00000198744.5|OTTHUMG00000002337.2|OTTHUMT00000006719.2|MTCO3P12-201|MTCO3P12|547|unprocessed_pseudogene|	313	GCCTA	69.84	2.582	0.00432	0.45	69.84	2.582	0.00432	0.09872340425531904
ENST00000416718.2|ENSG00000198744.5|OTTHUMG00000002337.2|OTTHUMT00000006719.2|MTCO3P12-201|MTCO3P12|547|unprocessed_pseudogene|	314	CCTAG	83.36	2.078	0.0054800000000000005	-0.195	83.36	2.078	0.0054800000000000005	-0.2098859315589354
ENST00000416718.2|ENSG00000198744.5|OTTHUMG00000002337.2|OTTHUMT00000006719.2|MTCO3P12-201|MTCO3P12|547|unprocessed_pseudogene|	315	CTAGC	106.38	4.399	0.00664	1.77	106.38	4.399	0.00664	0.16375661375661382
ENST00000416718.2|ENSG00000198744.5|OTTHUMG00000002337.2|OTTHUMT00000006719.2|MTCO3P12-201|MTCO3P12|547|unprocessed_pseudogene|	316	TAGCT	99.228	2.1562	0.005114	0.18	108.0	2.257	0.00465	inf
ENST00000416718.2|ENSG00000198744.5|OTTHUMG00000002337.2|OTTHUMT00000006719.2|MTCO3P12-201|MTCO3P12|547|unprocessed_pseudogene|	317	AGCTC	120.30666666666666	6.2796666666666665	0.00631	0.46666666666666656	116.39	4.132	0.00631	0.7689201877934273
ENST00000416718.2|ENSG00000198744.5|OTTHUMG00000002337.2|OTTHUMT00000006719.2|MTCO3P12-201|MTCO3P12|547|unprocessed_pseudogene|	318	GCTCC	75.62166666666667	2.0125	0.0064199999999999995	-0.835	74.66	1.2765	0.006475	-0.293859649122807
ENST00000416718.2|ENSG00000198744.5|OTTHUMG00000002337.2|OTTHUMT00000006719.2|MTCO3P12-201|MTCO3P12|547|unprocessed_pseudogene|	319	CTCCC	71.91	3.115	0.01029	1.35	71.91	3.115	0.01029	0.3543478260869567
ENST00000416718.2|ENSG00000198744.5|OTTHUMG00000002337.2|OTTHUMT00000006719.2|MTCO3P12-201|MTCO3P12|547|unprocessed_pseudogene|	320	TCCCA	62.5	1.454	0.00996	-0.86	62.5	1.454	0.00996	-0.2975845410628019
ENST00000416718.2|ENSG00000198744.5|OTTHUMG00000002337.2|OTTHUMT00000006719.2|MTCO3P12-201|MTCO3P12|547|unprocessed_pseudogene|	321	CCCAC	68.77	2.0	0.00531	-0.69	68.77	2.0	0.00531	-0.05213270142180089
ENST00000416718.2|ENSG00000198744.5|OTTHUMG00000002337.2|OTTHUMT00000006719.2|MTCO3P12-201|MTCO3P12|547|unprocessed_pseudogene|	322	CCACC	78.93	1.5125000000000002	0.00432	2.535	78.93	1.5125000000000002	0.00432	-0.19547872340425518
ENST00000416718.2|ENSG00000198744.5|OTTHUMG00000002337.2|OTTHUMT00000006719.2|MTCO3P12-201|MTCO3P12|547|unprocessed_pseudogene|	323	CACCC	79.02499999999999	1.52525	0.0043175	0.9975	78.93	1.5955	0.003155	-0.4572064056939502
ENST00000416718.2|ENSG00000198744.5|OTTHUMG00000002337.2|OTTHUMT00000006719.2|MTCO3P12-201|MTCO3P12|547|unprocessed_pseudogene|	324	ACCCC	66.08500000000001	2.3635	0.012450000000000001	-0.20999999999999996	66.08500000000001	2.3635	0.012450000000000001	0.14178743961352674
ENST00000416718.2|ENSG00000198744.5|OTTHUMG00000002337.2|OTTHUMT00000006719.2|MTCO3P12-201|MTCO3P12|547|unprocessed_pseudogene|	325	CCCCC	67.48333333333333	0.822	0.0024333333333333334	1.7666666666666668	68.02	0.603	0.00232	-0.6028985507246376
ENST00000416718.2|ENSG00000198744.5|OTTHUMG00000002337.2|OTTHUMT00000006719.2|MTCO3P12-201|MTCO3P12|547|unprocessed_pseudogene|	326	CCCCC	62.64	1.6405	0.00498	0.06999999999999995	62.64	1.6405	0.00498	-0.2074879227053139
ENST00000416718.2|ENSG00000198744.5|OTTHUMG00000002337.2|OTTHUMT00000006719.2|MTCO3P12-201|MTCO3P12|547|unprocessed_pseudogene|	327	CCCCA	66.18142857142857	1.5925714285714285	0.006972857142857142	1.1528571428571428	66.88	1.551	0.00531	-0.23064182194616972
ENST00000416718.2|ENSG00000198744.5|OTTHUMG00000002337.2|OTTHUMT00000006719.2|MTCO3P12-201|MTCO3P12|547|unprocessed_pseudogene|	328	CCCAA	73.495	1.9745	0.0053975	0.022500000000000006	73.75	1.829	0.004484999999999999	-0.06421800947867297
ENST00000416718.2|ENSG00000198744.5|OTTHUMG00000002337.2|OTTHUMT00000006719.2|MTCO3P12-201|MTCO3P12|547|unprocessed_pseudogene|	330	CAACT	105.8525	2.6207499999999997	0.0051475	2.29	106.765	2.893	0.00515	-0.24036231884057985
ENST00000416718.2|ENSG00000198744.5|OTTHUMG00000002337.2|OTTHUMT00000006719.2|MTCO3P12-201|MTCO3P12|547|unprocessed_pseudogene|	331	AACTA	92.10000000000001	1.6183333333333334	0.00354	-0.21333333333333337	90.01	1.425	0.00266	-0.4072039072039072
ENST00000416718.2|ENSG00000198744.5|OTTHUMG00000002337.2|OTTHUMT00000006719.2|MTCO3P12-201|MTCO3P12|547|unprocessed_pseudogene|	332	ACTAG	86.43	1.887	0.01062	0.1	86.43	1.887	0.01062	-0.28250950570342204
ENST00000416718.2|ENSG00000198744.5|OTTHUMG00000002337.2|OTTHUMT00000006719.2|MTCO3P12-201|MTCO3P12|547|unprocessed_pseudogene|	333	CTAGG	98.69	2.9234999999999998	0.00598	0.445	98.69	2.9234999999999998	0.00598	-0.22658730158730161
ENST00000416718.2|ENSG00000198744.5|OTTHUMG00000002337.2|OTTHUMT00000006719.2|MTCO3P12-201|MTCO3P12|547|unprocessed_pseudogene|	334	TAGGG	103.765	4.1975	0.006805	1.315	103.765	4.1975	0.006805	-0.4646045918367347
ENST00000416718.2|ENSG00000198744.5|OTTHUMG00000002337.2|OTTHUMT00000006719.2|MTCO3P12-201|MTCO3P12|547|unprocessed_pseudogene|	335	AGGGG	111.94333333333333	6.468333333333334	0.007083333333333334	-0.3033333333333333	112.24	5.672	0.0073	0.5971193415637862
ENST00000416718.2|ENSG00000198744.5|OTTHUMG00000002337.2|OTTHUMT00000006719.2|MTCO3P12-201|MTCO3P12|547|unprocessed_pseudogene|	336	GGGGG	110.86666666666667	3.4873333333333334	0.00454	0.03000000000000001	109.67	2.607	0.00432	-0.13893004115226332
ENST00000416718.2|ENSG00000198744.5|OTTHUMG00000002337.2|OTTHUMT00000006719.2|MTCO3P12-201|MTCO3P12|547|unprocessed_pseudogene|	337	GGGGA	115.245	8.5595	0.0083	0.044999999999999984	115.245	8.5595	0.0083	1.1134567901234569
ENST00000416718.2|ENSG00000198744.5|OTTHUMG00000002337.2|OTTHUMT00000006719.2|MTCO3P12-201|MTCO3P12|547|unprocessed_pseudogene|	338	GGGAC	116.35	5.037	0.00963	-0.455	116.35	5.037	0.00963	0.5889589905362776
ENST00000416718.2|ENSG00000198744.5|OTTHUMG00000002337.2|OTTHUMT00000006719.2|MTCO3P12-201|MTCO3P12|547|unprocessed_pseudogene|	339	GGACA	120.67	5.918	0.00432	0.33	120.67	5.918	0.00432	0.23549060542797498
ENST00000416718.2|ENSG00000198744.5|OTTHUMG00000002337.2|OTTHUMT00000006719.2|MTCO3P12-201|MTCO3P12|547|unprocessed_pseudogene|	340	GACAC	73.71	2.886	0.01129	-2.49	73.71	2.886	0.01129	-0.09245283018867925
ENST00000416718.2|ENSG00000198744.5|OTTHUMG00000002337.2|OTTHUMT00000006719.2|MTCO3P12-201|MTCO3P12|547|unprocessed_pseudogene|	341	ACACT	80.066	2.7448	0.008496	0.898	78.84	2.219	0.00896	0.46000000000000013
ENST00000416718.2|ENSG00000198744.5|OTTHUMG00000002337.2|OTTHUMT00000006719.2|MTCO3P12-201|MTCO3P12|547|unprocessed_pseudogene|	342	CACTG	82.276	1.4968	0.0045839999999999995	-0.924	83.29	1.382	0.00432	-0.45172161172161174
ENST00000416718.2|ENSG00000198744.5|OTTHUMG00000002337.2|OTTHUMT00000006719.2|MTCO3P12-201|MTCO3P12|547|unprocessed_pseudogene|	344	CTGGC	99.875	3.64675	0.0072225	-0.5075000000000001	102.92	2.915	0.00714	-0.08602756892230583
ENST00000416718.2|ENSG00000198744.5|OTTHUMG00000002337.2|OTTHUMT00000006719.2|MTCO3P12-201|MTCO3P12|547|unprocessed_pseudogene|	345	TGGCC	108.30000000000001	4.544999999999999	0.008966666666666666	0.6000000000000001	110.05	6.361	0.00299	-0.1440677966101696
ENST00000416718.2|ENSG00000198744.5|OTTHUMG00000002337.2|OTTHUMT00000006719.2|MTCO3P12-201|MTCO3P12|547|unprocessed_pseudogene|	346	GGCCC	109.1776923076923	2.1610833333333335	0.0043425	0.8892307692307692	108.76	1.963	0.00365	-0.34313576494427556
ENST00000416718.2|ENSG00000198744.5|OTTHUMG00000002337.2|OTTHUMT00000006719.2|MTCO3P12-201|MTCO3P12|547|unprocessed_pseudogene|	347	GCCCC	67.02	3.3089999999999997	0.011285	0.795	67.02	3.3089999999999997	0.011285	0.5985507246376811
ENST00000416718.2|ENSG00000198744.5|OTTHUMG00000002337.2|OTTHUMT00000006719.2|MTCO3P12-201|MTCO3P12|547|unprocessed_pseudogene|	348	CCCCC	52.87	1.443	0.00266	-3.53	52.87	1.443	0.00266	-0.3028985507246376
ENST00000416718.2|ENSG00000198744.5|OTTHUMG00000002337.2|OTTHUMT00000006719.2|MTCO3P12-201|MTCO3P12|547|unprocessed_pseudogene|	349	CCCCA	61.72	1.752	0.00432	-0.45	61.72	1.752	0.00432	-0.15362318840579703
ENST00000416718.2|ENSG00000198744.5|OTTHUMG00000002337.2|OTTHUMT00000006719.2|MTCO3P12-201|MTCO3P12|547|unprocessed_pseudogene|	350	CCCAA	72.855	3.4625	0.0037324999999999997	-0.20249999999999999	73.47999999999999	2.0795	0.00365	0.6409952606635072
ENST00000416718.2|ENSG00000198744.5|OTTHUMG00000002337.2|OTTHUMT00000006719.2|MTCO3P12-201|MTCO3P12|547|unprocessed_pseudogene|	353	AACAG	82.50999999999999	1.94175	0.00664125	-0.8975000000000001	82.67	1.9	0.00598	-0.3893867924528302
ENST00000416718.2|ENSG00000198744.5|OTTHUMG00000002337.2|OTTHUMT00000006719.2|MTCO3P12-201|MTCO3P12|547|unprocessed_pseudogene|	354	ACAGG	79.08500000000001	2.4105	0.0053100000000000005	-0.75	79.08500000000001	2.4105	0.0053100000000000005	-0.5264243614931238
ENST00000416718.2|ENSG00000198744.5|OTTHUMG00000002337.2|OTTHUMT00000006719.2|MTCO3P12-201|MTCO3P12|547|unprocessed_pseudogene|	355	CAGGC	105.125	9.0005	0.0054800000000000005	-0.8	105.125	9.0005	0.0054800000000000005	0.14802295918367356
ENST00000416718.2|ENSG00000198744.5|OTTHUMG00000002337.2|OTTHUMT00000006719.2|MTCO3P12-201|MTCO3P12|547|unprocessed_pseudogene|	356	AGGCA	108.76	9.1665	0.022744999999999998	-0.155	108.76	9.1665	0.022744999999999998	0.7262711864406779
ENST00000416718.2|ENSG00000198744.5|OTTHUMG00000002337.2|OTTHUMT00000006719.2|MTCO3P12-201|MTCO3P12|547|unprocessed_pseudogene|	357	GGCAT	108.51599999999999	4.5329999999999995	0.007502	-0.11200000000000003	109.09	4.482	0.00498	0.17435233160621752
ENST00000416718.2|ENSG00000198744.5|OTTHUMG00000002337.2|OTTHUMT00000006719.2|MTCO3P12-201|MTCO3P12|547|unprocessed_pseudogene|	358	GCATC	79.36769230769231	2.4372142857142856	0.005463846153846154	-0.305	79.625	1.9915	0.00465	0.1442320590207914
ENST00000416718.2|ENSG00000198744.5|OTTHUMG00000002337.2|OTTHUMT00000006719.2|MTCO3P12-201|MTCO3P12|547|unprocessed_pseudogene|	359	CATCA	86.00666666666666	1.500333333333333	0.004869999999999999	-0.15	86.2	1.646	0.00598	-0.7367836257309942
ENST00000416718.2|ENSG00000198744.5|OTTHUMG00000002337.2|OTTHUMT00000006719.2|MTCO3P12-201|MTCO3P12|547|unprocessed_pseudogene|	360	ATCAC	77.8	1.086	0.00664	-0.23	77.8	1.086	0.00664	-0.5278260869565217
ENST00000416718.2|ENSG00000198744.5|OTTHUMG00000002337.2|OTTHUMT00000006719.2|MTCO3P12-201|MTCO3P12|547|unprocessed_pseudogene|	361	TCACC	76.675	1.3565	0.01627	0.855	76.675	1.3565	0.01627	-0.2784574468085106
ENST00000416718.2|ENSG00000198744.5|OTTHUMG00000002337.2|OTTHUMT00000006719.2|MTCO3P12-201|MTCO3P12|547|unprocessed_pseudogene|	362	CACCC	75.26	1.2125	0.00647	0.044999999999999984	75.26	1.2125	0.00647	-0.5685053380782918
ENST00000416718.2|ENSG00000198744.5|OTTHUMG00000002337.2|OTTHUMT00000006719.2|MTCO3P12-201|MTCO3P12|547|unprocessed_pseudogene|	363	ACCCC	64.34	1.5675	0.006475	-0.815	64.34	1.5675	0.006475	-0.2427536231884058
ENST00000416718.2|ENSG00000198744.5|OTTHUMG00000002337.2|OTTHUMT00000006719.2|MTCO3P12-201|MTCO3P12|547|unprocessed_pseudogene|	364	CCCCG	66.97	1.894	0.00232	1.07	66.97	1.894	0.00232	-0.08502415458937196
ENST00000416718.2|ENSG00000198744.5|OTTHUMG00000002337.2|OTTHUMT00000006719.2|MTCO3P12-201|MTCO3P12|547|unprocessed_pseudogene|	365	CCCGC	80.35	2.1645	0.004815	0.9299999999999999	80.35	2.1645	0.004815	-0.22140287769784173
ENST00000416718.2|ENSG00000198744.5|OTTHUMG00000002337.2|OTTHUMT00000006719.2|MTCO3P12-201|MTCO3P12|547|unprocessed_pseudogene|	366	CCGCT	92.60666666666667	2.2096666666666667	0.008413333333333333	0.86	90.19	2.484	0.0083	-0.15012820512820516
ENST00000416718.2|ENSG00000198744.5|OTTHUMG00000002337.2|OTTHUMT00000006719.2|MTCO3P12-201|MTCO3P12|547|unprocessed_pseudogene|	367	CGCTA	97.56	3.7796	0.0055780000000000005	-0.9359999999999999	94.87	3.773	0.00432	0.06467605633802818
ENST00000416718.2|ENSG00000198744.5|OTTHUMG00000002337.2|OTTHUMT00000006719.2|MTCO3P12-201|MTCO3P12|547|unprocessed_pseudogene|	368	GCTAA	79.7125	1.16425	0.0067225	-1.295	80.35	1.157	0.00498	-0.557319391634981
ENST00000416718.2|ENSG00000198744.5|OTTHUMG00000002337.2|OTTHUMT00000006719.2|MTCO3P12-201|MTCO3P12|547|unprocessed_pseudogene|	369	CTAAA	90.63	2.36	0.00675	-0.8233333333333334	88.39	1.781	0.00332	-0.22368421052631585
ENST00000416718.2|ENSG00000198744.5|OTTHUMG00000002337.2|OTTHUMT00000006719.2|MTCO3P12-201|MTCO3P12|547|unprocessed_pseudogene|	370	TAAAT	102.785	2.41575	0.0043125	-0.38	104.1	2.0935	0.002985	inf
ENST00000416718.2|ENSG00000198744.5|OTTHUMG00000002337.2|OTTHUMT00000006719.2|MTCO3P12-201|MTCO3P12|547|unprocessed_pseudogene|	371	AAATC	109.75	1.7970000000000002	0.005145	-0.595	109.75	1.7970000000000002	0.005145	-0.4221864951768488
ENST00000416718.2|ENSG00000198744.5|OTTHUMG00000002337.2|OTTHUMT00000006719.2|MTCO3P12-201|MTCO3P12|547|unprocessed_pseudogene|	372	AATCC	94.62	4.993	0.005645000000000001	-1.15	94.62	4.993	0.005645000000000001	-0.12403508771929822
ENST00000416718.2|ENSG00000198744.5|OTTHUMG00000002337.2|OTTHUMT00000006719.2|MTCO3P12-201|MTCO3P12|547|unprocessed_pseudogene|	373	ATCCC	68.20714285714284	6.859142857142857	0.0034142857142857148	-0.6685714285714285	68.43	6.663	0.00332	1.9822360248447208
ENST00000416718.2|ENSG00000198744.5|OTTHUMG00000002337.2|OTTHUMT00000006719.2|MTCO3P12-201|MTCO3P12|547|unprocessed_pseudogene|	374	TCCCC	64.94	7.503	0.02424	0.0	64.94	7.503	0.02424	2.6246376811594203
ENST00000416718.2|ENSG00000198744.5|OTTHUMG00000002337.2|OTTHUMT00000006719.2|MTCO3P12-201|MTCO3P12|547|unprocessed_pseudogene|	375	CCCCT	62.697500000000005	2.485	0.0049	-0.6625	63.13	2.4145000000000003	0.003655	0.20048309178743964
ENST00000416718.2|ENSG00000198744.5|OTTHUMG00000002337.2|OTTHUMT00000006719.2|MTCO3P12-201|MTCO3P12|547|unprocessed_pseudogene|	376	CCCTA	66.455	1.5615	0.0054800000000000005	-1.0	66.455	1.5615	0.0054800000000000005	-0.335531914893617
ENST00000416718.2|ENSG00000198744.5|OTTHUMG00000002337.2|OTTHUMT00000006719.2|MTCO3P12-201|MTCO3P12|547|unprocessed_pseudogene|	377	CCTAG	84.1590909090909	2.1607	0.008330000000000002	0.05545454545454542	84.9	2.038	0.00797	-0.1784410646387833
ENST00000416718.2|ENSG00000198744.5|OTTHUMG00000002337.2|OTTHUMT00000006719.2|MTCO3P12-201|MTCO3P12|547|unprocessed_pseudogene|	378	CTAGA	107.38600000000001	3.8134	0.00664	0.05800000000000001	109.06	3.723	0.00598	0.008835978835978921
ENST00000416718.2|ENSG00000198744.5|OTTHUMG00000002337.2|OTTHUMT00000006719.2|MTCO3P12-201|MTCO3P12|547|unprocessed_pseudogene|	379	TAGAA	116.41	3.298	0.00365	-0.68	116.41	3.298	0.00365	-0.43816013628620104
ENST00000416718.2|ENSG00000198744.5|OTTHUMG00000002337.2|OTTHUMT00000006719.2|MTCO3P12-201|MTCO3P12|547|unprocessed_pseudogene|	380	AGAAG	92.23142857142857	4.621428571428572	0.008821428571428572	inf	81.19	3.255	0.00797	inf
ENST00000416718.2|ENSG00000198744.5|OTTHUMG00000002337.2|OTTHUMT00000006719.2|MTCO3P12-201|MTCO3P12|547|unprocessed_pseudogene|	381	GAAGT	106.74000000000001	5.912333333333334	0.010736666666666667	0.5000000000000001	109.82	6.056	0.01295	0.45623973727422024
ENST00000416718.2|ENSG00000198744.5|OTTHUMG00000002337.2|OTTHUMT00000006719.2|MTCO3P12-201|MTCO3P12|547|unprocessed_pseudogene|	382	AAGTC	112.89	4.731	0.00465	-0.39	112.89	4.731	0.00465	0.1739454094292803
ENST00000416718.2|ENSG00000198744.5|OTTHUMG00000002337.2|OTTHUMT00000006719.2|MTCO3P12-201|MTCO3P12|547|unprocessed_pseudogene|	383	AGTCC	127.74857142857142	6.419428571428571	0.004502857142857143	0.30428571428571427	127.1	5.789	0.00398	0.05756648623205449
ENST00000416718.2|ENSG00000198744.5|OTTHUMG00000002337.2|OTTHUMT00000006719.2|MTCO3P12-201|MTCO3P12|547|unprocessed_pseudogene|	384	GTCCC	66.22	3.028	0.00797	-0.68	66.22	3.028	0.00797	0.3165217391304349
ENST00000416718.2|ENSG00000198744.5|OTTHUMG00000002337.2|OTTHUMT00000006719.2|MTCO3P12-201|MTCO3P12|547|unprocessed_pseudogene|	386	CCCAC	65.35	1.989	0.00332	-1.76	65.35	1.989	0.00332	-0.05734597156398094
ENST00000416718.2|ENSG00000198744.5|OTTHUMG00000002337.2|OTTHUMT00000006719.2|MTCO3P12-201|MTCO3P12|547|unprocessed_pseudogene|	387	CCACT	80.31	1.5270000000000001	0.0043175	0.9075	80.83500000000001	1.506	0.004484999999999999	-0.18776595744680838
ENST00000416718.2|ENSG00000198744.5|OTTHUMG00000002337.2|OTTHUMT00000006719.2|MTCO3P12-201|MTCO3P12|547|unprocessed_pseudogene|	388	CACTC	84.13499999999999	1.5815000000000001	0.00747	-0.31000000000000005	84.13499999999999	1.5815000000000001	0.00747	-0.42069597069597064
ENST00000416718.2|ENSG00000198744.5|OTTHUMG00000002337.2|OTTHUMT00000006719.2|MTCO3P12-201|MTCO3P12|547|unprocessed_pseudogene|	389	ACTCC	79.6575	1.40875	0.011037499999999999	-0.2625	79.89	1.387	0.0078	-0.505701754385965
ENST00000416718.2|ENSG00000198744.5|OTTHUMG00000002337.2|OTTHUMT00000006719.2|MTCO3P12-201|MTCO3P12|547|unprocessed_pseudogene|	390	CTCCT	70.805	1.2730000000000001	0.013114999999999998	-0.175	70.805	1.2730000000000001	0.013114999999999998	-0.4465217391304347
ENST00000416718.2|ENSG00000198744.5|OTTHUMG00000002337.2|OTTHUMT00000006719.2|MTCO3P12-201|MTCO3P12|547|unprocessed_pseudogene|	391	TCCTA	78.76	1.576	0.02457	2.67	78.76	1.576	0.02457	-0.3293617021276596
ENST00000416718.2|ENSG00000198744.5|OTTHUMG00000002337.2|OTTHUMT00000006719.2|MTCO3P12-201|MTCO3P12|547|unprocessed_pseudogene|	392	CCTAA	85.55	1.7236666666666665	0.003983333333333333	0.8766666666666666	85.37	1.928	0.00332	-0.3446134347275032
ENST00000416718.2|ENSG00000198744.5|OTTHUMG00000002337.2|OTTHUMT00000006719.2|MTCO3P12-201|MTCO3P12|547|unprocessed_pseudogene|	393	CTAAA	96.14	3.5043999999999995	0.007568	0.5279999999999999	97.47	3.102	0.00398	0.15276315789473666
ENST00000416718.2|ENSG00000198744.5|OTTHUMG00000002337.2|OTTHUMT00000006719.2|MTCO3P12-201|MTCO3P12|547|unprocessed_pseudogene|	394	TAAAC	104.91499999999999	3.5755	0.005645	0.43000000000000005	104.91499999999999	3.5755	0.005645	0.334141791044776
ENST00000416718.2|ENSG00000198744.5|OTTHUMG00000002337.2|OTTHUMT00000006719.2|MTCO3P12-201|MTCO3P12|547|unprocessed_pseudogene|	395	AAACA	100.38499999999999	1.844	0.008799999999999999	0.15000000000000002	100.38499999999999	1.844	0.008799999999999999	-0.4655072463768116
ENST00000416718.2|ENSG00000198744.5|OTTHUMG00000002337.2|OTTHUMT00000006719.2|MTCO3P12-201|MTCO3P12|547|unprocessed_pseudogene|	396	AACAC	86.09333333333332	2.9103333333333334	0.0056433333333333335	-0.8733333333333334	86.19	3.109	0.00465	-0.0848008385744235
ENST00000416718.2|ENSG00000198744.5|OTTHUMG00000002337.2|OTTHUMT00000006719.2|MTCO3P12-201|MTCO3P12|547|unprocessed_pseudogene|	397	ACACA	72.94	3.237	0.00232	-0.27	72.94	3.237	0.00232	0.721808510638298
ENST00000416718.2|ENSG00000198744.5|OTTHUMG00000002337.2|OTTHUMT00000006719.2|MTCO3P12-201|MTCO3P12|547|unprocessed_pseudogene|	398	CACAT	87.18	1.122	0.00432	1.29	87.18	1.122	0.00432	-0.6471698113207547
ENST00000416718.2|ENSG00000198744.5|OTTHUMG00000002337.2|OTTHUMT00000006719.2|MTCO3P12-201|MTCO3P12|547|unprocessed_pseudogene|	399	ACATC	84.3	1.507	0.00863	1.8	84.3	1.507	0.00863	-0.29248826291079816
ENST00000416718.2|ENSG00000198744.5|OTTHUMG00000002337.2|OTTHUMT00000006719.2|MTCO3P12-201|MTCO3P12|547|unprocessed_pseudogene|	400	CATCC	92.62	4.934	0.00432	0.63	92.62	4.934	0.00432	-0.1343859649122807
ENST00000416718.2|ENSG00000198744.5|OTTHUMG00000002337.2|OTTHUMT00000006719.2|MTCO3P12-201|MTCO3P12|547|unprocessed_pseudogene|	401	ATCCG	77.48	4.167	0.00332	1.89	77.48	4.167	0.00332	0.8117391304347826
ENST00000416718.2|ENSG00000198744.5|OTTHUMG00000002337.2|OTTHUMT00000006719.2|MTCO3P12-201|MTCO3P12|547|unprocessed_pseudogene|	402	TCCGT	82.21	2.458	0.00365	1.42	82.21	2.458	0.00365	-0.11582733812949628
ENST00000416718.2|ENSG00000198744.5|OTTHUMG00000002337.2|OTTHUMT00000006719.2|MTCO3P12-201|MTCO3P12|547|unprocessed_pseudogene|	403	CCGTA	97.66	4.733	0.03054	1.17	97.66	4.733	0.03054	0.5518032786885245
ENST00000416718.2|ENSG00000198744.5|OTTHUMG00000002337.2|OTTHUMT00000006719.2|MTCO3P12-201|MTCO3P12|547|unprocessed_pseudogene|	404	CGTAT	134.53	3.47	0.0093	2.81	134.53	3.47	0.0093	-0.594626168224299
ENST00000416718.2|ENSG00000198744.5|OTTHUMG00000002337.2|OTTHUMT00000006719.2|MTCO3P12-201|MTCO3P12|547|unprocessed_pseudogene|	405	GTATT	93.495	1.642	0.00614	0.47000000000000003	93.495	1.642	0.00614	-0.37566539923954373
ENST00000416718.2|ENSG00000198744.5|OTTHUMG00000002337.2|OTTHUMT00000006719.2|MTCO3P12-201|MTCO3P12|547|unprocessed_pseudogene|	406	TATTA	93.23	1.884	0.00631	-0.14	93.23	1.884	0.00631	-0.6593128390596745
ENST00000416718.2|ENSG00000198744.5|OTTHUMG00000002337.2|OTTHUMT00000006719.2|MTCO3P12-201|MTCO3P12|547|unprocessed_pseudogene|	407	ATTAC	86.39500000000001	1.4405000000000001	0.0053100000000000005	0.37	86.39500000000001	1.4405000000000001	0.0053100000000000005	-0.41443089430894303
ENST00000416718.2|ENSG00000198744.5|OTTHUMG00000002337.2|OTTHUMT00000006719.2|MTCO3P12-201|MTCO3P12|547|unprocessed_pseudogene|	408	TTACT	87.24	1.024	0.00232	1.0	87.24	1.024	0.00232	-0.5123809523809524
ENST00000416718.2|ENSG00000198744.5|OTTHUMG00000002337.2|OTTHUMT00000006719.2|MTCO3P12-201|MTCO3P12|547|unprocessed_pseudogene|	410	ACTCG	80.73	1.466	0.00266	-0.04	80.73	1.466	0.00266	-0.48561403508771933
ENST00000416718.2|ENSG00000198744.5|OTTHUMG00000002337.2|OTTHUMT00000006719.2|MTCO3P12-201|MTCO3P12|547|unprocessed_pseudogene|	411	CTCGC	80.352	1.6412000000000002	0.008898	0.18799999999999994	79.69	1.649	0.00598	-0.2864347826086955
ENST00000416718.2|ENSG00000198744.5|OTTHUMG00000002337.2|OTTHUMT00000006719.2|MTCO3P12-201|MTCO3P12|547|unprocessed_pseudogene|	412	TCGCA	90.64363636363636	2.458	0.0032199999999999998	0.9818181818181817	90.82	2.13	0.00266	-0.05461538461538458
ENST00000416718.2|ENSG00000198744.5|OTTHUMG00000002337.2|OTTHUMT00000006719.2|MTCO3P12-201|MTCO3P12|547|unprocessed_pseudogene|	413	CGCAT	92.53999999999999	1.369	0.00266	-1.305	92.53999999999999	1.369	0.00266	-0.6453367875647668
ENST00000416718.2|ENSG00000198744.5|OTTHUMG00000002337.2|OTTHUMT00000006719.2|MTCO3P12-201|MTCO3P12|547|unprocessed_pseudogene|	414	GCATC	82.80666666666666	1.498	0.0050349999999999995	0.7616666666666666	82.755	1.567	0.004645	-0.29671361502347415
ENST00000416718.2|ENSG00000198744.5|OTTHUMG00000002337.2|OTTHUMT00000006719.2|MTCO3P12-201|MTCO3P12|547|unprocessed_pseudogene|	415	CATCA	86.625	2.7755	0.00398	-0.06000000000000001	86.625	2.7755	0.00398	-0.5130701754385965
ENST00000416718.2|ENSG00000198744.5|OTTHUMG00000002337.2|OTTHUMT00000006719.2|MTCO3P12-201|MTCO3P12|547|unprocessed_pseudogene|	416	ATCAG	78.605	1.5535	0.00498	0.58	78.605	1.5535	0.00498	-0.32456521739130423
ENST00000416718.2|ENSG00000198744.5|OTTHUMG00000002337.2|OTTHUMT00000006719.2|MTCO3P12-201|MTCO3P12|547|unprocessed_pseudogene|	417	TCAGG	83.805	3.835	0.005809999999999999	-0.74	83.805	3.835	0.005809999999999999	-0.24656188605108054
ENST00000416718.2|ENSG00000198744.5|OTTHUMG00000002337.2|OTTHUMT00000006719.2|MTCO3P12-201|MTCO3P12|547|unprocessed_pseudogene|	418	CAGGG	90.69	2.515	0.01129	0.14	90.69	2.515	0.01129	-0.6792091836734693
ENST00000416718.2|ENSG00000198744.5|OTTHUMG00000002337.2|OTTHUMT00000006719.2|MTCO3P12-201|MTCO3P12|547|unprocessed_pseudogene|	421	GGGTA	120.4675	8.943999999999999	0.00639	0.24250000000000005	121.565	9.4815	0.004314999999999999	1.6540059347181004
ENST00000416718.2|ENSG00000198744.5|OTTHUMG00000002337.2|OTTHUMT00000006719.2|MTCO3P12-201|MTCO3P12|547|unprocessed_pseudogene|	422	GGTAT	129.11	3.732	0.00531	1.28	129.11	3.732	0.00531	-0.564018691588785
ENST00000416718.2|ENSG00000198744.5|OTTHUMG00000002337.2|OTTHUMT00000006719.2|MTCO3P12-201|MTCO3P12|547|unprocessed_pseudogene|	423	GTATC	84.2625	1.983	0.0048125	-0.78	83.305	2.1435	0.00398	-0.24600760456273757
ENST00000416718.2|ENSG00000198744.5|OTTHUMG00000002337.2|OTTHUMT00000006719.2|MTCO3P12-201|MTCO3P12|547|unprocessed_pseudogene|	425	ATCAA	78.5325	1.6004999999999998	0.007467499999999999	-0.11249999999999999	78.28999999999999	1.6059999999999999	0.007965	-0.3041304347826087
ENST00000416718.2|ENSG00000198744.5|OTTHUMG00000002337.2|OTTHUMT00000006719.2|MTCO3P12-201|MTCO3P12|547|unprocessed_pseudogene|	426	TCAAT	88.482	1.5324000000000002	0.0042499999999999994	-0.18	87.65	1.402	0.00266	-0.49258278145695356
ENST00000416718.2|ENSG00000198744.5|OTTHUMG00000002337.2|OTTHUMT00000006719.2|MTCO3P12-201|MTCO3P12|547|unprocessed_pseudogene|	427	CAATC	105.74	1.245	0.00365	-0.11	105.74	1.245	0.00365	-0.5996784565916399
ENST00000416718.2|ENSG00000198744.5|OTTHUMG00000002337.2|OTTHUMT00000006719.2|MTCO3P12-201|MTCO3P12|547|unprocessed_pseudogene|	428	AATCA	93.77000000000001	3.475	0.009295000000000001	-0.835	93.77000000000001	3.475	0.009295000000000001	-0.39035087719298245
ENST00000416718.2|ENSG00000198744.5|OTTHUMG00000002337.2|OTTHUMT00000006719.2|MTCO3P12-201|MTCO3P12|547|unprocessed_pseudogene|	429	ATCAC	81.87	1.5945	0.00581	0.99	81.87	1.5945	0.00581	-0.30673913043478257
ENST00000416718.2|ENSG00000198744.5|OTTHUMG00000002337.2|OTTHUMT00000006719.2|MTCO3P12-201|MTCO3P12|547|unprocessed_pseudogene|	430	TCACC	75.508	1.0677999999999999	0.0043820000000000005	0.394	75.71	1.263	0.00332	-0.43202127659574474
ENST00000416718.2|ENSG00000198744.5|OTTHUMG00000002337.2|OTTHUMT00000006719.2|MTCO3P12-201|MTCO3P12|547|unprocessed_pseudogene|	431	CACCT	72.78	0.955	0.00266	-0.68	72.78	0.955	0.00266	-0.6601423487544483
ENST00000416718.2|ENSG00000198744.5|OTTHUMG00000002337.2|OTTHUMT00000006719.2|MTCO3P12-201|MTCO3P12|547|unprocessed_pseudogene|	432	ACCTG	67.05	2.2756666666666665	0.006083333333333333	-1.13	67.65	2.337	0.00564	-0.03163120567375897
ENST00000416718.2|ENSG00000198744.5|OTTHUMG00000002337.2|OTTHUMT00000006719.2|MTCO3P12-201|MTCO3P12|547|unprocessed_pseudogene|	434	CTGAG	111.03	3.2635	0.004815	0.785	111.03	3.2635	0.004815	-0.27316258351893097
ENST00000416718.2|ENSG00000198744.5|OTTHUMG00000002337.2|OTTHUMT00000006719.2|MTCO3P12-201|MTCO3P12|547|unprocessed_pseudogene|	435	TGAGC	114.41	3.304	0.00199	-0.44	114.41	3.304	0.00199	-0.4193321616871705
ENST00000416718.2|ENSG00000198744.5|OTTHUMG00000002337.2|OTTHUMT00000006719.2|MTCO3P12-201|MTCO3P12|547|unprocessed_pseudogene|	436	GAGCT	105.92	2.786	0.00332	-1.39	105.92	2.786	0.00332	-0.07748344370860927
ENST00000416718.2|ENSG00000198744.5|OTTHUMG00000002337.2|OTTHUMT00000006719.2|MTCO3P12-201|MTCO3P12|547|unprocessed_pseudogene|	437	AGCTC	116.73	3.667	0.00564	-0.26	116.73	3.667	0.00564	0.032957746478873236
ENST00000416718.2|ENSG00000198744.5|OTTHUMG00000002337.2|OTTHUMT00000006719.2|MTCO3P12-201|MTCO3P12|547|unprocessed_pseudogene|	438	GCTCA	80.565	4.6055	0.00498	0.96	80.565	4.6055	0.00498	0.6159649122807017
ENST00000416718.2|ENSG00000198744.5|OTTHUMG00000002337.2|OTTHUMT00000006719.2|MTCO3P12-201|MTCO3P12|547|unprocessed_pseudogene|	441	CACCA	72.44333333333333	1.6850000000000003	0.0030966666666666664	-2.8	64.71	0.972	0.00299	inf
ENST00000416718.2|ENSG00000198744.5|OTTHUMG00000002337.2|OTTHUMT00000006719.2|MTCO3P12-201|MTCO3P12|547|unprocessed_pseudogene|	442	ACCAT	80.06	1.314	0.00598	1.84	80.06	1.314	0.00598	-0.3772511848341232
ENST00000416718.2|ENSG00000198744.5|OTTHUMG00000002337.2|OTTHUMT00000006719.2|MTCO3P12-201|MTCO3P12|547|unprocessed_pseudogene|	443	CCATA	83.186	2.2190000000000003	0.008236	-1.1079999999999999	83.38	1.698	0.01029	0.04178403755868564
ENST00000416718.2|ENSG00000198744.5|OTTHUMG00000002337.2|OTTHUMT00000006719.2|MTCO3P12-201|MTCO3P12|547|unprocessed_pseudogene|	444	CATAG	69.215	1.526	0.013944999999999999	inf	69.215	1.526	0.013944999999999999	-0.7570063694267516
ENST00000416718.2|ENSG00000198744.5|OTTHUMG00000002337.2|OTTHUMT00000006719.2|MTCO3P12-201|MTCO3P12|547|unprocessed_pseudogene|	446	TAGTC	119.83	4.738	0.004316666666666667	1.0433333333333332	120.82	2.584	0.00332	0.17568238213399506
ENST00000416718.2|ENSG00000198744.5|OTTHUMG00000002337.2|OTTHUMT00000006719.2|MTCO3P12-201|MTCO3P12|547|unprocessed_pseudogene|	447	AGTCT	124.55	9.822	0.01062	-0.08	124.55	9.822	0.01062	0.618121911037891
ENST00000416718.2|ENSG00000198744.5|OTTHUMG00000002337.2|OTTHUMT00000006719.2|MTCO3P12-201|MTCO3P12|547|unprocessed_pseudogene|	449	TCTAA	84.30000000000001	1.613	0.00415	-0.0050000000000000044	84.30000000000001	1.613	0.00415	-0.38669201520912544
ENST00000416718.2|ENSG00000198744.5|OTTHUMG00000002337.2|OTTHUMT00000006719.2|MTCO3P12-201|MTCO3P12|547|unprocessed_pseudogene|	450	CTAAT	100.78	1.368	0.00498	0.92	100.78	1.368	0.00498	-0.5499999999999999
ENST00000416718.2|ENSG00000198744.5|OTTHUMG00000002337.2|OTTHUMT00000006719.2|MTCO3P12-201|MTCO3P12|547|unprocessed_pseudogene|	451	TAATA	110.94	2.144	0.00946	0.57	110.94	2.144	0.00946	-0.31061093247588417
ENST00000416718.2|ENSG00000198744.5|OTTHUMG00000002337.2|OTTHUMT00000006719.2|MTCO3P12-201|MTCO3P12|547|unprocessed_pseudogene|	452	AATAG	88.21000000000001	3.3335	0.00481	-1.335	88.21000000000001	3.3335	0.00481	-0.469187898089172
ENST00000416718.2|ENSG00000198744.5|OTTHUMG00000002337.2|OTTHUMT00000006719.2|MTCO3P12-201|MTCO3P12|547|unprocessed_pseudogene|	453	ATAGA	108.485	6.2835	0.007965	0.87	108.485	6.2835	0.007965	0.6623015873015874
ENST00000416718.2|ENSG00000198744.5|OTTHUMG00000002337.2|OTTHUMT00000006719.2|MTCO3P12-201|MTCO3P12|547|unprocessed_pseudogene|	454	TAGAA	123.83500000000001	5.4755	0.01228	0.18	123.83500000000001	5.4755	0.01228	-0.06720613287904598
ENST00000416718.2|ENSG00000198744.5|OTTHUMG00000002337.2|OTTHUMT00000006719.2|MTCO3P12-201|MTCO3P12|547|unprocessed_pseudogene|	457	AAAAC	108.225	4.05575	0.007885	0.11250000000000002	108.295	2.8715	0.00664	0.5133395522388058
ENST00000416718.2|ENSG00000198744.5|OTTHUMG00000002337.2|OTTHUMT00000006719.2|MTCO3P12-201|MTCO3P12|547|unprocessed_pseudogene|	459	AACAA	76.16	2.123	0.00398	-2.67	76.16	2.123	0.00398	-0.3323899371069182
ENST00000416718.2|ENSG00000198744.5|OTTHUMG00000002337.2|OTTHUMT00000006719.2|MTCO3P12-201|MTCO3P12|547|unprocessed_pseudogene|	460	ACAAC	78.24000000000001	2.6075	0.004815	-0.66	78.24000000000001	2.6075	0.004815	-0.13658940397350997
ENST00000416718.2|ENSG00000198744.5|OTTHUMG00000002337.2|OTTHUMT00000006719.2|MTCO3P12-201|MTCO3P12|547|unprocessed_pseudogene|	461	CAACC	86.005	1.7225000000000001	0.00465	-0.7000000000000001	86.005	1.7225000000000001	0.00465	-0.5007246376811594
ENST00000416718.2|ENSG00000198744.5|OTTHUMG00000002337.2|OTTHUMT00000006719.2|MTCO3P12-201|MTCO3P12|547|unprocessed_pseudogene|	462	AACCG	87.85	1.51	0.00531	0.94	87.85	1.51	0.00531	-0.4626334519572954
ENST00000416718.2|ENSG00000198744.5|OTTHUMG00000002337.2|OTTHUMT00000006719.2|MTCO3P12-201|MTCO3P12|547|unprocessed_pseudogene|	463	ACCGA	83.24	1.897	0.01394	0.11	83.24	1.897	0.01394	-0.3176258992805755
ENST00000416718.2|ENSG00000198744.5|OTTHUMG00000002337.2|OTTHUMT00000006719.2|MTCO3P12-201|MTCO3P12|547|unprocessed_pseudogene|	464	CCGAA	99.51	2.644	0.00232	0.34	99.51	2.644	0.00232	-0.33734335839599
ENST00000416718.2|ENSG00000198744.5|OTTHUMG00000002337.2|OTTHUMT00000006719.2|MTCO3P12-201|MTCO3P12|547|unprocessed_pseudogene|	465	CGAAA	115.13	1.807666666666667	0.003596666666666667	0.315	115.265	1.659	0.00349	-0.6748800959232613
ENST00000416718.2|ENSG00000198744.5|OTTHUMG00000002337.2|OTTHUMT00000006719.2|MTCO3P12-201|MTCO3P12|547|unprocessed_pseudogene|	466	GAAAC	106.04	1.824	0.00498	0.03	106.04	1.824	0.00498	-0.3194029850746269
ENST00000416718.2|ENSG00000198744.5|OTTHUMG00000002337.2|OTTHUMT00000006719.2|MTCO3P12-201|MTCO3P12|547|unprocessed_pseudogene|	467	AAACC	95.205	2.20175	0.0034025	-0.9575	96.21000000000001	2.1125	0.00332	-0.36181159420289855
ENST00000416718.2|ENSG00000198744.5|OTTHUMG00000002337.2|OTTHUMT00000006719.2|MTCO3P12-201|MTCO3P12|547|unprocessed_pseudogene|	469	ACCAA	69.48	1.9175	0.008879999999999999	-1.745	67.31	1.9505000000000001	0.009295	-0.09123222748815162
ENST00000416718.2|ENSG00000198744.5|OTTHUMG00000002337.2|OTTHUMT00000006719.2|MTCO3P12-201|MTCO3P12|547|unprocessed_pseudogene|	470	CCAAA	86.825	2.667666666666667	0.006916666666666666	-0.08833333333333333	85.25	3.0905	0.005145	-0.11666666666666661
ENST00000416718.2|ENSG00000198744.5|OTTHUMG00000002337.2|OTTHUMT00000006719.2|MTCO3P12-201|MTCO3P12|547|unprocessed_pseudogene|	471	CAAAT	106.7775	3.104	0.0044825	-0.895	108.4	2.8804999999999996	0.00465	0.15820895522388057
ENST00000416718.2|ENSG00000198744.5|OTTHUMG00000002337.2|OTTHUMT00000006719.2|MTCO3P12-201|MTCO3P12|547|unprocessed_pseudogene|	472	AAATA	116.19333333333333	5.992	0.005203333333333333	0.49	114.27	6.676	0.00365	0.9266881028938907
ENST00000416718.2|ENSG00000198744.5|OTTHUMG00000002337.2|OTTHUMT00000006719.2|MTCO3P12-201|MTCO3P12|547|unprocessed_pseudogene|	473	AATAA	79.26333333333334	3.800666666666667	0.0024333333333333334	inf	72.98	2.729	0.00232	-0.39479830148619954
ENST00000416718.2|ENSG00000198744.5|OTTHUMG00000002337.2|OTTHUMT00000006719.2|MTCO3P12-201|MTCO3P12|547|unprocessed_pseudogene|	474	ATAAT	89.59	1.481	0.00996	0.05	89.59	1.481	0.00996	-0.512828947368421
ENST00000416718.2|ENSG00000198744.5|OTTHUMG00000002337.2|OTTHUMT00000006719.2|MTCO3P12-201|MTCO3P12|547|unprocessed_pseudogene|	475	TAATT	108.065	2.923	0.005102499999999999	-0.39749999999999996	108.38	2.282	0.003815	-0.060128617363344
ENST00000416718.2|ENSG00000198744.5|OTTHUMG00000002337.2|OTTHUMT00000006719.2|MTCO3P12-201|MTCO3P12|547|unprocessed_pseudogene|	476	AATTC	99.39500000000001	3.0315	0.00415	-0.39	99.39500000000001	3.0315	0.00415	-0.4518083182640145
ENST00000416718.2|ENSG00000198744.5|OTTHUMG00000002337.2|OTTHUMT00000006719.2|MTCO3P12-201|MTCO3P12|547|unprocessed_pseudogene|	477	ATTCA	61.83857142857142	3.081857142857143	0.005975714285714285	1.51	70.02	2.911	0.00598	inf
ENST00000416718.2|ENSG00000198744.5|OTTHUMG00000002337.2|OTTHUMT00000006719.2|MTCO3P12-201|MTCO3P12|547|unprocessed_pseudogene|	478	TTCAA	95.34	5.441	0.02457	inf	95.34	5.441	0.02457	inf
ENST00000416718.2|ENSG00000198744.5|OTTHUMG00000002337.2|OTTHUMT00000006719.2|MTCO3P12-201|MTCO3P12|547|unprocessed_pseudogene|	479	TCAAG	85.5	1.839	0.00266	-0.05	85.5	1.839	0.00266	-0.39105960264900663
ENST00000416718.2|ENSG00000198744.5|OTTHUMG00000002337.2|OTTHUMT00000006719.2|MTCO3P12-201|MTCO3P12|547|unprocessed_pseudogene|	480	CAAGC	89.43	1.464	0.00232	-2.29	89.43	1.464	0.00232	-0.6394088669950738
ENST00000416718.2|ENSG00000198744.5|OTTHUMG00000002337.2|OTTHUMT00000006719.2|MTCO3P12-201|MTCO3P12|547|unprocessed_pseudogene|	481	AAGCA	101.22	3.7975000000000003	0.00581	inf	101.22	3.7975000000000003	0.00581	0.25745033112582794
ENST00000416718.2|ENSG00000198744.5|OTTHUMG00000002337.2|OTTHUMT00000006719.2|MTCO3P12-201|MTCO3P12|547|unprocessed_pseudogene|	482	AGCAC	120.64500000000001	2.479	0.00415	0.68	120.64500000000001	2.479	0.00415	-0.35777202072538855
ENST00000416718.2|ENSG00000198744.5|OTTHUMG00000002337.2|OTTHUMT00000006719.2|MTCO3P12-201|MTCO3P12|547|unprocessed_pseudogene|	483	GCACT	74.05266666666667	2.42675	0.006704	-1.2650000000000001	72.325	2.2365000000000004	0.00631	0.29082446808510654
ENST00000416718.2|ENSG00000198744.5|OTTHUMG00000002337.2|OTTHUMT00000006719.2|MTCO3P12-201|MTCO3P12|547|unprocessed_pseudogene|	486	CTGCT	101.95	2.284	0.00465	1.24	101.95	2.284	0.00465	-0.2702875399361023
ENST00000416718.2|ENSG00000198744.5|OTTHUMG00000002337.2|OTTHUMT00000006719.2|MTCO3P12-201|MTCO3P12|547|unprocessed_pseudogene|	488	GCTTA	74.346	1.7306000000000001	0.004914	-0.998	78.33	1.596	0.00564	-0.28487603305785114
ENST00000416718.2|ENSG00000198744.5|OTTHUMG00000002337.2|OTTHUMT00000006719.2|MTCO3P12-201|MTCO3P12|547|unprocessed_pseudogene|	489	CTTAT	84.78777777777776	1.744	0.0037775000000000005	0.038888888888888896	84.31	1.555	0.00365	-0.2910569105691057
ENST00000416718.2|ENSG00000198744.5|OTTHUMG00000002337.2|OTTHUMT00000006719.2|MTCO3P12-201|MTCO3P12|547|unprocessed_pseudogene|	490	TTATT	86.65	2.852	0.00531	-2.18	86.65	2.852	0.00531	0.08441064638783269
ENST00000416718.2|ENSG00000198744.5|OTTHUMG00000002337.2|OTTHUMT00000006719.2|MTCO3P12-201|MTCO3P12|547|unprocessed_pseudogene|	491	TATTA	99.0	2.344	0.00863	0.58	99.0	2.344	0.00863	-0.576130198915009
ENST00000416718.2|ENSG00000198744.5|OTTHUMG00000002337.2|OTTHUMT00000006719.2|MTCO3P12-201|MTCO3P12|547|unprocessed_pseudogene|	492	ATTAC	88.11	2.936	0.0032099999999999997	0.8133333333333334	90.01	3.538	0.00266	0.19349593495934958
ENST00000416718.2|ENSG00000198744.5|OTTHUMG00000002337.2|OTTHUMT00000006719.2|MTCO3P12-201|MTCO3P12|547|unprocessed_pseudogene|	493	TTACA	81.435	1.5465	0.00896	0.51	81.435	1.5465	0.00896	-0.2635714285714286
ENST00000416718.2|ENSG00000198744.5|OTTHUMG00000002337.2|OTTHUMT00000006719.2|MTCO3P12-201|MTCO3P12|547|unprocessed_pseudogene|	494	TACAA	71.476	1.954	0.006708	-2.502	68.28	1.854	0.00432	-0.3855345911949686
ENST00000416718.2|ENSG00000198744.5|OTTHUMG00000002337.2|OTTHUMT00000006719.2|MTCO3P12-201|MTCO3P12|547|unprocessed_pseudogene|	496	CAATT	103.59	5.0355	0.00697	-1.245	103.59	5.0355	0.00697	0.6191318327974277
ENST00000416718.2|ENSG00000198744.5|OTTHUMG00000002337.2|OTTHUMT00000006719.2|MTCO3P12-201|MTCO3P12|547|unprocessed_pseudogene|	497	AATTT	100.6	10.2255	0.00498	inf	100.6	10.2255	0.00498	0.8490958408679927
ENST00000416718.2|ENSG00000198744.5|OTTHUMG00000002337.2|OTTHUMT00000006719.2|MTCO3P12-201|MTCO3P12|547|unprocessed_pseudogene|	498	ATTTT	73.03	4.504	0.00764	-2.84	73.03	4.504	0.00764	1.2862944162436547
ENST00000416718.2|ENSG00000198744.5|OTTHUMG00000002337.2|OTTHUMT00000006719.2|MTCO3P12-201|MTCO3P12|547|unprocessed_pseudogene|	500	TTTAC	81.45	3.263	0.0073	-0.38	81.45	3.263	0.0073	0.32642276422764227
ENST00000416718.2|ENSG00000198744.5|OTTHUMG00000002337.2|OTTHUMT00000006719.2|MTCO3P12-201|MTCO3P12|547|unprocessed_pseudogene|	501	TTACT	84.1	1.181	0.00498	-0.03	84.1	1.181	0.00498	-0.43761904761904763
ENST00000416718.2|ENSG00000198744.5|OTTHUMG00000002337.2|OTTHUMT00000006719.2|MTCO3P12-201|MTCO3P12|547|unprocessed_pseudogene|	502	TACTG	85.66	0.952	0.00398	-0.59	85.66	0.952	0.00398	-0.6512820512820513
ENST00000416718.2|ENSG00000198744.5|OTTHUMG00000002337.2|OTTHUMT00000006719.2|MTCO3P12-201|MTCO3P12|547|unprocessed_pseudogene|	503	ACTGG	96.86	1.936	0.00266	2.6	96.86	1.936	0.00266	-0.32070175438596493
ENST00000416718.2|ENSG00000198744.5|OTTHUMG00000002337.2|OTTHUMT00000006719.2|MTCO3P12-201|MTCO3P12|547|unprocessed_pseudogene|	507	GGTCT	109.11666666666667	2.323	0.009516666666666666	2.58	138.44	2.217	0.00797	inf
ENST00000416718.2|ENSG00000198744.5|OTTHUMG00000002337.2|OTTHUMT00000006719.2|MTCO3P12-201|MTCO3P12|547|unprocessed_pseudogene|	512	CTATT	94.86	1.845	0.00498	-0.18	94.86	1.845	0.00498	-0.2984790874524715
ENST00000416718.2|ENSG00000198744.5|OTTHUMG00000002337.2|OTTHUMT00000006719.2|MTCO3P12-201|MTCO3P12|547|unprocessed_pseudogene|	513	TATTT	91.79	1.984	0.0073	-0.37	91.79	1.984	0.0073	-0.6412296564195299
ENST00000416718.2|ENSG00000198744.5|OTTHUMG00000002337.2|OTTHUMT00000006719.2|MTCO3P12-201|MTCO3P12|547|unprocessed_pseudogene|	515	TTTTA	80.66	1.63	0.00598	0.48	80.66	1.63	0.00598	-0.1725888324873097
ENST00000416718.2|ENSG00000198744.5|OTTHUMG00000002337.2|OTTHUMT00000006719.2|MTCO3P12-201|MTCO3P12|547|unprocessed_pseudogene|	516	TTTAC	91.05000000000001	3.6	0.0083	inf	91.05000000000001	3.6	0.0083	inf
ENST00000416718.2|ENSG00000198744.5|OTTHUMG00000002337.2|OTTHUMT00000006719.2|MTCO3P12-201|MTCO3P12|547|unprocessed_pseudogene|	525	CTACA	98.74	5.261	0.00664	6.04	98.74	5.261	0.00664	1.5052380952380953
